ISO-10303-21;
HEADER;
/* Generated by software containing ST-Developer
 * from STEP Tools, Inc. (www.steptools.com) 
 */

FILE_DESCRIPTION(
/* description */ (''),
/* implementation_level */ '2;1');

FILE_NAME(
/* name */ 'AQM CASE.step',
/* time_stamp */ '2026-07-04T13:08:51+02:00',
/* author */ (''),
/* organization */ (''),
/* preprocessor_version */ 'ST-DEVELOPER v20.1',
/* originating_system */ 'Autodesk Translation Framework v15.8.0.0',
/* authorisation */ '');

FILE_SCHEMA (('AUTOMOTIVE_DESIGN { 1 0 10303 214 3 1 1 }'));
ENDSEC;

DATA;
#10=MECHANICAL_DESIGN_GEOMETRIC_PRESENTATION_REPRESENTATION('',(#13),#8990);
#11=SHAPE_REPRESENTATION_RELATIONSHIP('SRR','None',#8997,#12);
#12=ADVANCED_BREP_SHAPE_REPRESENTATION('',(#14),#8989);
#13=STYLED_ITEM('',(#9006),#14);
#14=MANIFOLD_SOLID_BREP('K\X\F6rper1',#5645);
#15=FACE_BOUND('',#636,.T.);
#16=FACE_BOUND('',#637,.T.);
#17=FACE_BOUND('',#638,.T.);
#18=FACE_BOUND('',#639,.T.);
#19=FACE_BOUND('',#640,.T.);
#20=FACE_BOUND('',#641,.T.);
#21=FACE_BOUND('',#642,.T.);
#22=FACE_BOUND('',#643,.T.);
#23=FACE_BOUND('',#644,.T.);
#24=FACE_BOUND('',#645,.T.);
#25=FACE_BOUND('',#646,.T.);
#26=FACE_BOUND('',#647,.T.);
#27=FACE_BOUND('',#648,.T.);
#28=FACE_BOUND('',#649,.T.);
#29=FACE_BOUND('',#650,.T.);
#30=FACE_BOUND('',#651,.T.);
#31=FACE_BOUND('',#654,.T.);
#32=FACE_BOUND('',#655,.T.);
#33=FACE_BOUND('',#656,.T.);
#34=FACE_BOUND('',#657,.T.);
#35=FACE_BOUND('',#658,.T.);
#36=FACE_BOUND('',#659,.T.);
#37=FACE_BOUND('',#660,.T.);
#38=FACE_BOUND('',#661,.T.);
#39=FACE_BOUND('',#662,.T.);
#40=FACE_BOUND('',#663,.T.);
#41=FACE_BOUND('',#664,.T.);
#42=FACE_BOUND('',#665,.T.);
#43=FACE_BOUND('',#666,.T.);
#44=FACE_BOUND('',#667,.T.);
#45=FACE_BOUND('',#668,.T.);
#46=FACE_BOUND('',#669,.T.);
#47=FACE_BOUND('',#670,.T.);
#48=FACE_BOUND('',#677,.T.);
#49=FACE_BOUND('',#678,.T.);
#50=FACE_BOUND('',#699,.T.);
#51=FACE_BOUND('',#700,.T.);
#52=FACE_BOUND('',#701,.T.);
#53=FACE_BOUND('',#702,.T.);
#54=FACE_BOUND('',#703,.T.);
#55=FACE_BOUND('',#704,.T.);
#56=FACE_BOUND('',#705,.T.);
#57=FACE_BOUND('',#706,.T.);
#58=FACE_BOUND('',#898,.T.);
#59=FACE_BOUND('',#899,.T.);
#60=FACE_BOUND('',#900,.T.);
#61=FACE_BOUND('',#901,.T.);
#62=FACE_BOUND('',#902,.T.);
#63=FACE_BOUND('',#903,.T.);
#64=FACE_BOUND('',#904,.T.);
#65=FACE_BOUND('',#905,.T.);
#66=FACE_BOUND('',#906,.T.);
#67=FACE_BOUND('',#907,.T.);
#68=FACE_BOUND('',#908,.T.);
#69=FACE_BOUND('',#914,.T.);
#70=FACE_BOUND('',#925,.T.);
#71=FACE_BOUND('',#928,.T.);
#72=FACE_BOUND('',#931,.T.);
#73=FACE_BOUND('',#934,.T.);
#74=FACE_BOUND('',#941,.T.);
#75=FACE_BOUND('',#942,.T.);
#76=FACE_BOUND('',#943,.T.);
#77=FACE_BOUND('',#944,.T.);
#78=FACE_BOUND('',#945,.T.);
#79=FACE_BOUND('',#968,.T.);
#80=FACE_BOUND('',#969,.T.);
#81=FACE_BOUND('',#970,.T.);
#82=FACE_BOUND('',#971,.T.);
#83=FACE_BOUND('',#972,.T.);
#84=FACE_BOUND('',#973,.T.);
#85=FACE_BOUND('',#974,.T.);
#86=FACE_BOUND('',#975,.T.);
#87=FACE_BOUND('',#976,.T.);
#88=FACE_BOUND('',#977,.T.);
#89=FACE_BOUND('',#978,.T.);
#90=FACE_BOUND('',#979,.T.);
#91=FACE_BOUND('',#981,.T.);
#92=ELLIPSE('',#5674,4.78329081307197,4.);
#93=ELLIPSE('',#5678,4.6191723584769,4.);
#94=ELLIPSE('',#5680,4.78329081307197,4.);
#95=PLANE('',#5662);
#96=PLANE('',#5666);
#97=PLANE('',#5670);
#98=PLANE('',#5675);
#99=PLANE('',#5676);
#100=PLANE('',#5681);
#101=PLANE('',#5682);
#102=PLANE('',#5691);
#103=PLANE('',#5692);
#104=PLANE('',#5701);
#105=PLANE('',#5706);
#106=PLANE('',#5710);
#107=PLANE('',#5714);
#108=PLANE('',#5718);
#109=PLANE('',#5721);
#110=PLANE('',#5724);
#111=PLANE('',#5726);
#112=PLANE('',#5728);
#113=PLANE('',#5730);
#114=PLANE('',#5732);
#115=PLANE('',#5733);
#116=PLANE('',#5734);
#117=PLANE('',#5739);
#118=PLANE('',#5740);
#119=PLANE('',#5741);
#120=PLANE('',#5742);
#121=PLANE('',#5743);
#122=PLANE('',#5744);
#123=PLANE('',#5745);
#124=PLANE('',#5746);
#125=PLANE('',#5747);
#126=PLANE('',#5748);
#127=PLANE('',#5749);
#128=PLANE('',#5750);
#129=PLANE('',#5751);
#130=PLANE('',#5752);
#131=PLANE('',#5753);
#132=PLANE('',#5754);
#133=PLANE('',#5755);
#134=PLANE('',#5756);
#135=PLANE('',#5757);
#136=PLANE('',#5758);
#137=PLANE('',#5759);
#138=PLANE('',#5760);
#139=PLANE('',#5761);
#140=PLANE('',#5762);
#141=PLANE('',#5763);
#142=PLANE('',#5764);
#143=PLANE('',#5765);
#144=PLANE('',#5766);
#145=PLANE('',#5767);
#146=PLANE('',#5768);
#147=PLANE('',#5769);
#148=PLANE('',#5770);
#149=PLANE('',#5771);
#150=PLANE('',#5772);
#151=PLANE('',#5773);
#152=PLANE('',#5774);
#153=PLANE('',#5775);
#154=PLANE('',#5776);
#155=PLANE('',#5777);
#156=PLANE('',#5778);
#157=PLANE('',#5779);
#158=PLANE('',#5780);
#159=PLANE('',#5781);
#160=PLANE('',#5782);
#161=PLANE('',#5783);
#162=PLANE('',#5784);
#163=PLANE('',#5785);
#164=PLANE('',#5786);
#165=PLANE('',#5787);
#166=PLANE('',#5788);
#167=PLANE('',#5789);
#168=PLANE('',#5790);
#169=PLANE('',#5791);
#170=PLANE('',#5792);
#171=PLANE('',#5793);
#172=PLANE('',#5794);
#173=PLANE('',#5795);
#174=PLANE('',#5796);
#175=PLANE('',#5797);
#176=PLANE('',#5798);
#177=PLANE('',#5799);
#178=PLANE('',#5800);
#179=PLANE('',#5801);
#180=PLANE('',#5802);
#181=PLANE('',#5803);
#182=PLANE('',#5804);
#183=PLANE('',#5805);
#184=PLANE('',#5806);
#185=PLANE('',#5807);
#186=PLANE('',#5808);
#187=PLANE('',#5809);
#188=PLANE('',#5810);
#189=PLANE('',#5811);
#190=PLANE('',#5812);
#191=PLANE('',#5813);
#192=PLANE('',#5814);
#193=PLANE('',#5815);
#194=PLANE('',#5816);
#195=PLANE('',#5817);
#196=PLANE('',#5818);
#197=PLANE('',#5819);
#198=PLANE('',#5820);
#199=PLANE('',#5821);
#200=PLANE('',#5822);
#201=PLANE('',#5823);
#202=PLANE('',#5824);
#203=PLANE('',#5825);
#204=PLANE('',#5826);
#205=PLANE('',#5827);
#206=PLANE('',#5828);
#207=PLANE('',#5829);
#208=PLANE('',#5830);
#209=PLANE('',#5831);
#210=PLANE('',#5832);
#211=PLANE('',#5833);
#212=PLANE('',#5834);
#213=PLANE('',#5835);
#214=PLANE('',#5836);
#215=PLANE('',#5837);
#216=PLANE('',#5838);
#217=PLANE('',#5839);
#218=PLANE('',#5840);
#219=PLANE('',#5841);
#220=PLANE('',#5842);
#221=PLANE('',#5843);
#222=PLANE('',#5844);
#223=PLANE('',#5845);
#224=PLANE('',#5846);
#225=PLANE('',#5847);
#226=PLANE('',#5848);
#227=PLANE('',#5849);
#228=PLANE('',#5850);
#229=PLANE('',#5851);
#230=PLANE('',#5852);
#231=PLANE('',#5853);
#232=PLANE('',#5854);
#233=PLANE('',#5855);
#234=PLANE('',#5856);
#235=PLANE('',#5857);
#236=PLANE('',#5858);
#237=PLANE('',#5859);
#238=PLANE('',#5860);
#239=PLANE('',#5861);
#240=PLANE('',#5862);
#241=PLANE('',#5863);
#242=PLANE('',#5864);
#243=PLANE('',#5865);
#244=PLANE('',#5866);
#245=PLANE('',#5867);
#246=PLANE('',#5868);
#247=PLANE('',#5869);
#248=PLANE('',#5870);
#249=PLANE('',#5871);
#250=PLANE('',#5872);
#251=PLANE('',#5873);
#252=PLANE('',#5874);
#253=PLANE('',#5875);
#254=PLANE('',#5876);
#255=PLANE('',#5877);
#256=PLANE('',#5878);
#257=PLANE('',#5879);
#258=PLANE('',#5880);
#259=PLANE('',#5881);
#260=PLANE('',#5882);
#261=PLANE('',#5883);
#262=PLANE('',#5884);
#263=PLANE('',#5885);
#264=PLANE('',#5886);
#265=PLANE('',#5887);
#266=PLANE('',#5888);
#267=PLANE('',#5889);
#268=PLANE('',#5890);
#269=PLANE('',#5891);
#270=PLANE('',#5892);
#271=PLANE('',#5893);
#272=PLANE('',#5894);
#273=PLANE('',#5895);
#274=PLANE('',#5896);
#275=PLANE('',#5897);
#276=PLANE('',#5898);
#277=PLANE('',#5899);
#278=PLANE('',#5900);
#279=PLANE('',#5901);
#280=PLANE('',#5902);
#281=PLANE('',#5903);
#282=PLANE('',#5904);
#283=PLANE('',#5905);
#284=PLANE('',#5906);
#285=PLANE('',#5907);
#286=PLANE('',#5908);
#287=PLANE('',#5909);
#288=PLANE('',#5910);
#289=PLANE('',#5911);
#290=PLANE('',#5912);
#291=PLANE('',#5913);
#292=PLANE('',#5914);
#293=PLANE('',#5915);
#294=PLANE('',#5916);
#295=PLANE('',#5917);
#296=PLANE('',#5918);
#297=PLANE('',#5919);
#298=PLANE('',#5920);
#299=PLANE('',#5921);
#300=PLANE('',#5922);
#301=PLANE('',#5923);
#302=PLANE('',#5924);
#303=PLANE('',#5925);
#304=PLANE('',#5926);
#305=PLANE('',#5927);
#306=PLANE('',#5928);
#307=PLANE('',#5929);
#308=PLANE('',#5930);
#309=PLANE('',#5931);
#310=PLANE('',#5935);
#311=PLANE('',#5936);
#312=PLANE('',#5940);
#313=PLANE('',#5944);
#314=PLANE('',#5948);
#315=PLANE('',#5952);
#316=PLANE('',#5955);
#317=PLANE('',#5958);
#318=PLANE('',#5961);
#319=PLANE('',#5964);
#320=PLANE('',#5965);
#321=PLANE('',#5966);
#322=PLANE('',#5967);
#323=PLANE('',#5968);
#324=PLANE('',#5969);
#325=PLANE('',#5970);
#326=PLANE('',#5975);
#327=PLANE('',#5976);
#328=PLANE('',#5979);
#329=PLANE('',#5982);
#330=PLANE('',#5985);
#331=PLANE('',#5988);
#332=PLANE('',#5989);
#333=PLANE('',#5990);
#334=PLANE('',#5991);
#335=PLANE('',#5992);
#336=PLANE('',#5993);
#337=PLANE('',#5994);
#338=PLANE('',#5995);
#339=PLANE('',#5996);
#340=PLANE('',#5997);
#341=PLANE('',#5998);
#342=PLANE('',#5999);
#343=PLANE('',#6000);
#344=PLANE('',#6001);
#345=FACE_OUTER_BOUND('',#625,.T.);
#346=FACE_OUTER_BOUND('',#626,.T.);
#347=FACE_OUTER_BOUND('',#627,.T.);
#348=FACE_OUTER_BOUND('',#628,.T.);
#349=FACE_OUTER_BOUND('',#629,.T.);
#350=FACE_OUTER_BOUND('',#630,.T.);
#351=FACE_OUTER_BOUND('',#631,.T.);
#352=FACE_OUTER_BOUND('',#632,.T.);
#353=FACE_OUTER_BOUND('',#633,.T.);
#354=FACE_OUTER_BOUND('',#634,.T.);
#355=FACE_OUTER_BOUND('',#635,.T.);
#356=FACE_OUTER_BOUND('',#652,.T.);
#357=FACE_OUTER_BOUND('',#653,.T.);
#358=FACE_OUTER_BOUND('',#671,.T.);
#359=FACE_OUTER_BOUND('',#672,.T.);
#360=FACE_OUTER_BOUND('',#673,.T.);
#361=FACE_OUTER_BOUND('',#674,.T.);
#362=FACE_OUTER_BOUND('',#675,.T.);
#363=FACE_OUTER_BOUND('',#676,.T.);
#364=FACE_OUTER_BOUND('',#679,.T.);
#365=FACE_OUTER_BOUND('',#680,.T.);
#366=FACE_OUTER_BOUND('',#681,.T.);
#367=FACE_OUTER_BOUND('',#682,.T.);
#368=FACE_OUTER_BOUND('',#683,.T.);
#369=FACE_OUTER_BOUND('',#684,.T.);
#370=FACE_OUTER_BOUND('',#685,.T.);
#371=FACE_OUTER_BOUND('',#686,.T.);
#372=FACE_OUTER_BOUND('',#687,.T.);
#373=FACE_OUTER_BOUND('',#688,.T.);
#374=FACE_OUTER_BOUND('',#689,.T.);
#375=FACE_OUTER_BOUND('',#690,.T.);
#376=FACE_OUTER_BOUND('',#691,.T.);
#377=FACE_OUTER_BOUND('',#692,.T.);
#378=FACE_OUTER_BOUND('',#693,.T.);
#379=FACE_OUTER_BOUND('',#694,.T.);
#380=FACE_OUTER_BOUND('',#695,.T.);
#381=FACE_OUTER_BOUND('',#696,.T.);
#382=FACE_OUTER_BOUND('',#697,.T.);
#383=FACE_OUTER_BOUND('',#698,.T.);
#384=FACE_OUTER_BOUND('',#707,.T.);
#385=FACE_OUTER_BOUND('',#708,.T.);
#386=FACE_OUTER_BOUND('',#709,.T.);
#387=FACE_OUTER_BOUND('',#710,.T.);
#388=FACE_OUTER_BOUND('',#711,.T.);
#389=FACE_OUTER_BOUND('',#712,.T.);
#390=FACE_OUTER_BOUND('',#713,.T.);
#391=FACE_OUTER_BOUND('',#714,.T.);
#392=FACE_OUTER_BOUND('',#715,.T.);
#393=FACE_OUTER_BOUND('',#716,.T.);
#394=FACE_OUTER_BOUND('',#717,.T.);
#395=FACE_OUTER_BOUND('',#718,.T.);
#396=FACE_OUTER_BOUND('',#719,.T.);
#397=FACE_OUTER_BOUND('',#720,.T.);
#398=FACE_OUTER_BOUND('',#721,.T.);
#399=FACE_OUTER_BOUND('',#722,.T.);
#400=FACE_OUTER_BOUND('',#723,.T.);
#401=FACE_OUTER_BOUND('',#724,.T.);
#402=FACE_OUTER_BOUND('',#725,.T.);
#403=FACE_OUTER_BOUND('',#726,.T.);
#404=FACE_OUTER_BOUND('',#727,.T.);
#405=FACE_OUTER_BOUND('',#728,.T.);
#406=FACE_OUTER_BOUND('',#729,.T.);
#407=FACE_OUTER_BOUND('',#730,.T.);
#408=FACE_OUTER_BOUND('',#731,.T.);
#409=FACE_OUTER_BOUND('',#732,.T.);
#410=FACE_OUTER_BOUND('',#733,.T.);
#411=FACE_OUTER_BOUND('',#734,.T.);
#412=FACE_OUTER_BOUND('',#735,.T.);
#413=FACE_OUTER_BOUND('',#736,.T.);
#414=FACE_OUTER_BOUND('',#737,.T.);
#415=FACE_OUTER_BOUND('',#738,.T.);
#416=FACE_OUTER_BOUND('',#739,.T.);
#417=FACE_OUTER_BOUND('',#740,.T.);
#418=FACE_OUTER_BOUND('',#741,.T.);
#419=FACE_OUTER_BOUND('',#742,.T.);
#420=FACE_OUTER_BOUND('',#743,.T.);
#421=FACE_OUTER_BOUND('',#744,.T.);
#422=FACE_OUTER_BOUND('',#745,.T.);
#423=FACE_OUTER_BOUND('',#746,.T.);
#424=FACE_OUTER_BOUND('',#747,.T.);
#425=FACE_OUTER_BOUND('',#748,.T.);
#426=FACE_OUTER_BOUND('',#749,.T.);
#427=FACE_OUTER_BOUND('',#750,.T.);
#428=FACE_OUTER_BOUND('',#751,.T.);
#429=FACE_OUTER_BOUND('',#752,.T.);
#430=FACE_OUTER_BOUND('',#753,.T.);
#431=FACE_OUTER_BOUND('',#754,.T.);
#432=FACE_OUTER_BOUND('',#755,.T.);
#433=FACE_OUTER_BOUND('',#756,.T.);
#434=FACE_OUTER_BOUND('',#757,.T.);
#435=FACE_OUTER_BOUND('',#758,.T.);
#436=FACE_OUTER_BOUND('',#759,.T.);
#437=FACE_OUTER_BOUND('',#760,.T.);
#438=FACE_OUTER_BOUND('',#761,.T.);
#439=FACE_OUTER_BOUND('',#762,.T.);
#440=FACE_OUTER_BOUND('',#763,.T.);
#441=FACE_OUTER_BOUND('',#764,.T.);
#442=FACE_OUTER_BOUND('',#765,.T.);
#443=FACE_OUTER_BOUND('',#766,.T.);
#444=FACE_OUTER_BOUND('',#767,.T.);
#445=FACE_OUTER_BOUND('',#768,.T.);
#446=FACE_OUTER_BOUND('',#769,.T.);
#447=FACE_OUTER_BOUND('',#770,.T.);
#448=FACE_OUTER_BOUND('',#771,.T.);
#449=FACE_OUTER_BOUND('',#772,.T.);
#450=FACE_OUTER_BOUND('',#773,.T.);
#451=FACE_OUTER_BOUND('',#774,.T.);
#452=FACE_OUTER_BOUND('',#775,.T.);
#453=FACE_OUTER_BOUND('',#776,.T.);
#454=FACE_OUTER_BOUND('',#777,.T.);
#455=FACE_OUTER_BOUND('',#778,.T.);
#456=FACE_OUTER_BOUND('',#779,.T.);
#457=FACE_OUTER_BOUND('',#780,.T.);
#458=FACE_OUTER_BOUND('',#781,.T.);
#459=FACE_OUTER_BOUND('',#782,.T.);
#460=FACE_OUTER_BOUND('',#783,.T.);
#461=FACE_OUTER_BOUND('',#784,.T.);
#462=FACE_OUTER_BOUND('',#785,.T.);
#463=FACE_OUTER_BOUND('',#786,.T.);
#464=FACE_OUTER_BOUND('',#787,.T.);
#465=FACE_OUTER_BOUND('',#788,.T.);
#466=FACE_OUTER_BOUND('',#789,.T.);
#467=FACE_OUTER_BOUND('',#790,.T.);
#468=FACE_OUTER_BOUND('',#791,.T.);
#469=FACE_OUTER_BOUND('',#792,.T.);
#470=FACE_OUTER_BOUND('',#793,.T.);
#471=FACE_OUTER_BOUND('',#794,.T.);
#472=FACE_OUTER_BOUND('',#795,.T.);
#473=FACE_OUTER_BOUND('',#796,.T.);
#474=FACE_OUTER_BOUND('',#797,.T.);
#475=FACE_OUTER_BOUND('',#798,.T.);
#476=FACE_OUTER_BOUND('',#799,.T.);
#477=FACE_OUTER_BOUND('',#800,.T.);
#478=FACE_OUTER_BOUND('',#801,.T.);
#479=FACE_OUTER_BOUND('',#802,.T.);
#480=FACE_OUTER_BOUND('',#803,.T.);
#481=FACE_OUTER_BOUND('',#804,.T.);
#482=FACE_OUTER_BOUND('',#805,.T.);
#483=FACE_OUTER_BOUND('',#806,.T.);
#484=FACE_OUTER_BOUND('',#807,.T.);
#485=FACE_OUTER_BOUND('',#808,.T.);
#486=FACE_OUTER_BOUND('',#809,.T.);
#487=FACE_OUTER_BOUND('',#810,.T.);
#488=FACE_OUTER_BOUND('',#811,.T.);
#489=FACE_OUTER_BOUND('',#812,.T.);
#490=FACE_OUTER_BOUND('',#813,.T.);
#491=FACE_OUTER_BOUND('',#814,.T.);
#492=FACE_OUTER_BOUND('',#815,.T.);
#493=FACE_OUTER_BOUND('',#816,.T.);
#494=FACE_OUTER_BOUND('',#817,.T.);
#495=FACE_OUTER_BOUND('',#818,.T.);
#496=FACE_OUTER_BOUND('',#819,.T.);
#497=FACE_OUTER_BOUND('',#820,.T.);
#498=FACE_OUTER_BOUND('',#821,.T.);
#499=FACE_OUTER_BOUND('',#822,.T.);
#500=FACE_OUTER_BOUND('',#823,.T.);
#501=FACE_OUTER_BOUND('',#824,.T.);
#502=FACE_OUTER_BOUND('',#825,.T.);
#503=FACE_OUTER_BOUND('',#826,.T.);
#504=FACE_OUTER_BOUND('',#827,.T.);
#505=FACE_OUTER_BOUND('',#828,.T.);
#506=FACE_OUTER_BOUND('',#829,.T.);
#507=FACE_OUTER_BOUND('',#830,.T.);
#508=FACE_OUTER_BOUND('',#831,.T.);
#509=FACE_OUTER_BOUND('',#832,.T.);
#510=FACE_OUTER_BOUND('',#833,.T.);
#511=FACE_OUTER_BOUND('',#834,.T.);
#512=FACE_OUTER_BOUND('',#835,.T.);
#513=FACE_OUTER_BOUND('',#836,.T.);
#514=FACE_OUTER_BOUND('',#837,.T.);
#515=FACE_OUTER_BOUND('',#838,.T.);
#516=FACE_OUTER_BOUND('',#839,.T.);
#517=FACE_OUTER_BOUND('',#840,.T.);
#518=FACE_OUTER_BOUND('',#841,.T.);
#519=FACE_OUTER_BOUND('',#842,.T.);
#520=FACE_OUTER_BOUND('',#843,.T.);
#521=FACE_OUTER_BOUND('',#844,.T.);
#522=FACE_OUTER_BOUND('',#845,.T.);
#523=FACE_OUTER_BOUND('',#846,.T.);
#524=FACE_OUTER_BOUND('',#847,.T.);
#525=FACE_OUTER_BOUND('',#848,.T.);
#526=FACE_OUTER_BOUND('',#849,.T.);
#527=FACE_OUTER_BOUND('',#850,.T.);
#528=FACE_OUTER_BOUND('',#851,.T.);
#529=FACE_OUTER_BOUND('',#852,.T.);
#530=FACE_OUTER_BOUND('',#853,.T.);
#531=FACE_OUTER_BOUND('',#854,.T.);
#532=FACE_OUTER_BOUND('',#855,.T.);
#533=FACE_OUTER_BOUND('',#856,.T.);
#534=FACE_OUTER_BOUND('',#857,.T.);
#535=FACE_OUTER_BOUND('',#858,.T.);
#536=FACE_OUTER_BOUND('',#859,.T.);
#537=FACE_OUTER_BOUND('',#860,.T.);
#538=FACE_OUTER_BOUND('',#861,.T.);
#539=FACE_OUTER_BOUND('',#862,.T.);
#540=FACE_OUTER_BOUND('',#863,.T.);
#541=FACE_OUTER_BOUND('',#864,.T.);
#542=FACE_OUTER_BOUND('',#865,.T.);
#543=FACE_OUTER_BOUND('',#866,.T.);
#544=FACE_OUTER_BOUND('',#867,.T.);
#545=FACE_OUTER_BOUND('',#868,.T.);
#546=FACE_OUTER_BOUND('',#869,.T.);
#547=FACE_OUTER_BOUND('',#870,.T.);
#548=FACE_OUTER_BOUND('',#871,.T.);
#549=FACE_OUTER_BOUND('',#872,.T.);
#550=FACE_OUTER_BOUND('',#873,.T.);
#551=FACE_OUTER_BOUND('',#874,.T.);
#552=FACE_OUTER_BOUND('',#875,.T.);
#553=FACE_OUTER_BOUND('',#876,.T.);
#554=FACE_OUTER_BOUND('',#877,.T.);
#555=FACE_OUTER_BOUND('',#878,.T.);
#556=FACE_OUTER_BOUND('',#879,.T.);
#557=FACE_OUTER_BOUND('',#880,.T.);
#558=FACE_OUTER_BOUND('',#881,.T.);
#559=FACE_OUTER_BOUND('',#882,.T.);
#560=FACE_OUTER_BOUND('',#883,.T.);
#561=FACE_OUTER_BOUND('',#884,.T.);
#562=FACE_OUTER_BOUND('',#885,.T.);
#563=FACE_OUTER_BOUND('',#886,.T.);
#564=FACE_OUTER_BOUND('',#887,.T.);
#565=FACE_OUTER_BOUND('',#888,.T.);
#566=FACE_OUTER_BOUND('',#889,.T.);
#567=FACE_OUTER_BOUND('',#890,.T.);
#568=FACE_OUTER_BOUND('',#891,.T.);
#569=FACE_OUTER_BOUND('',#892,.T.);
#570=FACE_OUTER_BOUND('',#893,.T.);
#571=FACE_OUTER_BOUND('',#894,.T.);
#572=FACE_OUTER_BOUND('',#895,.T.);
#573=FACE_OUTER_BOUND('',#896,.T.);
#574=FACE_OUTER_BOUND('',#897,.T.);
#575=FACE_OUTER_BOUND('',#909,.T.);
#576=FACE_OUTER_BOUND('',#910,.T.);
#577=FACE_OUTER_BOUND('',#911,.T.);
#578=FACE_OUTER_BOUND('',#912,.T.);
#579=FACE_OUTER_BOUND('',#913,.T.);
#580=FACE_OUTER_BOUND('',#915,.T.);
#581=FACE_OUTER_BOUND('',#916,.T.);
#582=FACE_OUTER_BOUND('',#917,.T.);
#583=FACE_OUTER_BOUND('',#918,.T.);
#584=FACE_OUTER_BOUND('',#919,.T.);
#585=FACE_OUTER_BOUND('',#920,.T.);
#586=FACE_OUTER_BOUND('',#921,.T.);
#587=FACE_OUTER_BOUND('',#922,.T.);
#588=FACE_OUTER_BOUND('',#923,.T.);
#589=FACE_OUTER_BOUND('',#924,.T.);
#590=FACE_OUTER_BOUND('',#926,.T.);
#591=FACE_OUTER_BOUND('',#927,.T.);
#592=FACE_OUTER_BOUND('',#929,.T.);
#593=FACE_OUTER_BOUND('',#930,.T.);
#594=FACE_OUTER_BOUND('',#932,.T.);
#595=FACE_OUTER_BOUND('',#933,.T.);
#596=FACE_OUTER_BOUND('',#935,.T.);
#597=FACE_OUTER_BOUND('',#936,.T.);
#598=FACE_OUTER_BOUND('',#937,.T.);
#599=FACE_OUTER_BOUND('',#938,.T.);
#600=FACE_OUTER_BOUND('',#939,.T.);
#601=FACE_OUTER_BOUND('',#940,.T.);
#602=FACE_OUTER_BOUND('',#946,.T.);
#603=FACE_OUTER_BOUND('',#947,.T.);
#604=FACE_OUTER_BOUND('',#948,.T.);
#605=FACE_OUTER_BOUND('',#949,.T.);
#606=FACE_OUTER_BOUND('',#950,.T.);
#607=FACE_OUTER_BOUND('',#951,.T.);
#608=FACE_OUTER_BOUND('',#952,.T.);
#609=FACE_OUTER_BOUND('',#953,.T.);
#610=FACE_OUTER_BOUND('',#954,.T.);
#611=FACE_OUTER_BOUND('',#955,.T.);
#612=FACE_OUTER_BOUND('',#956,.T.);
#613=FACE_OUTER_BOUND('',#957,.T.);
#614=FACE_OUTER_BOUND('',#958,.T.);
#615=FACE_OUTER_BOUND('',#959,.T.);
#616=FACE_OUTER_BOUND('',#960,.T.);
#617=FACE_OUTER_BOUND('',#961,.T.);
#618=FACE_OUTER_BOUND('',#962,.T.);
#619=FACE_OUTER_BOUND('',#963,.T.);
#620=FACE_OUTER_BOUND('',#964,.T.);
#621=FACE_OUTER_BOUND('',#965,.T.);
#622=FACE_OUTER_BOUND('',#966,.T.);
#623=FACE_OUTER_BOUND('',#967,.T.);
#624=FACE_OUTER_BOUND('',#980,.T.);
#625=EDGE_LOOP('',(#3775,#3776,#3777,#3778));
#626=EDGE_LOOP('',(#3779,#3780,#3781,#3782,#3783,#3784,#3785,#3786));
#627=EDGE_LOOP('',(#3787,#3788,#3789,#3790,#3791));
#628=EDGE_LOOP('',(#3792,#3793,#3794,#3795,#3796));
#629=EDGE_LOOP('',(#3797,#3798,#3799,#3800,#3801,#3802,#3803));
#630=EDGE_LOOP('',(#3804,#3805,#3806,#3807,#3808,#3809));
#631=EDGE_LOOP('',(#3810,#3811,#3812,#3813,#3814,#3815));
#632=EDGE_LOOP('',(#3816,#3817,#3818,#3819,#3820,#3821,#3822));
#633=EDGE_LOOP('',(#3823,#3824,#3825,#3826,#3827,#3828,#3829,#3830,#3831));
#634=EDGE_LOOP('',(#3832,#3833,#3834,#3835,#3836));
#635=EDGE_LOOP('',(#3837,#3838,#3839,#3840,#3841,#3842,#3843,#3844,#3845,
#3846,#3847,#3848,#3849));
#636=EDGE_LOOP('',(#3850,#3851,#3852,#3853,#3854,#3855));
#637=EDGE_LOOP('',(#3856,#3857,#3858,#3859,#3860,#3861));
#638=EDGE_LOOP('',(#3862,#3863,#3864,#3865,#3866,#3867));
#639=EDGE_LOOP('',(#3868,#3869,#3870,#3871,#3872,#3873));
#640=EDGE_LOOP('',(#3874,#3875,#3876,#3877,#3878,#3879));
#641=EDGE_LOOP('',(#3880,#3881,#3882,#3883,#3884,#3885));
#642=EDGE_LOOP('',(#3886,#3887,#3888,#3889,#3890,#3891));
#643=EDGE_LOOP('',(#3892,#3893,#3894,#3895,#3896,#3897));
#644=EDGE_LOOP('',(#3898,#3899,#3900,#3901,#3902,#3903));
#645=EDGE_LOOP('',(#3904,#3905,#3906,#3907,#3908,#3909));
#646=EDGE_LOOP('',(#3910,#3911,#3912,#3913,#3914,#3915));
#647=EDGE_LOOP('',(#3916,#3917,#3918,#3919,#3920,#3921));
#648=EDGE_LOOP('',(#3922,#3923,#3924,#3925,#3926,#3927));
#649=EDGE_LOOP('',(#3928,#3929,#3930,#3931,#3932,#3933));
#650=EDGE_LOOP('',(#3934,#3935,#3936,#3937,#3938,#3939));
#651=EDGE_LOOP('',(#3940,#3941,#3942,#3943,#3944,#3945,#3946,#3947));
#652=EDGE_LOOP('',(#3948,#3949,#3950,#3951));
#653=EDGE_LOOP('',(#3952,#3953,#3954,#3955,#3956,#3957));
#654=EDGE_LOOP('',(#3958,#3959,#3960,#3961,#3962,#3963,#3964,#3965));
#655=EDGE_LOOP('',(#3966,#3967,#3968,#3969,#3970,#3971));
#656=EDGE_LOOP('',(#3972,#3973,#3974,#3975,#3976,#3977));
#657=EDGE_LOOP('',(#3978,#3979,#3980,#3981,#3982,#3983));
#658=EDGE_LOOP('',(#3984,#3985,#3986,#3987,#3988,#3989));
#659=EDGE_LOOP('',(#3990,#3991,#3992,#3993,#3994,#3995));
#660=EDGE_LOOP('',(#3996,#3997,#3998,#3999,#4000,#4001));
#661=EDGE_LOOP('',(#4002,#4003,#4004,#4005,#4006,#4007));
#662=EDGE_LOOP('',(#4008,#4009,#4010,#4011,#4012,#4013));
#663=EDGE_LOOP('',(#4014,#4015,#4016,#4017,#4018,#4019));
#664=EDGE_LOOP('',(#4020,#4021,#4022,#4023,#4024,#4025));
#665=EDGE_LOOP('',(#4026,#4027,#4028,#4029,#4030,#4031));
#666=EDGE_LOOP('',(#4032,#4033,#4034,#4035,#4036,#4037));
#667=EDGE_LOOP('',(#4038,#4039,#4040,#4041,#4042,#4043));
#668=EDGE_LOOP('',(#4044,#4045,#4046,#4047,#4048,#4049));
#669=EDGE_LOOP('',(#4050,#4051,#4052,#4053,#4054,#4055));
#670=EDGE_LOOP('',(#4056,#4057,#4058,#4059,#4060,#4061));
#671=EDGE_LOOP('',(#4062,#4063,#4064,#4065,#4066,#4067));
#672=EDGE_LOOP('',(#4068,#4069,#4070,#4071));
#673=EDGE_LOOP('',(#4072,#4073,#4074,#4075));
#674=EDGE_LOOP('',(#4076,#4077,#4078,#4079));
#675=EDGE_LOOP('',(#4080,#4081,#4082,#4083));
#676=EDGE_LOOP('',(#4084,#4085,#4086,#4087,#4088,#4089,#4090,#4091,#4092,
#4093,#4094,#4095,#4096));
#677=EDGE_LOOP('',(#4097,#4098,#4099,#4100,#4101,#4102,#4103));
#678=EDGE_LOOP('',(#4104,#4105,#4106,#4107));
#679=EDGE_LOOP('',(#4108,#4109,#4110,#4111));
#680=EDGE_LOOP('',(#4112,#4113,#4114,#4115));
#681=EDGE_LOOP('',(#4116,#4117,#4118,#4119));
#682=EDGE_LOOP('',(#4120,#4121,#4122,#4123));
#683=EDGE_LOOP('',(#4124,#4125,#4126,#4127));
#684=EDGE_LOOP('',(#4128,#4129,#4130,#4131));
#685=EDGE_LOOP('',(#4132,#4133,#4134,#4135));
#686=EDGE_LOOP('',(#4136,#4137,#4138,#4139));
#687=EDGE_LOOP('',(#4140,#4141,#4142,#4143));
#688=EDGE_LOOP('',(#4144,#4145,#4146,#4147));
#689=EDGE_LOOP('',(#4148,#4149,#4150,#4151));
#690=EDGE_LOOP('',(#4152,#4153,#4154,#4155));
#691=EDGE_LOOP('',(#4156,#4157,#4158,#4159));
#692=EDGE_LOOP('',(#4160,#4161,#4162,#4163));
#693=EDGE_LOOP('',(#4164,#4165,#4166,#4167));
#694=EDGE_LOOP('',(#4168,#4169,#4170,#4171));
#695=EDGE_LOOP('',(#4172,#4173,#4174,#4175));
#696=EDGE_LOOP('',(#4176,#4177,#4178,#4179));
#697=EDGE_LOOP('',(#4180,#4181,#4182,#4183));
#698=EDGE_LOOP('',(#4184,#4185,#4186,#4187,#4188,#4189,#4190,#4191));
#699=EDGE_LOOP('',(#4192,#4193,#4194,#4195));
#700=EDGE_LOOP('',(#4196,#4197,#4198,#4199));
#701=EDGE_LOOP('',(#4200,#4201,#4202,#4203));
#702=EDGE_LOOP('',(#4204,#4205,#4206,#4207));
#703=EDGE_LOOP('',(#4208));
#704=EDGE_LOOP('',(#4209));
#705=EDGE_LOOP('',(#4210));
#706=EDGE_LOOP('',(#4211));
#707=EDGE_LOOP('',(#4212,#4213,#4214,#4215));
#708=EDGE_LOOP('',(#4216,#4217,#4218,#4219));
#709=EDGE_LOOP('',(#4220,#4221,#4222,#4223));
#710=EDGE_LOOP('',(#4224,#4225,#4226,#4227));
#711=EDGE_LOOP('',(#4228,#4229,#4230,#4231));
#712=EDGE_LOOP('',(#4232,#4233,#4234,#4235));
#713=EDGE_LOOP('',(#4236,#4237,#4238,#4239));
#714=EDGE_LOOP('',(#4240,#4241,#4242,#4243));
#715=EDGE_LOOP('',(#4244,#4245,#4246,#4247));
#716=EDGE_LOOP('',(#4248,#4249,#4250,#4251));
#717=EDGE_LOOP('',(#4252,#4253,#4254,#4255));
#718=EDGE_LOOP('',(#4256,#4257,#4258,#4259));
#719=EDGE_LOOP('',(#4260,#4261,#4262,#4263));
#720=EDGE_LOOP('',(#4264,#4265,#4266,#4267));
#721=EDGE_LOOP('',(#4268,#4269,#4270,#4271));
#722=EDGE_LOOP('',(#4272,#4273,#4274,#4275));
#723=EDGE_LOOP('',(#4276,#4277,#4278,#4279));
#724=EDGE_LOOP('',(#4280,#4281,#4282,#4283));
#725=EDGE_LOOP('',(#4284,#4285,#4286,#4287));
#726=EDGE_LOOP('',(#4288,#4289,#4290,#4291));
#727=EDGE_LOOP('',(#4292,#4293,#4294,#4295));
#728=EDGE_LOOP('',(#4296,#4297,#4298,#4299));
#729=EDGE_LOOP('',(#4300,#4301,#4302,#4303));
#730=EDGE_LOOP('',(#4304,#4305,#4306,#4307));
#731=EDGE_LOOP('',(#4308,#4309,#4310,#4311));
#732=EDGE_LOOP('',(#4312,#4313,#4314,#4315));
#733=EDGE_LOOP('',(#4316,#4317,#4318,#4319));
#734=EDGE_LOOP('',(#4320,#4321,#4322,#4323));
#735=EDGE_LOOP('',(#4324,#4325,#4326,#4327));
#736=EDGE_LOOP('',(#4328,#4329,#4330,#4331));
#737=EDGE_LOOP('',(#4332,#4333,#4334,#4335));
#738=EDGE_LOOP('',(#4336,#4337,#4338,#4339));
#739=EDGE_LOOP('',(#4340,#4341,#4342,#4343));
#740=EDGE_LOOP('',(#4344,#4345,#4346,#4347));
#741=EDGE_LOOP('',(#4348,#4349,#4350,#4351));
#742=EDGE_LOOP('',(#4352,#4353,#4354,#4355));
#743=EDGE_LOOP('',(#4356,#4357,#4358,#4359));
#744=EDGE_LOOP('',(#4360,#4361,#4362,#4363));
#745=EDGE_LOOP('',(#4364,#4365,#4366,#4367));
#746=EDGE_LOOP('',(#4368,#4369,#4370,#4371));
#747=EDGE_LOOP('',(#4372,#4373,#4374,#4375));
#748=EDGE_LOOP('',(#4376,#4377,#4378,#4379));
#749=EDGE_LOOP('',(#4380,#4381,#4382,#4383));
#750=EDGE_LOOP('',(#4384,#4385,#4386,#4387));
#751=EDGE_LOOP('',(#4388,#4389,#4390,#4391));
#752=EDGE_LOOP('',(#4392,#4393,#4394,#4395));
#753=EDGE_LOOP('',(#4396,#4397,#4398,#4399));
#754=EDGE_LOOP('',(#4400,#4401,#4402,#4403));
#755=EDGE_LOOP('',(#4404,#4405,#4406,#4407));
#756=EDGE_LOOP('',(#4408,#4409,#4410,#4411));
#757=EDGE_LOOP('',(#4412,#4413,#4414,#4415));
#758=EDGE_LOOP('',(#4416,#4417,#4418,#4419));
#759=EDGE_LOOP('',(#4420,#4421,#4422,#4423));
#760=EDGE_LOOP('',(#4424,#4425,#4426,#4427));
#761=EDGE_LOOP('',(#4428,#4429,#4430,#4431));
#762=EDGE_LOOP('',(#4432,#4433,#4434,#4435));
#763=EDGE_LOOP('',(#4436,#4437,#4438,#4439));
#764=EDGE_LOOP('',(#4440,#4441,#4442,#4443));
#765=EDGE_LOOP('',(#4444,#4445,#4446,#4447));
#766=EDGE_LOOP('',(#4448,#4449,#4450,#4451));
#767=EDGE_LOOP('',(#4452,#4453,#4454,#4455));
#768=EDGE_LOOP('',(#4456,#4457,#4458,#4459));
#769=EDGE_LOOP('',(#4460,#4461,#4462,#4463));
#770=EDGE_LOOP('',(#4464,#4465,#4466,#4467));
#771=EDGE_LOOP('',(#4468,#4469,#4470,#4471));
#772=EDGE_LOOP('',(#4472,#4473,#4474,#4475));
#773=EDGE_LOOP('',(#4476,#4477,#4478,#4479));
#774=EDGE_LOOP('',(#4480,#4481,#4482,#4483));
#775=EDGE_LOOP('',(#4484,#4485,#4486,#4487));
#776=EDGE_LOOP('',(#4488,#4489,#4490,#4491));
#777=EDGE_LOOP('',(#4492,#4493,#4494,#4495));
#778=EDGE_LOOP('',(#4496,#4497,#4498,#4499));
#779=EDGE_LOOP('',(#4500,#4501,#4502,#4503));
#780=EDGE_LOOP('',(#4504,#4505,#4506,#4507));
#781=EDGE_LOOP('',(#4508,#4509,#4510,#4511));
#782=EDGE_LOOP('',(#4512,#4513,#4514,#4515));
#783=EDGE_LOOP('',(#4516,#4517,#4518,#4519));
#784=EDGE_LOOP('',(#4520,#4521,#4522,#4523));
#785=EDGE_LOOP('',(#4524,#4525,#4526,#4527));
#786=EDGE_LOOP('',(#4528,#4529,#4530,#4531));
#787=EDGE_LOOP('',(#4532,#4533,#4534,#4535));
#788=EDGE_LOOP('',(#4536,#4537,#4538,#4539));
#789=EDGE_LOOP('',(#4540,#4541,#4542,#4543));
#790=EDGE_LOOP('',(#4544,#4545,#4546,#4547));
#791=EDGE_LOOP('',(#4548,#4549,#4550,#4551));
#792=EDGE_LOOP('',(#4552,#4553,#4554,#4555));
#793=EDGE_LOOP('',(#4556,#4557,#4558,#4559));
#794=EDGE_LOOP('',(#4560,#4561,#4562,#4563));
#795=EDGE_LOOP('',(#4564,#4565,#4566,#4567));
#796=EDGE_LOOP('',(#4568,#4569,#4570,#4571));
#797=EDGE_LOOP('',(#4572,#4573,#4574,#4575));
#798=EDGE_LOOP('',(#4576,#4577,#4578,#4579));
#799=EDGE_LOOP('',(#4580,#4581,#4582,#4583));
#800=EDGE_LOOP('',(#4584,#4585,#4586,#4587));
#801=EDGE_LOOP('',(#4588,#4589,#4590,#4591));
#802=EDGE_LOOP('',(#4592,#4593,#4594,#4595));
#803=EDGE_LOOP('',(#4596,#4597,#4598,#4599));
#804=EDGE_LOOP('',(#4600,#4601,#4602,#4603));
#805=EDGE_LOOP('',(#4604,#4605,#4606,#4607));
#806=EDGE_LOOP('',(#4608,#4609,#4610,#4611));
#807=EDGE_LOOP('',(#4612,#4613,#4614,#4615));
#808=EDGE_LOOP('',(#4616,#4617,#4618,#4619));
#809=EDGE_LOOP('',(#4620,#4621,#4622,#4623));
#810=EDGE_LOOP('',(#4624,#4625,#4626,#4627));
#811=EDGE_LOOP('',(#4628,#4629,#4630,#4631));
#812=EDGE_LOOP('',(#4632,#4633,#4634,#4635));
#813=EDGE_LOOP('',(#4636,#4637,#4638,#4639));
#814=EDGE_LOOP('',(#4640,#4641,#4642,#4643));
#815=EDGE_LOOP('',(#4644,#4645,#4646,#4647));
#816=EDGE_LOOP('',(#4648,#4649,#4650,#4651));
#817=EDGE_LOOP('',(#4652,#4653,#4654,#4655));
#818=EDGE_LOOP('',(#4656,#4657,#4658,#4659));
#819=EDGE_LOOP('',(#4660,#4661,#4662,#4663));
#820=EDGE_LOOP('',(#4664,#4665,#4666,#4667));
#821=EDGE_LOOP('',(#4668,#4669,#4670,#4671));
#822=EDGE_LOOP('',(#4672,#4673,#4674,#4675));
#823=EDGE_LOOP('',(#4676,#4677,#4678,#4679));
#824=EDGE_LOOP('',(#4680,#4681,#4682,#4683));
#825=EDGE_LOOP('',(#4684,#4685,#4686,#4687));
#826=EDGE_LOOP('',(#4688,#4689,#4690,#4691));
#827=EDGE_LOOP('',(#4692,#4693,#4694,#4695));
#828=EDGE_LOOP('',(#4696,#4697,#4698,#4699));
#829=EDGE_LOOP('',(#4700,#4701,#4702,#4703));
#830=EDGE_LOOP('',(#4704,#4705,#4706,#4707));
#831=EDGE_LOOP('',(#4708,#4709,#4710,#4711));
#832=EDGE_LOOP('',(#4712,#4713,#4714,#4715));
#833=EDGE_LOOP('',(#4716,#4717,#4718,#4719));
#834=EDGE_LOOP('',(#4720,#4721,#4722,#4723));
#835=EDGE_LOOP('',(#4724,#4725,#4726,#4727));
#836=EDGE_LOOP('',(#4728,#4729,#4730,#4731));
#837=EDGE_LOOP('',(#4732,#4733,#4734,#4735));
#838=EDGE_LOOP('',(#4736,#4737,#4738,#4739));
#839=EDGE_LOOP('',(#4740,#4741,#4742,#4743));
#840=EDGE_LOOP('',(#4744,#4745,#4746,#4747));
#841=EDGE_LOOP('',(#4748,#4749,#4750,#4751));
#842=EDGE_LOOP('',(#4752,#4753,#4754,#4755));
#843=EDGE_LOOP('',(#4756,#4757,#4758,#4759));
#844=EDGE_LOOP('',(#4760,#4761,#4762,#4763));
#845=EDGE_LOOP('',(#4764,#4765,#4766,#4767));
#846=EDGE_LOOP('',(#4768,#4769,#4770,#4771));
#847=EDGE_LOOP('',(#4772,#4773,#4774,#4775));
#848=EDGE_LOOP('',(#4776,#4777,#4778,#4779));
#849=EDGE_LOOP('',(#4780,#4781,#4782,#4783));
#850=EDGE_LOOP('',(#4784,#4785,#4786,#4787));
#851=EDGE_LOOP('',(#4788,#4789,#4790,#4791));
#852=EDGE_LOOP('',(#4792,#4793,#4794,#4795));
#853=EDGE_LOOP('',(#4796,#4797,#4798,#4799));
#854=EDGE_LOOP('',(#4800,#4801,#4802,#4803));
#855=EDGE_LOOP('',(#4804,#4805,#4806,#4807));
#856=EDGE_LOOP('',(#4808,#4809,#4810,#4811));
#857=EDGE_LOOP('',(#4812,#4813,#4814,#4815));
#858=EDGE_LOOP('',(#4816,#4817,#4818,#4819));
#859=EDGE_LOOP('',(#4820,#4821,#4822,#4823));
#860=EDGE_LOOP('',(#4824,#4825,#4826,#4827));
#861=EDGE_LOOP('',(#4828,#4829,#4830,#4831,#4832));
#862=EDGE_LOOP('',(#4833,#4834,#4835,#4836));
#863=EDGE_LOOP('',(#4837,#4838,#4839,#4840));
#864=EDGE_LOOP('',(#4841,#4842,#4843,#4844));
#865=EDGE_LOOP('',(#4845,#4846,#4847,#4848));
#866=EDGE_LOOP('',(#4849,#4850,#4851,#4852));
#867=EDGE_LOOP('',(#4853,#4854,#4855,#4856));
#868=EDGE_LOOP('',(#4857,#4858,#4859,#4860));
#869=EDGE_LOOP('',(#4861,#4862,#4863,#4864));
#870=EDGE_LOOP('',(#4865,#4866,#4867,#4868));
#871=EDGE_LOOP('',(#4869,#4870,#4871,#4872,#4873,#4874,#4875,#4876));
#872=EDGE_LOOP('',(#4877,#4878,#4879,#4880,#4881,#4882,#4883,#4884));
#873=EDGE_LOOP('',(#4885,#4886,#4887,#4888));
#874=EDGE_LOOP('',(#4889,#4890,#4891,#4892));
#875=EDGE_LOOP('',(#4893,#4894,#4895,#4896));
#876=EDGE_LOOP('',(#4897,#4898,#4899,#4900));
#877=EDGE_LOOP('',(#4901,#4902,#4903,#4904));
#878=EDGE_LOOP('',(#4905,#4906,#4907,#4908));
#879=EDGE_LOOP('',(#4909,#4910,#4911,#4912));
#880=EDGE_LOOP('',(#4913,#4914,#4915,#4916));
#881=EDGE_LOOP('',(#4917,#4918,#4919,#4920,#4921,#4922,#4923,#4924));
#882=EDGE_LOOP('',(#4925,#4926,#4927,#4928));
#883=EDGE_LOOP('',(#4929,#4930,#4931,#4932,#4933,#4934,#4935,#4936));
#884=EDGE_LOOP('',(#4937,#4938,#4939,#4940));
#885=EDGE_LOOP('',(#4941,#4942,#4943,#4944));
#886=EDGE_LOOP('',(#4945,#4946,#4947,#4948));
#887=EDGE_LOOP('',(#4949,#4950,#4951,#4952));
#888=EDGE_LOOP('',(#4953,#4954,#4955,#4956));
#889=EDGE_LOOP('',(#4957,#4958,#4959,#4960));
#890=EDGE_LOOP('',(#4961,#4962,#4963,#4964));
#891=EDGE_LOOP('',(#4965,#4966,#4967,#4968));
#892=EDGE_LOOP('',(#4969,#4970,#4971,#4972));
#893=EDGE_LOOP('',(#4973,#4974,#4975,#4976));
#894=EDGE_LOOP('',(#4977,#4978,#4979,#4980));
#895=EDGE_LOOP('',(#4981,#4982,#4983,#4984));
#896=EDGE_LOOP('',(#4985,#4986,#4987,#4988,#4989,#4990,#4991,#4992,#4993,
#4994,#4995,#4996));
#897=EDGE_LOOP('',(#4997,#4998,#4999,#5000));
#898=EDGE_LOOP('',(#5001,#5002,#5003,#5004,#5005,#5006));
#899=EDGE_LOOP('',(#5007,#5008,#5009,#5010,#5011,#5012));
#900=EDGE_LOOP('',(#5013,#5014,#5015,#5016,#5017,#5018));
#901=EDGE_LOOP('',(#5019,#5020,#5021,#5022,#5023,#5024));
#902=EDGE_LOOP('',(#5025,#5026,#5027,#5028,#5029,#5030));
#903=EDGE_LOOP('',(#5031,#5032,#5033,#5034,#5035,#5036));
#904=EDGE_LOOP('',(#5037,#5038,#5039,#5040,#5041,#5042));
#905=EDGE_LOOP('',(#5043,#5044,#5045,#5046,#5047,#5048));
#906=EDGE_LOOP('',(#5049,#5050,#5051,#5052,#5053,#5054));
#907=EDGE_LOOP('',(#5055,#5056,#5057,#5058,#5059,#5060));
#908=EDGE_LOOP('',(#5061,#5062,#5063,#5064,#5065,#5066));
#909=EDGE_LOOP('',(#5067,#5068,#5069,#5070));
#910=EDGE_LOOP('',(#5071,#5072,#5073,#5074,#5075));
#911=EDGE_LOOP('',(#5076,#5077,#5078,#5079));
#912=EDGE_LOOP('',(#5080));
#913=EDGE_LOOP('',(#5081,#5082,#5083,#5084,#5085,#5086,#5087));
#914=EDGE_LOOP('',(#5088));
#915=EDGE_LOOP('',(#5089,#5090,#5091,#5092));
#916=EDGE_LOOP('',(#5093));
#917=EDGE_LOOP('',(#5094,#5095,#5096,#5097));
#918=EDGE_LOOP('',(#5098));
#919=EDGE_LOOP('',(#5099,#5100,#5101,#5102));
#920=EDGE_LOOP('',(#5103));
#921=EDGE_LOOP('',(#5104,#5105,#5106,#5107));
#922=EDGE_LOOP('',(#5108));
#923=EDGE_LOOP('',(#5109,#5110,#5111,#5112));
#924=EDGE_LOOP('',(#5113));
#925=EDGE_LOOP('',(#5114));
#926=EDGE_LOOP('',(#5115,#5116,#5117,#5118));
#927=EDGE_LOOP('',(#5119));
#928=EDGE_LOOP('',(#5120));
#929=EDGE_LOOP('',(#5121,#5122,#5123,#5124));
#930=EDGE_LOOP('',(#5125));
#931=EDGE_LOOP('',(#5126));
#932=EDGE_LOOP('',(#5127,#5128,#5129,#5130));
#933=EDGE_LOOP('',(#5131));
#934=EDGE_LOOP('',(#5132));
#935=EDGE_LOOP('',(#5133,#5134,#5135,#5136));
#936=EDGE_LOOP('',(#5137,#5138,#5139,#5140));
#937=EDGE_LOOP('',(#5141,#5142,#5143,#5144,#5145,#5146,#5147,#5148));
#938=EDGE_LOOP('',(#5149,#5150,#5151));
#939=EDGE_LOOP('',(#5152,#5153,#5154));
#940=EDGE_LOOP('',(#5155,#5156,#5157,#5158,#5159,#5160,#5161,#5162));
#941=EDGE_LOOP('',(#5163));
#942=EDGE_LOOP('',(#5164));
#943=EDGE_LOOP('',(#5165));
#944=EDGE_LOOP('',(#5166));
#945=EDGE_LOOP('',(#5167,#5168,#5169,#5170));
#946=EDGE_LOOP('',(#5171,#5172,#5173,#5174,#5175));
#947=EDGE_LOOP('',(#5176,#5177,#5178));
#948=EDGE_LOOP('',(#5179,#5180,#5181,#5182));
#949=EDGE_LOOP('',(#5183));
#950=EDGE_LOOP('',(#5184,#5185,#5186,#5187));
#951=EDGE_LOOP('',(#5188));
#952=EDGE_LOOP('',(#5189,#5190,#5191,#5192));
#953=EDGE_LOOP('',(#5193));
#954=EDGE_LOOP('',(#5194,#5195,#5196,#5197));
#955=EDGE_LOOP('',(#5198));
#956=EDGE_LOOP('',(#5199,#5200,#5201,#5202));
#957=EDGE_LOOP('',(#5203,#5204,#5205,#5206));
#958=EDGE_LOOP('',(#5207,#5208,#5209,#5210));
#959=EDGE_LOOP('',(#5211,#5212,#5213,#5214));
#960=EDGE_LOOP('',(#5215,#5216,#5217,#5218));
#961=EDGE_LOOP('',(#5219,#5220,#5221,#5222));
#962=EDGE_LOOP('',(#5223,#5224,#5225,#5226));
#963=EDGE_LOOP('',(#5227,#5228,#5229,#5230));
#964=EDGE_LOOP('',(#5231,#5232,#5233,#5234));
#965=EDGE_LOOP('',(#5235,#5236,#5237,#5238));
#966=EDGE_LOOP('',(#5239,#5240,#5241,#5242));
#967=EDGE_LOOP('',(#5243,#5244,#5245,#5246,#5247,#5248,#5249,#5250));
#968=EDGE_LOOP('',(#5251,#5252,#5253,#5254,#5255,#5256,#5257,#5258));
#969=EDGE_LOOP('',(#5259,#5260,#5261,#5262,#5263,#5264));
#970=EDGE_LOOP('',(#5265,#5266,#5267,#5268,#5269,#5270));
#971=EDGE_LOOP('',(#5271,#5272,#5273,#5274,#5275,#5276));
#972=EDGE_LOOP('',(#5277,#5278,#5279,#5280,#5281,#5282));
#973=EDGE_LOOP('',(#5283,#5284,#5285,#5286,#5287,#5288));
#974=EDGE_LOOP('',(#5289,#5290,#5291,#5292,#5293,#5294));
#975=EDGE_LOOP('',(#5295,#5296,#5297,#5298,#5299,#5300));
#976=EDGE_LOOP('',(#5301,#5302,#5303,#5304,#5305,#5306));
#977=EDGE_LOOP('',(#5307,#5308,#5309,#5310,#5311,#5312));
#978=EDGE_LOOP('',(#5313,#5314,#5315,#5316,#5317,#5318));
#979=EDGE_LOOP('',(#5319,#5320,#5321,#5322,#5323,#5324));
#980=EDGE_LOOP('',(#5325,#5326,#5327,#5328,#5329,#5330));
#981=EDGE_LOOP('',(#5331,#5332,#5333,#5334));
#982=LINE('',#7413,#1699);
#983=LINE('',#7416,#1700);
#984=LINE('',#7419,#1701);
#985=LINE('',#7423,#1702);
#986=LINE('',#7427,#1703);
#987=LINE('',#7430,#1704);
#988=LINE('',#7433,#1705);
#989=LINE('',#7435,#1706);
#990=LINE('',#7436,#1707);
#991=LINE('',#7442,#1708);
#992=LINE('',#7445,#1709);
#993=LINE('',#7446,#1710);
#994=LINE('',#7449,#1711);
#995=LINE('',#7453,#1712);
#996=LINE('',#7455,#1713);
#997=LINE('',#7457,#1714);
#998=LINE('',#7458,#1715);
#999=LINE('',#7463,#1716);
#1000=LINE('',#7466,#1717);
#1001=LINE('',#7469,#1718);
#1002=LINE('',#7471,#1719);
#1003=LINE('',#7473,#1720);
#1004=LINE('',#7475,#1721);
#1005=LINE('',#7476,#1722);
#1006=LINE('',#7479,#1723);
#1007=LINE('',#7480,#1724);
#1008=LINE('',#7482,#1725);
#1009=LINE('',#7483,#1726);
#1010=LINE('',#7488,#1727);
#1011=LINE('',#7490,#1728);
#1012=LINE('',#7494,#1729);
#1013=LINE('',#7498,#1730);
#1014=LINE('',#7499,#1731);
#1015=LINE('',#7502,#1732);
#1016=LINE('',#7504,#1733);
#1017=LINE('',#7506,#1734);
#1018=LINE('',#7507,#1735);
#1019=LINE('',#7510,#1736);
#1020=LINE('',#7511,#1737);
#1021=LINE('',#7512,#1738);
#1022=LINE('',#7514,#1739);
#1023=LINE('',#7516,#1740);
#1024=LINE('',#7518,#1741);
#1025=LINE('',#7520,#1742);
#1026=LINE('',#7521,#1743);
#1027=LINE('',#7526,#1744);
#1028=LINE('',#7532,#1745);
#1029=LINE('',#7536,#1746);
#1030=LINE('',#7538,#1747);
#1031=LINE('',#7540,#1748);
#1032=LINE('',#7542,#1749);
#1033=LINE('',#7544,#1750);
#1034=LINE('',#7545,#1751);
#1035=LINE('',#7548,#1752);
#1036=LINE('',#7550,#1753);
#1037=LINE('',#7552,#1754);
#1038=LINE('',#7554,#1755);
#1039=LINE('',#7556,#1756);
#1040=LINE('',#7557,#1757);
#1041=LINE('',#7560,#1758);
#1042=LINE('',#7562,#1759);
#1043=LINE('',#7564,#1760);
#1044=LINE('',#7566,#1761);
#1045=LINE('',#7568,#1762);
#1046=LINE('',#7569,#1763);
#1047=LINE('',#7572,#1764);
#1048=LINE('',#7574,#1765);
#1049=LINE('',#7576,#1766);
#1050=LINE('',#7578,#1767);
#1051=LINE('',#7580,#1768);
#1052=LINE('',#7581,#1769);
#1053=LINE('',#7584,#1770);
#1054=LINE('',#7586,#1771);
#1055=LINE('',#7588,#1772);
#1056=LINE('',#7590,#1773);
#1057=LINE('',#7592,#1774);
#1058=LINE('',#7593,#1775);
#1059=LINE('',#7596,#1776);
#1060=LINE('',#7598,#1777);
#1061=LINE('',#7600,#1778);
#1062=LINE('',#7602,#1779);
#1063=LINE('',#7604,#1780);
#1064=LINE('',#7605,#1781);
#1065=LINE('',#7608,#1782);
#1066=LINE('',#7610,#1783);
#1067=LINE('',#7612,#1784);
#1068=LINE('',#7614,#1785);
#1069=LINE('',#7616,#1786);
#1070=LINE('',#7617,#1787);
#1071=LINE('',#7620,#1788);
#1072=LINE('',#7622,#1789);
#1073=LINE('',#7624,#1790);
#1074=LINE('',#7626,#1791);
#1075=LINE('',#7628,#1792);
#1076=LINE('',#7629,#1793);
#1077=LINE('',#7632,#1794);
#1078=LINE('',#7634,#1795);
#1079=LINE('',#7636,#1796);
#1080=LINE('',#7638,#1797);
#1081=LINE('',#7640,#1798);
#1082=LINE('',#7641,#1799);
#1083=LINE('',#7644,#1800);
#1084=LINE('',#7646,#1801);
#1085=LINE('',#7648,#1802);
#1086=LINE('',#7650,#1803);
#1087=LINE('',#7652,#1804);
#1088=LINE('',#7653,#1805);
#1089=LINE('',#7656,#1806);
#1090=LINE('',#7658,#1807);
#1091=LINE('',#7660,#1808);
#1092=LINE('',#7662,#1809);
#1093=LINE('',#7664,#1810);
#1094=LINE('',#7665,#1811);
#1095=LINE('',#7668,#1812);
#1096=LINE('',#7670,#1813);
#1097=LINE('',#7672,#1814);
#1098=LINE('',#7674,#1815);
#1099=LINE('',#7676,#1816);
#1100=LINE('',#7677,#1817);
#1101=LINE('',#7680,#1818);
#1102=LINE('',#7682,#1819);
#1103=LINE('',#7684,#1820);
#1104=LINE('',#7686,#1821);
#1105=LINE('',#7688,#1822);
#1106=LINE('',#7689,#1823);
#1107=LINE('',#7692,#1824);
#1108=LINE('',#7694,#1825);
#1109=LINE('',#7696,#1826);
#1110=LINE('',#7698,#1827);
#1111=LINE('',#7700,#1828);
#1112=LINE('',#7701,#1829);
#1113=LINE('',#7704,#1830);
#1114=LINE('',#7708,#1831);
#1115=LINE('',#7712,#1832);
#1116=LINE('',#7716,#1833);
#1117=LINE('',#7720,#1834);
#1118=LINE('',#7721,#1835);
#1119=LINE('',#7724,#1836);
#1120=LINE('',#7726,#1837);
#1121=LINE('',#7728,#1838);
#1122=LINE('',#7729,#1839);
#1123=LINE('',#7732,#1840);
#1124=LINE('',#7736,#1841);
#1125=LINE('',#7740,#1842);
#1126=LINE('',#7744,#1843);
#1127=LINE('',#7748,#1844);
#1128=LINE('',#7750,#1845);
#1129=LINE('',#7752,#1846);
#1130=LINE('',#7754,#1847);
#1131=LINE('',#7756,#1848);
#1132=LINE('',#7757,#1849);
#1133=LINE('',#7760,#1850);
#1134=LINE('',#7762,#1851);
#1135=LINE('',#7764,#1852);
#1136=LINE('',#7766,#1853);
#1137=LINE('',#7768,#1854);
#1138=LINE('',#7769,#1855);
#1139=LINE('',#7772,#1856);
#1140=LINE('',#7774,#1857);
#1141=LINE('',#7776,#1858);
#1142=LINE('',#7778,#1859);
#1143=LINE('',#7780,#1860);
#1144=LINE('',#7781,#1861);
#1145=LINE('',#7784,#1862);
#1146=LINE('',#7786,#1863);
#1147=LINE('',#7788,#1864);
#1148=LINE('',#7790,#1865);
#1149=LINE('',#7792,#1866);
#1150=LINE('',#7793,#1867);
#1151=LINE('',#7796,#1868);
#1152=LINE('',#7798,#1869);
#1153=LINE('',#7800,#1870);
#1154=LINE('',#7802,#1871);
#1155=LINE('',#7804,#1872);
#1156=LINE('',#7805,#1873);
#1157=LINE('',#7808,#1874);
#1158=LINE('',#7810,#1875);
#1159=LINE('',#7812,#1876);
#1160=LINE('',#7814,#1877);
#1161=LINE('',#7816,#1878);
#1162=LINE('',#7817,#1879);
#1163=LINE('',#7820,#1880);
#1164=LINE('',#7822,#1881);
#1165=LINE('',#7824,#1882);
#1166=LINE('',#7826,#1883);
#1167=LINE('',#7828,#1884);
#1168=LINE('',#7829,#1885);
#1169=LINE('',#7832,#1886);
#1170=LINE('',#7834,#1887);
#1171=LINE('',#7836,#1888);
#1172=LINE('',#7838,#1889);
#1173=LINE('',#7840,#1890);
#1174=LINE('',#7841,#1891);
#1175=LINE('',#7843,#1892);
#1176=LINE('',#7845,#1893);
#1177=LINE('',#7847,#1894);
#1178=LINE('',#7849,#1895);
#1179=LINE('',#7850,#1896);
#1180=LINE('',#7853,#1897);
#1181=LINE('',#7855,#1898);
#1182=LINE('',#7857,#1899);
#1183=LINE('',#7859,#1900);
#1184=LINE('',#7861,#1901);
#1185=LINE('',#7862,#1902);
#1186=LINE('',#7865,#1903);
#1187=LINE('',#7867,#1904);
#1188=LINE('',#7869,#1905);
#1189=LINE('',#7871,#1906);
#1190=LINE('',#7873,#1907);
#1191=LINE('',#7874,#1908);
#1192=LINE('',#7877,#1909);
#1193=LINE('',#7879,#1910);
#1194=LINE('',#7881,#1911);
#1195=LINE('',#7883,#1912);
#1196=LINE('',#7885,#1913);
#1197=LINE('',#7886,#1914);
#1198=LINE('',#7889,#1915);
#1199=LINE('',#7891,#1916);
#1200=LINE('',#7893,#1917);
#1201=LINE('',#7895,#1918);
#1202=LINE('',#7897,#1919);
#1203=LINE('',#7898,#1920);
#1204=LINE('',#7901,#1921);
#1205=LINE('',#7903,#1922);
#1206=LINE('',#7905,#1923);
#1207=LINE('',#7907,#1924);
#1208=LINE('',#7909,#1925);
#1209=LINE('',#7910,#1926);
#1210=LINE('',#7913,#1927);
#1211=LINE('',#7915,#1928);
#1212=LINE('',#7917,#1929);
#1213=LINE('',#7919,#1930);
#1214=LINE('',#7921,#1931);
#1215=LINE('',#7922,#1932);
#1216=LINE('',#7927,#1933);
#1217=LINE('',#7933,#1934);
#1218=LINE('',#7937,#1935);
#1219=LINE('',#7939,#1936);
#1220=LINE('',#7941,#1937);
#1221=LINE('',#7942,#1938);
#1222=LINE('',#7944,#1939);
#1223=LINE('',#7950,#1940);
#1224=LINE('',#7953,#1941);
#1225=LINE('',#7956,#1942);
#1226=LINE('',#7958,#1943);
#1227=LINE('',#7959,#1944);
#1228=LINE('',#7965,#1945);
#1229=LINE('',#7968,#1946);
#1230=LINE('',#7970,#1947);
#1231=LINE('',#7971,#1948);
#1232=LINE('',#7972,#1949);
#1233=LINE('',#7974,#1950);
#1234=LINE('',#7976,#1951);
#1235=LINE('',#7978,#1952);
#1236=LINE('',#7980,#1953);
#1237=LINE('',#7982,#1954);
#1238=LINE('',#7983,#1955);
#1239=LINE('',#7986,#1956);
#1240=LINE('',#7988,#1957);
#1241=LINE('',#7990,#1958);
#1242=LINE('',#7992,#1959);
#1243=LINE('',#7994,#1960);
#1244=LINE('',#7996,#1961);
#1245=LINE('',#7997,#1962);
#1246=LINE('',#8000,#1963);
#1247=LINE('',#8002,#1964);
#1248=LINE('',#8004,#1965);
#1249=LINE('',#8005,#1966);
#1250=LINE('',#8011,#1967);
#1251=LINE('',#8014,#1968);
#1252=LINE('',#8016,#1969);
#1253=LINE('',#8017,#1970);
#1254=LINE('',#8022,#1971);
#1255=LINE('',#8025,#1972);
#1256=LINE('',#8026,#1973);
#1257=LINE('',#8028,#1974);
#1258=LINE('',#8029,#1975);
#1259=LINE('',#8031,#1976);
#1260=LINE('',#8033,#1977);
#1261=LINE('',#8035,#1978);
#1262=LINE('',#8037,#1979);
#1263=LINE('',#8040,#1980);
#1264=LINE('',#8041,#1981);
#1265=LINE('',#8043,#1982);
#1266=LINE('',#8045,#1983);
#1267=LINE('',#8047,#1984);
#1268=LINE('',#8049,#1985);
#1269=LINE('',#8051,#1986);
#1270=LINE('',#8053,#1987);
#1271=LINE('',#8058,#1988);
#1272=LINE('',#8060,#1989);
#1273=LINE('',#8062,#1990);
#1274=LINE('',#8063,#1991);
#1275=LINE('',#8066,#1992);
#1276=LINE('',#8067,#1993);
#1277=LINE('',#8068,#1994);
#1278=LINE('',#8070,#1995);
#1279=LINE('',#8071,#1996);
#1280=LINE('',#8074,#1997);
#1281=LINE('',#8076,#1998);
#1282=LINE('',#8078,#1999);
#1283=LINE('',#8079,#2000);
#1284=LINE('',#8082,#2001);
#1285=LINE('',#8084,#2002);
#1286=LINE('',#8086,#2003);
#1287=LINE('',#8087,#2004);
#1288=LINE('',#8090,#2005);
#1289=LINE('',#8092,#2006);
#1290=LINE('',#8094,#2007);
#1291=LINE('',#8095,#2008);
#1292=LINE('',#8098,#2009);
#1293=LINE('',#8100,#2010);
#1294=LINE('',#8102,#2011);
#1295=LINE('',#8103,#2012);
#1296=LINE('',#8114,#2013);
#1297=LINE('',#8115,#2014);
#1298=LINE('',#8119,#2015);
#1299=LINE('',#8121,#2016);
#1300=LINE('',#8123,#2017);
#1301=LINE('',#8124,#2018);
#1302=LINE('',#8127,#2019);
#1303=LINE('',#8129,#2020);
#1304=LINE('',#8130,#2021);
#1305=LINE('',#8133,#2022);
#1306=LINE('',#8135,#2023);
#1307=LINE('',#8136,#2024);
#1308=LINE('',#8139,#2025);
#1309=LINE('',#8141,#2026);
#1310=LINE('',#8142,#2027);
#1311=LINE('',#8145,#2028);
#1312=LINE('',#8147,#2029);
#1313=LINE('',#8148,#2030);
#1314=LINE('',#8150,#2031);
#1315=LINE('',#8151,#2032);
#1316=LINE('',#8155,#2033);
#1317=LINE('',#8157,#2034);
#1318=LINE('',#8159,#2035);
#1319=LINE('',#8160,#2036);
#1320=LINE('',#8163,#2037);
#1321=LINE('',#8165,#2038);
#1322=LINE('',#8166,#2039);
#1323=LINE('',#8169,#2040);
#1324=LINE('',#8171,#2041);
#1325=LINE('',#8172,#2042);
#1326=LINE('',#8175,#2043);
#1327=LINE('',#8177,#2044);
#1328=LINE('',#8178,#2045);
#1329=LINE('',#8181,#2046);
#1330=LINE('',#8183,#2047);
#1331=LINE('',#8184,#2048);
#1332=LINE('',#8186,#2049);
#1333=LINE('',#8187,#2050);
#1334=LINE('',#8191,#2051);
#1335=LINE('',#8193,#2052);
#1336=LINE('',#8195,#2053);
#1337=LINE('',#8196,#2054);
#1338=LINE('',#8199,#2055);
#1339=LINE('',#8201,#2056);
#1340=LINE('',#8202,#2057);
#1341=LINE('',#8205,#2058);
#1342=LINE('',#8207,#2059);
#1343=LINE('',#8208,#2060);
#1344=LINE('',#8211,#2061);
#1345=LINE('',#8213,#2062);
#1346=LINE('',#8214,#2063);
#1347=LINE('',#8217,#2064);
#1348=LINE('',#8219,#2065);
#1349=LINE('',#8220,#2066);
#1350=LINE('',#8222,#2067);
#1351=LINE('',#8223,#2068);
#1352=LINE('',#8227,#2069);
#1353=LINE('',#8229,#2070);
#1354=LINE('',#8231,#2071);
#1355=LINE('',#8232,#2072);
#1356=LINE('',#8235,#2073);
#1357=LINE('',#8237,#2074);
#1358=LINE('',#8238,#2075);
#1359=LINE('',#8241,#2076);
#1360=LINE('',#8243,#2077);
#1361=LINE('',#8244,#2078);
#1362=LINE('',#8247,#2079);
#1363=LINE('',#8249,#2080);
#1364=LINE('',#8250,#2081);
#1365=LINE('',#8253,#2082);
#1366=LINE('',#8255,#2083);
#1367=LINE('',#8256,#2084);
#1368=LINE('',#8258,#2085);
#1369=LINE('',#8259,#2086);
#1370=LINE('',#8263,#2087);
#1371=LINE('',#8265,#2088);
#1372=LINE('',#8267,#2089);
#1373=LINE('',#8268,#2090);
#1374=LINE('',#8271,#2091);
#1375=LINE('',#8273,#2092);
#1376=LINE('',#8274,#2093);
#1377=LINE('',#8277,#2094);
#1378=LINE('',#8279,#2095);
#1379=LINE('',#8280,#2096);
#1380=LINE('',#8283,#2097);
#1381=LINE('',#8285,#2098);
#1382=LINE('',#8286,#2099);
#1383=LINE('',#8289,#2100);
#1384=LINE('',#8291,#2101);
#1385=LINE('',#8292,#2102);
#1386=LINE('',#8294,#2103);
#1387=LINE('',#8295,#2104);
#1388=LINE('',#8299,#2105);
#1389=LINE('',#8301,#2106);
#1390=LINE('',#8303,#2107);
#1391=LINE('',#8304,#2108);
#1392=LINE('',#8307,#2109);
#1393=LINE('',#8309,#2110);
#1394=LINE('',#8310,#2111);
#1395=LINE('',#8313,#2112);
#1396=LINE('',#8315,#2113);
#1397=LINE('',#8316,#2114);
#1398=LINE('',#8319,#2115);
#1399=LINE('',#8321,#2116);
#1400=LINE('',#8322,#2117);
#1401=LINE('',#8325,#2118);
#1402=LINE('',#8327,#2119);
#1403=LINE('',#8328,#2120);
#1404=LINE('',#8330,#2121);
#1405=LINE('',#8331,#2122);
#1406=LINE('',#8335,#2123);
#1407=LINE('',#8337,#2124);
#1408=LINE('',#8339,#2125);
#1409=LINE('',#8340,#2126);
#1410=LINE('',#8343,#2127);
#1411=LINE('',#8345,#2128);
#1412=LINE('',#8346,#2129);
#1413=LINE('',#8349,#2130);
#1414=LINE('',#8351,#2131);
#1415=LINE('',#8352,#2132);
#1416=LINE('',#8355,#2133);
#1417=LINE('',#8357,#2134);
#1418=LINE('',#8358,#2135);
#1419=LINE('',#8361,#2136);
#1420=LINE('',#8363,#2137);
#1421=LINE('',#8364,#2138);
#1422=LINE('',#8366,#2139);
#1423=LINE('',#8367,#2140);
#1424=LINE('',#8371,#2141);
#1425=LINE('',#8373,#2142);
#1426=LINE('',#8375,#2143);
#1427=LINE('',#8376,#2144);
#1428=LINE('',#8379,#2145);
#1429=LINE('',#8381,#2146);
#1430=LINE('',#8382,#2147);
#1431=LINE('',#8385,#2148);
#1432=LINE('',#8387,#2149);
#1433=LINE('',#8388,#2150);
#1434=LINE('',#8391,#2151);
#1435=LINE('',#8393,#2152);
#1436=LINE('',#8394,#2153);
#1437=LINE('',#8397,#2154);
#1438=LINE('',#8399,#2155);
#1439=LINE('',#8400,#2156);
#1440=LINE('',#8402,#2157);
#1441=LINE('',#8403,#2158);
#1442=LINE('',#8407,#2159);
#1443=LINE('',#8409,#2160);
#1444=LINE('',#8411,#2161);
#1445=LINE('',#8412,#2162);
#1446=LINE('',#8415,#2163);
#1447=LINE('',#8417,#2164);
#1448=LINE('',#8418,#2165);
#1449=LINE('',#8421,#2166);
#1450=LINE('',#8423,#2167);
#1451=LINE('',#8424,#2168);
#1452=LINE('',#8427,#2169);
#1453=LINE('',#8429,#2170);
#1454=LINE('',#8430,#2171);
#1455=LINE('',#8433,#2172);
#1456=LINE('',#8435,#2173);
#1457=LINE('',#8436,#2174);
#1458=LINE('',#8438,#2175);
#1459=LINE('',#8439,#2176);
#1460=LINE('',#8443,#2177);
#1461=LINE('',#8445,#2178);
#1462=LINE('',#8447,#2179);
#1463=LINE('',#8448,#2180);
#1464=LINE('',#8451,#2181);
#1465=LINE('',#8453,#2182);
#1466=LINE('',#8454,#2183);
#1467=LINE('',#8457,#2184);
#1468=LINE('',#8459,#2185);
#1469=LINE('',#8460,#2186);
#1470=LINE('',#8463,#2187);
#1471=LINE('',#8465,#2188);
#1472=LINE('',#8466,#2189);
#1473=LINE('',#8469,#2190);
#1474=LINE('',#8471,#2191);
#1475=LINE('',#8472,#2192);
#1476=LINE('',#8474,#2193);
#1477=LINE('',#8475,#2194);
#1478=LINE('',#8479,#2195);
#1479=LINE('',#8481,#2196);
#1480=LINE('',#8483,#2197);
#1481=LINE('',#8484,#2198);
#1482=LINE('',#8487,#2199);
#1483=LINE('',#8489,#2200);
#1484=LINE('',#8490,#2201);
#1485=LINE('',#8493,#2202);
#1486=LINE('',#8495,#2203);
#1487=LINE('',#8496,#2204);
#1488=LINE('',#8499,#2205);
#1489=LINE('',#8501,#2206);
#1490=LINE('',#8502,#2207);
#1491=LINE('',#8505,#2208);
#1492=LINE('',#8507,#2209);
#1493=LINE('',#8508,#2210);
#1494=LINE('',#8510,#2211);
#1495=LINE('',#8511,#2212);
#1496=LINE('',#8513,#2213);
#1497=LINE('',#8514,#2214);
#1498=LINE('',#8516,#2215);
#1499=LINE('',#8518,#2216);
#1500=LINE('',#8520,#2217);
#1501=LINE('',#8522,#2218);
#1502=LINE('',#8525,#2219);
#1503=LINE('',#8526,#2220);
#1504=LINE('',#8528,#2221);
#1505=LINE('',#8530,#2222);
#1506=LINE('',#8532,#2223);
#1507=LINE('',#8534,#2224);
#1508=LINE('',#8537,#2225);
#1509=LINE('',#8538,#2226);
#1510=LINE('',#8540,#2227);
#1511=LINE('',#8542,#2228);
#1512=LINE('',#8544,#2229);
#1513=LINE('',#8546,#2230);
#1514=LINE('',#8549,#2231);
#1515=LINE('',#8550,#2232);
#1516=LINE('',#8552,#2233);
#1517=LINE('',#8554,#2234);
#1518=LINE('',#8556,#2235);
#1519=LINE('',#8558,#2236);
#1520=LINE('',#8561,#2237);
#1521=LINE('',#8562,#2238);
#1522=LINE('',#8564,#2239);
#1523=LINE('',#8566,#2240);
#1524=LINE('',#8568,#2241);
#1525=LINE('',#8570,#2242);
#1526=LINE('',#8573,#2243);
#1527=LINE('',#8574,#2244);
#1528=LINE('',#8576,#2245);
#1529=LINE('',#8578,#2246);
#1530=LINE('',#8580,#2247);
#1531=LINE('',#8582,#2248);
#1532=LINE('',#8585,#2249);
#1533=LINE('',#8586,#2250);
#1534=LINE('',#8588,#2251);
#1535=LINE('',#8590,#2252);
#1536=LINE('',#8592,#2253);
#1537=LINE('',#8594,#2254);
#1538=LINE('',#8597,#2255);
#1539=LINE('',#8598,#2256);
#1540=LINE('',#8600,#2257);
#1541=LINE('',#8602,#2258);
#1542=LINE('',#8604,#2259);
#1543=LINE('',#8606,#2260);
#1544=LINE('',#8609,#2261);
#1545=LINE('',#8610,#2262);
#1546=LINE('',#8612,#2263);
#1547=LINE('',#8614,#2264);
#1548=LINE('',#8616,#2265);
#1549=LINE('',#8618,#2266);
#1550=LINE('',#8621,#2267);
#1551=LINE('',#8622,#2268);
#1552=LINE('',#8624,#2269);
#1553=LINE('',#8626,#2270);
#1554=LINE('',#8628,#2271);
#1555=LINE('',#8630,#2272);
#1556=LINE('',#8633,#2273);
#1557=LINE('',#8634,#2274);
#1558=LINE('',#8636,#2275);
#1559=LINE('',#8638,#2276);
#1560=LINE('',#8640,#2277);
#1561=LINE('',#8642,#2278);
#1562=LINE('',#8645,#2279);
#1563=LINE('',#8646,#2280);
#1564=LINE('',#8648,#2281);
#1565=LINE('',#8650,#2282);
#1566=LINE('',#8652,#2283);
#1567=LINE('',#8654,#2284);
#1568=LINE('',#8657,#2285);
#1569=LINE('',#8658,#2286);
#1570=LINE('',#8660,#2287);
#1571=LINE('',#8662,#2288);
#1572=LINE('',#8664,#2289);
#1573=LINE('',#8666,#2290);
#1574=LINE('',#8669,#2291);
#1575=LINE('',#8670,#2292);
#1576=LINE('',#8672,#2293);
#1577=LINE('',#8674,#2294);
#1578=LINE('',#8676,#2295);
#1579=LINE('',#8678,#2296);
#1580=LINE('',#8681,#2297);
#1581=LINE('',#8682,#2298);
#1582=LINE('',#8684,#2299);
#1583=LINE('',#8686,#2300);
#1584=LINE('',#8692,#2301);
#1585=LINE('',#8694,#2302);
#1586=LINE('',#8696,#2303);
#1587=LINE('',#8697,#2304);
#1588=LINE('',#8701,#2305);
#1589=LINE('',#8703,#2306);
#1590=LINE('',#8705,#2307);
#1591=LINE('',#8706,#2308);
#1592=LINE('',#8708,#2309);
#1593=LINE('',#8709,#2310);
#1594=LINE('',#8713,#2311);
#1595=LINE('',#8715,#2312);
#1596=LINE('',#8717,#2313);
#1597=LINE('',#8718,#2314);
#1598=LINE('',#8722,#2315);
#1599=LINE('',#8724,#2316);
#1600=LINE('',#8726,#2317);
#1601=LINE('',#8727,#2318);
#1602=LINE('',#8729,#2319);
#1603=LINE('',#8730,#2320);
#1604=LINE('',#8733,#2321);
#1605=LINE('',#8735,#2322);
#1606=LINE('',#8736,#2323);
#1607=LINE('',#8739,#2324);
#1608=LINE('',#8741,#2325);
#1609=LINE('',#8742,#2326);
#1610=LINE('',#8744,#2327);
#1611=LINE('',#8745,#2328);
#1612=LINE('',#8748,#2329);
#1613=LINE('',#8749,#2330);
#1614=LINE('',#8751,#2331);
#1615=LINE('',#8752,#2332);
#1616=LINE('',#8755,#2333);
#1617=LINE('',#8756,#2334);
#1618=LINE('',#8759,#2335);
#1619=LINE('',#8761,#2336);
#1620=LINE('',#8762,#2337);
#1621=LINE('',#8765,#2338);
#1622=LINE('',#8766,#2339);
#1623=LINE('',#8769,#2340);
#1624=LINE('',#8770,#2341);
#1625=LINE('',#8772,#2342);
#1626=LINE('',#8775,#2343);
#1627=LINE('',#8777,#2344);
#1628=LINE('',#8780,#2345);
#1629=LINE('',#8783,#2346);
#1630=LINE('',#8784,#2347);
#1631=LINE('',#8786,#2348);
#1632=LINE('',#8790,#2349);
#1633=LINE('',#8792,#2350);
#1634=LINE('',#8793,#2351);
#1635=LINE('',#8796,#2352);
#1636=LINE('',#8797,#2353);
#1637=LINE('',#8800,#2354);
#1638=LINE('',#8801,#2355);
#1639=LINE('',#8803,#2356);
#1640=LINE('',#8807,#2357);
#1641=LINE('',#8809,#2358);
#1642=LINE('',#8810,#2359);
#1643=LINE('',#8813,#2360);
#1644=LINE('',#8814,#2361);
#1645=LINE('',#8817,#2362);
#1646=LINE('',#8818,#2363);
#1647=LINE('',#8820,#2364);
#1648=LINE('',#8824,#2365);
#1649=LINE('',#8825,#2366);
#1650=LINE('',#8827,#2367);
#1651=LINE('',#8831,#2368);
#1652=LINE('',#8832,#2369);
#1653=LINE('',#8837,#2370);
#1654=LINE('',#8843,#2371);
#1655=LINE('',#8845,#2372);
#1656=LINE('',#8847,#2373);
#1657=LINE('',#8849,#2374);
#1658=LINE('',#8851,#2375);
#1659=LINE('',#8853,#2376);
#1660=LINE('',#8854,#2377);
#1661=LINE('',#8859,#2378);
#1662=LINE('',#8866,#2379);
#1663=LINE('',#8873,#2380);
#1664=LINE('',#8880,#2381);
#1665=LINE('',#8886,#2382);
#1666=LINE('',#8891,#2383);
#1667=LINE('',#8896,#2384);
#1668=LINE('',#8901,#2385);
#1669=LINE('',#8905,#2386);
#1670=LINE('',#8906,#2387);
#1671=LINE('',#8908,#2388);
#1672=LINE('',#8910,#2389);
#1673=LINE('',#8912,#2390);
#1674=LINE('',#8914,#2391);
#1675=LINE('',#8926,#2392);
#1676=LINE('',#8928,#2393);
#1677=LINE('',#8930,#2394);
#1678=LINE('',#8931,#2395);
#1679=LINE('',#8933,#2396);
#1680=LINE('',#8937,#2397);
#1681=LINE('',#8942,#2398);
#1682=LINE('',#8947,#2399);
#1683=LINE('',#8952,#2400);
#1684=LINE('',#8957,#2401);
#1685=LINE('',#8959,#2402);
#1686=LINE('',#8960,#2403);
#1687=LINE('',#8963,#2404);
#1688=LINE('',#8964,#2405);
#1689=LINE('',#8967,#2406);
#1690=LINE('',#8968,#2407);
#1691=LINE('',#8970,#2408);
#1692=LINE('',#8972,#2409);
#1693=LINE('',#8973,#2410);
#1694=LINE('',#8975,#2411);
#1695=LINE('',#8977,#2412);
#1696=LINE('',#8979,#2413);
#1697=LINE('',#8981,#2414);
#1698=LINE('',#8983,#2415);
#1699=VECTOR('',#6008,10.);
#1700=VECTOR('',#6011,10.);
#1701=VECTOR('',#6014,10.);
#1702=VECTOR('',#6017,10.);
#1703=VECTOR('',#6020,10.);
#1704=VECTOR('',#6023,10.);
#1705=VECTOR('',#6026,10.);
#1706=VECTOR('',#6027,10.);
#1707=VECTOR('',#6028,10.);
#1708=VECTOR('',#6033,10.);
#1709=VECTOR('',#6036,10.);
#1710=VECTOR('',#6037,10.);
#1711=VECTOR('',#6040,10.);
#1712=VECTOR('',#6043,10.);
#1713=VECTOR('',#6044,10.);
#1714=VECTOR('',#6045,10.);
#1715=VECTOR('',#6046,10.);
#1716=VECTOR('',#6051,10.);
#1717=VECTOR('',#6054,10.);
#1718=VECTOR('',#6057,10.);
#1719=VECTOR('',#6058,10.);
#1720=VECTOR('',#6059,10.);
#1721=VECTOR('',#6060,10.);
#1722=VECTOR('',#6061,10.);
#1723=VECTOR('',#6064,10.);
#1724=VECTOR('',#6065,10.);
#1725=VECTOR('',#6066,10.);
#1726=VECTOR('',#6067,10.);
#1727=VECTOR('',#6072,10.);
#1728=VECTOR('',#6073,10.);
#1729=VECTOR('',#6076,10.);
#1730=VECTOR('',#6079,10.);
#1731=VECTOR('',#6080,10.);
#1732=VECTOR('',#6083,10.);
#1733=VECTOR('',#6084,10.);
#1734=VECTOR('',#6085,10.);
#1735=VECTOR('',#6086,10.);
#1736=VECTOR('',#6089,10.);
#1737=VECTOR('',#6090,10.);
#1738=VECTOR('',#6091,10.);
#1739=VECTOR('',#6092,10.);
#1740=VECTOR('',#6093,10.);
#1741=VECTOR('',#6094,10.);
#1742=VECTOR('',#6095,10.);
#1743=VECTOR('',#6096,10.);
#1744=VECTOR('',#6099,10.);
#1745=VECTOR('',#6104,10.);
#1746=VECTOR('',#6107,10.);
#1747=VECTOR('',#6108,10.);
#1748=VECTOR('',#6109,10.);
#1749=VECTOR('',#6110,10.);
#1750=VECTOR('',#6111,10.);
#1751=VECTOR('',#6112,10.);
#1752=VECTOR('',#6113,10.);
#1753=VECTOR('',#6114,10.);
#1754=VECTOR('',#6115,10.);
#1755=VECTOR('',#6116,10.);
#1756=VECTOR('',#6117,10.);
#1757=VECTOR('',#6118,10.);
#1758=VECTOR('',#6119,10.);
#1759=VECTOR('',#6120,10.);
#1760=VECTOR('',#6121,10.);
#1761=VECTOR('',#6122,10.);
#1762=VECTOR('',#6123,10.);
#1763=VECTOR('',#6124,10.);
#1764=VECTOR('',#6125,10.);
#1765=VECTOR('',#6126,10.);
#1766=VECTOR('',#6127,10.);
#1767=VECTOR('',#6128,10.);
#1768=VECTOR('',#6129,10.);
#1769=VECTOR('',#6130,10.);
#1770=VECTOR('',#6131,10.);
#1771=VECTOR('',#6132,10.);
#1772=VECTOR('',#6133,10.);
#1773=VECTOR('',#6134,10.);
#1774=VECTOR('',#6135,10.);
#1775=VECTOR('',#6136,10.);
#1776=VECTOR('',#6137,10.);
#1777=VECTOR('',#6138,10.);
#1778=VECTOR('',#6139,10.);
#1779=VECTOR('',#6140,10.);
#1780=VECTOR('',#6141,10.);
#1781=VECTOR('',#6142,10.);
#1782=VECTOR('',#6143,10.);
#1783=VECTOR('',#6144,10.);
#1784=VECTOR('',#6145,10.);
#1785=VECTOR('',#6146,10.);
#1786=VECTOR('',#6147,10.);
#1787=VECTOR('',#6148,10.);
#1788=VECTOR('',#6149,10.);
#1789=VECTOR('',#6150,10.);
#1790=VECTOR('',#6151,10.);
#1791=VECTOR('',#6152,10.);
#1792=VECTOR('',#6153,10.);
#1793=VECTOR('',#6154,10.);
#1794=VECTOR('',#6155,10.);
#1795=VECTOR('',#6156,10.);
#1796=VECTOR('',#6157,10.);
#1797=VECTOR('',#6158,10.);
#1798=VECTOR('',#6159,10.);
#1799=VECTOR('',#6160,10.);
#1800=VECTOR('',#6161,10.);
#1801=VECTOR('',#6162,10.);
#1802=VECTOR('',#6163,10.);
#1803=VECTOR('',#6164,10.);
#1804=VECTOR('',#6165,10.);
#1805=VECTOR('',#6166,10.);
#1806=VECTOR('',#6167,10.);
#1807=VECTOR('',#6168,10.);
#1808=VECTOR('',#6169,10.);
#1809=VECTOR('',#6170,10.);
#1810=VECTOR('',#6171,10.);
#1811=VECTOR('',#6172,10.);
#1812=VECTOR('',#6173,10.);
#1813=VECTOR('',#6174,10.);
#1814=VECTOR('',#6175,10.);
#1815=VECTOR('',#6176,10.);
#1816=VECTOR('',#6177,10.);
#1817=VECTOR('',#6178,10.);
#1818=VECTOR('',#6179,10.);
#1819=VECTOR('',#6180,10.);
#1820=VECTOR('',#6181,10.);
#1821=VECTOR('',#6182,10.);
#1822=VECTOR('',#6183,10.);
#1823=VECTOR('',#6184,10.);
#1824=VECTOR('',#6185,10.);
#1825=VECTOR('',#6186,10.);
#1826=VECTOR('',#6187,10.);
#1827=VECTOR('',#6188,10.);
#1828=VECTOR('',#6189,10.);
#1829=VECTOR('',#6190,10.);
#1830=VECTOR('',#6191,10.);
#1831=VECTOR('',#6194,10.);
#1832=VECTOR('',#6197,10.);
#1833=VECTOR('',#6200,10.);
#1834=VECTOR('',#6205,10.);
#1835=VECTOR('',#6206,10.);
#1836=VECTOR('',#6209,10.);
#1837=VECTOR('',#6210,10.);
#1838=VECTOR('',#6211,10.);
#1839=VECTOR('',#6212,10.);
#1840=VECTOR('',#6213,10.);
#1841=VECTOR('',#6216,10.);
#1842=VECTOR('',#6219,10.);
#1843=VECTOR('',#6222,10.);
#1844=VECTOR('',#6225,10.);
#1845=VECTOR('',#6226,10.);
#1846=VECTOR('',#6227,10.);
#1847=VECTOR('',#6228,10.);
#1848=VECTOR('',#6229,10.);
#1849=VECTOR('',#6230,10.);
#1850=VECTOR('',#6231,10.);
#1851=VECTOR('',#6232,10.);
#1852=VECTOR('',#6233,10.);
#1853=VECTOR('',#6234,10.);
#1854=VECTOR('',#6235,10.);
#1855=VECTOR('',#6236,10.);
#1856=VECTOR('',#6237,10.);
#1857=VECTOR('',#6238,10.);
#1858=VECTOR('',#6239,10.);
#1859=VECTOR('',#6240,10.);
#1860=VECTOR('',#6241,10.);
#1861=VECTOR('',#6242,10.);
#1862=VECTOR('',#6243,10.);
#1863=VECTOR('',#6244,10.);
#1864=VECTOR('',#6245,10.);
#1865=VECTOR('',#6246,10.);
#1866=VECTOR('',#6247,10.);
#1867=VECTOR('',#6248,10.);
#1868=VECTOR('',#6249,10.);
#1869=VECTOR('',#6250,10.);
#1870=VECTOR('',#6251,10.);
#1871=VECTOR('',#6252,10.);
#1872=VECTOR('',#6253,10.);
#1873=VECTOR('',#6254,10.);
#1874=VECTOR('',#6255,10.);
#1875=VECTOR('',#6256,10.);
#1876=VECTOR('',#6257,10.);
#1877=VECTOR('',#6258,10.);
#1878=VECTOR('',#6259,10.);
#1879=VECTOR('',#6260,10.);
#1880=VECTOR('',#6261,10.);
#1881=VECTOR('',#6262,10.);
#1882=VECTOR('',#6263,10.);
#1883=VECTOR('',#6264,10.);
#1884=VECTOR('',#6265,10.);
#1885=VECTOR('',#6266,10.);
#1886=VECTOR('',#6267,10.);
#1887=VECTOR('',#6268,10.);
#1888=VECTOR('',#6269,10.);
#1889=VECTOR('',#6270,10.);
#1890=VECTOR('',#6271,10.);
#1891=VECTOR('',#6272,10.);
#1892=VECTOR('',#6273,10.);
#1893=VECTOR('',#6274,10.);
#1894=VECTOR('',#6275,10.);
#1895=VECTOR('',#6276,10.);
#1896=VECTOR('',#6277,10.);
#1897=VECTOR('',#6278,10.);
#1898=VECTOR('',#6279,10.);
#1899=VECTOR('',#6280,10.);
#1900=VECTOR('',#6281,10.);
#1901=VECTOR('',#6282,10.);
#1902=VECTOR('',#6283,10.);
#1903=VECTOR('',#6284,10.);
#1904=VECTOR('',#6285,10.);
#1905=VECTOR('',#6286,10.);
#1906=VECTOR('',#6287,10.);
#1907=VECTOR('',#6288,10.);
#1908=VECTOR('',#6289,10.);
#1909=VECTOR('',#6290,10.);
#1910=VECTOR('',#6291,10.);
#1911=VECTOR('',#6292,10.);
#1912=VECTOR('',#6293,10.);
#1913=VECTOR('',#6294,10.);
#1914=VECTOR('',#6295,10.);
#1915=VECTOR('',#6296,10.);
#1916=VECTOR('',#6297,10.);
#1917=VECTOR('',#6298,10.);
#1918=VECTOR('',#6299,10.);
#1919=VECTOR('',#6300,10.);
#1920=VECTOR('',#6301,10.);
#1921=VECTOR('',#6302,10.);
#1922=VECTOR('',#6303,10.);
#1923=VECTOR('',#6304,10.);
#1924=VECTOR('',#6305,10.);
#1925=VECTOR('',#6306,10.);
#1926=VECTOR('',#6307,10.);
#1927=VECTOR('',#6308,10.);
#1928=VECTOR('',#6309,10.);
#1929=VECTOR('',#6310,10.);
#1930=VECTOR('',#6311,10.);
#1931=VECTOR('',#6312,10.);
#1932=VECTOR('',#6313,10.);
#1933=VECTOR('',#6316,10.);
#1934=VECTOR('',#6321,10.);
#1935=VECTOR('',#6326,10.);
#1936=VECTOR('',#6327,10.);
#1937=VECTOR('',#6328,10.);
#1938=VECTOR('',#6329,10.);
#1939=VECTOR('',#6332,10.);
#1940=VECTOR('',#6337,10.);
#1941=VECTOR('',#6340,10.);
#1942=VECTOR('',#6343,10.);
#1943=VECTOR('',#6344,10.);
#1944=VECTOR('',#6345,10.);
#1945=VECTOR('',#6350,10.);
#1946=VECTOR('',#6353,10.);
#1947=VECTOR('',#6356,10.);
#1948=VECTOR('',#6357,10.);
#1949=VECTOR('',#6358,10.);
#1950=VECTOR('',#6359,10.);
#1951=VECTOR('',#6360,10.);
#1952=VECTOR('',#6361,10.);
#1953=VECTOR('',#6362,10.);
#1954=VECTOR('',#6363,10.);
#1955=VECTOR('',#6364,10.);
#1956=VECTOR('',#6365,10.);
#1957=VECTOR('',#6366,10.);
#1958=VECTOR('',#6367,10.);
#1959=VECTOR('',#6368,10.);
#1960=VECTOR('',#6369,10.);
#1961=VECTOR('',#6370,10.);
#1962=VECTOR('',#6371,10.);
#1963=VECTOR('',#6372,10.);
#1964=VECTOR('',#6373,10.);
#1965=VECTOR('',#6374,10.);
#1966=VECTOR('',#6375,10.);
#1967=VECTOR('',#6380,10.);
#1968=VECTOR('',#6383,10.);
#1969=VECTOR('',#6386,10.);
#1970=VECTOR('',#6387,10.);
#1971=VECTOR('',#6392,10.);
#1972=VECTOR('',#6397,10.);
#1973=VECTOR('',#6398,10.);
#1974=VECTOR('',#6401,10.);
#1975=VECTOR('',#6402,10.);
#1976=VECTOR('',#6405,10.);
#1977=VECTOR('',#6408,10.);
#1978=VECTOR('',#6411,10.);
#1979=VECTOR('',#6414,10.);
#1980=VECTOR('',#6419,10.);
#1981=VECTOR('',#6420,10.);
#1982=VECTOR('',#6423,10.);
#1983=VECTOR('',#6426,10.);
#1984=VECTOR('',#6429,10.);
#1985=VECTOR('',#6432,10.);
#1986=VECTOR('',#6435,10.);
#1987=VECTOR('',#6438,10.);
#1988=VECTOR('',#6443,10.);
#1989=VECTOR('',#6444,10.);
#1990=VECTOR('',#6445,10.);
#1991=VECTOR('',#6446,10.);
#1992=VECTOR('',#6449,10.);
#1993=VECTOR('',#6450,10.);
#1994=VECTOR('',#6451,10.);
#1995=VECTOR('',#6452,10.);
#1996=VECTOR('',#6453,10.);
#1997=VECTOR('',#6454,10.);
#1998=VECTOR('',#6455,10.);
#1999=VECTOR('',#6456,10.);
#2000=VECTOR('',#6457,10.);
#2001=VECTOR('',#6458,10.);
#2002=VECTOR('',#6459,10.);
#2003=VECTOR('',#6460,10.);
#2004=VECTOR('',#6461,10.);
#2005=VECTOR('',#6462,10.);
#2006=VECTOR('',#6463,10.);
#2007=VECTOR('',#6464,10.);
#2008=VECTOR('',#6465,10.);
#2009=VECTOR('',#6466,10.);
#2010=VECTOR('',#6467,10.);
#2011=VECTOR('',#6468,10.);
#2012=VECTOR('',#6469,10.);
#2013=VECTOR('',#6480,10.);
#2014=VECTOR('',#6481,10.);
#2015=VECTOR('',#6484,10.);
#2016=VECTOR('',#6485,10.);
#2017=VECTOR('',#6486,10.);
#2018=VECTOR('',#6487,10.);
#2019=VECTOR('',#6490,10.);
#2020=VECTOR('',#6491,10.);
#2021=VECTOR('',#6492,10.);
#2022=VECTOR('',#6495,10.);
#2023=VECTOR('',#6496,10.);
#2024=VECTOR('',#6497,10.);
#2025=VECTOR('',#6500,10.);
#2026=VECTOR('',#6501,10.);
#2027=VECTOR('',#6502,10.);
#2028=VECTOR('',#6505,10.);
#2029=VECTOR('',#6506,10.);
#2030=VECTOR('',#6507,10.);
#2031=VECTOR('',#6510,10.);
#2032=VECTOR('',#6511,10.);
#2033=VECTOR('',#6514,10.);
#2034=VECTOR('',#6515,10.);
#2035=VECTOR('',#6516,10.);
#2036=VECTOR('',#6517,10.);
#2037=VECTOR('',#6520,10.);
#2038=VECTOR('',#6521,10.);
#2039=VECTOR('',#6522,10.);
#2040=VECTOR('',#6525,10.);
#2041=VECTOR('',#6526,10.);
#2042=VECTOR('',#6527,10.);
#2043=VECTOR('',#6530,10.);
#2044=VECTOR('',#6531,10.);
#2045=VECTOR('',#6532,10.);
#2046=VECTOR('',#6535,10.);
#2047=VECTOR('',#6536,10.);
#2048=VECTOR('',#6537,10.);
#2049=VECTOR('',#6540,10.);
#2050=VECTOR('',#6541,10.);
#2051=VECTOR('',#6544,10.);
#2052=VECTOR('',#6545,10.);
#2053=VECTOR('',#6546,10.);
#2054=VECTOR('',#6547,10.);
#2055=VECTOR('',#6550,10.);
#2056=VECTOR('',#6551,10.);
#2057=VECTOR('',#6552,10.);
#2058=VECTOR('',#6555,10.);
#2059=VECTOR('',#6556,10.);
#2060=VECTOR('',#6557,10.);
#2061=VECTOR('',#6560,10.);
#2062=VECTOR('',#6561,10.);
#2063=VECTOR('',#6562,10.);
#2064=VECTOR('',#6565,10.);
#2065=VECTOR('',#6566,10.);
#2066=VECTOR('',#6567,10.);
#2067=VECTOR('',#6570,10.);
#2068=VECTOR('',#6571,10.);
#2069=VECTOR('',#6574,10.);
#2070=VECTOR('',#6575,10.);
#2071=VECTOR('',#6576,10.);
#2072=VECTOR('',#6577,10.);
#2073=VECTOR('',#6580,10.);
#2074=VECTOR('',#6581,10.);
#2075=VECTOR('',#6582,10.);
#2076=VECTOR('',#6585,10.);
#2077=VECTOR('',#6586,10.);
#2078=VECTOR('',#6587,10.);
#2079=VECTOR('',#6590,10.);
#2080=VECTOR('',#6591,10.);
#2081=VECTOR('',#6592,10.);
#2082=VECTOR('',#6595,10.);
#2083=VECTOR('',#6596,10.);
#2084=VECTOR('',#6597,10.);
#2085=VECTOR('',#6600,10.);
#2086=VECTOR('',#6601,10.);
#2087=VECTOR('',#6604,10.);
#2088=VECTOR('',#6605,10.);
#2089=VECTOR('',#6606,10.);
#2090=VECTOR('',#6607,10.);
#2091=VECTOR('',#6610,10.);
#2092=VECTOR('',#6611,10.);
#2093=VECTOR('',#6612,10.);
#2094=VECTOR('',#6615,10.);
#2095=VECTOR('',#6616,10.);
#2096=VECTOR('',#6617,10.);
#2097=VECTOR('',#6620,10.);
#2098=VECTOR('',#6621,10.);
#2099=VECTOR('',#6622,10.);
#2100=VECTOR('',#6625,10.);
#2101=VECTOR('',#6626,10.);
#2102=VECTOR('',#6627,10.);
#2103=VECTOR('',#6630,10.);
#2104=VECTOR('',#6631,10.);
#2105=VECTOR('',#6634,10.);
#2106=VECTOR('',#6635,10.);
#2107=VECTOR('',#6636,10.);
#2108=VECTOR('',#6637,10.);
#2109=VECTOR('',#6640,10.);
#2110=VECTOR('',#6641,10.);
#2111=VECTOR('',#6642,10.);
#2112=VECTOR('',#6645,10.);
#2113=VECTOR('',#6646,10.);
#2114=VECTOR('',#6647,10.);
#2115=VECTOR('',#6650,10.);
#2116=VECTOR('',#6651,10.);
#2117=VECTOR('',#6652,10.);
#2118=VECTOR('',#6655,10.);
#2119=VECTOR('',#6656,10.);
#2120=VECTOR('',#6657,10.);
#2121=VECTOR('',#6660,10.);
#2122=VECTOR('',#6661,10.);
#2123=VECTOR('',#6664,10.);
#2124=VECTOR('',#6665,10.);
#2125=VECTOR('',#6666,10.);
#2126=VECTOR('',#6667,10.);
#2127=VECTOR('',#6670,10.);
#2128=VECTOR('',#6671,10.);
#2129=VECTOR('',#6672,10.);
#2130=VECTOR('',#6675,10.);
#2131=VECTOR('',#6676,10.);
#2132=VECTOR('',#6677,10.);
#2133=VECTOR('',#6680,10.);
#2134=VECTOR('',#6681,10.);
#2135=VECTOR('',#6682,10.);
#2136=VECTOR('',#6685,10.);
#2137=VECTOR('',#6686,10.);
#2138=VECTOR('',#6687,10.);
#2139=VECTOR('',#6690,10.);
#2140=VECTOR('',#6691,10.);
#2141=VECTOR('',#6694,10.);
#2142=VECTOR('',#6695,10.);
#2143=VECTOR('',#6696,10.);
#2144=VECTOR('',#6697,10.);
#2145=VECTOR('',#6700,10.);
#2146=VECTOR('',#6701,10.);
#2147=VECTOR('',#6702,10.);
#2148=VECTOR('',#6705,10.);
#2149=VECTOR('',#6706,10.);
#2150=VECTOR('',#6707,10.);
#2151=VECTOR('',#6710,10.);
#2152=VECTOR('',#6711,10.);
#2153=VECTOR('',#6712,10.);
#2154=VECTOR('',#6715,10.);
#2155=VECTOR('',#6716,10.);
#2156=VECTOR('',#6717,10.);
#2157=VECTOR('',#6720,10.);
#2158=VECTOR('',#6721,10.);
#2159=VECTOR('',#6724,10.);
#2160=VECTOR('',#6725,10.);
#2161=VECTOR('',#6726,10.);
#2162=VECTOR('',#6727,10.);
#2163=VECTOR('',#6730,10.);
#2164=VECTOR('',#6731,10.);
#2165=VECTOR('',#6732,10.);
#2166=VECTOR('',#6735,10.);
#2167=VECTOR('',#6736,10.);
#2168=VECTOR('',#6737,10.);
#2169=VECTOR('',#6740,10.);
#2170=VECTOR('',#6741,10.);
#2171=VECTOR('',#6742,10.);
#2172=VECTOR('',#6745,10.);
#2173=VECTOR('',#6746,10.);
#2174=VECTOR('',#6747,10.);
#2175=VECTOR('',#6750,10.);
#2176=VECTOR('',#6751,10.);
#2177=VECTOR('',#6754,10.);
#2178=VECTOR('',#6755,10.);
#2179=VECTOR('',#6756,10.);
#2180=VECTOR('',#6757,10.);
#2181=VECTOR('',#6760,10.);
#2182=VECTOR('',#6761,10.);
#2183=VECTOR('',#6762,10.);
#2184=VECTOR('',#6765,10.);
#2185=VECTOR('',#6766,10.);
#2186=VECTOR('',#6767,10.);
#2187=VECTOR('',#6770,10.);
#2188=VECTOR('',#6771,10.);
#2189=VECTOR('',#6772,10.);
#2190=VECTOR('',#6775,10.);
#2191=VECTOR('',#6776,10.);
#2192=VECTOR('',#6777,10.);
#2193=VECTOR('',#6780,10.);
#2194=VECTOR('',#6781,10.);
#2195=VECTOR('',#6784,10.);
#2196=VECTOR('',#6785,10.);
#2197=VECTOR('',#6786,10.);
#2198=VECTOR('',#6787,10.);
#2199=VECTOR('',#6790,10.);
#2200=VECTOR('',#6791,10.);
#2201=VECTOR('',#6792,10.);
#2202=VECTOR('',#6795,10.);
#2203=VECTOR('',#6796,10.);
#2204=VECTOR('',#6797,10.);
#2205=VECTOR('',#6800,10.);
#2206=VECTOR('',#6801,10.);
#2207=VECTOR('',#6802,10.);
#2208=VECTOR('',#6805,10.);
#2209=VECTOR('',#6806,10.);
#2210=VECTOR('',#6807,10.);
#2211=VECTOR('',#6810,10.);
#2212=VECTOR('',#6811,10.);
#2213=VECTOR('',#6814,10.);
#2214=VECTOR('',#6815,10.);
#2215=VECTOR('',#6818,10.);
#2216=VECTOR('',#6821,10.);
#2217=VECTOR('',#6824,10.);
#2218=VECTOR('',#6827,10.);
#2219=VECTOR('',#6832,10.);
#2220=VECTOR('',#6833,10.);
#2221=VECTOR('',#6836,10.);
#2222=VECTOR('',#6839,10.);
#2223=VECTOR('',#6842,10.);
#2224=VECTOR('',#6845,10.);
#2225=VECTOR('',#6850,10.);
#2226=VECTOR('',#6851,10.);
#2227=VECTOR('',#6854,10.);
#2228=VECTOR('',#6857,10.);
#2229=VECTOR('',#6860,10.);
#2230=VECTOR('',#6863,10.);
#2231=VECTOR('',#6868,10.);
#2232=VECTOR('',#6869,10.);
#2233=VECTOR('',#6872,10.);
#2234=VECTOR('',#6875,10.);
#2235=VECTOR('',#6878,10.);
#2236=VECTOR('',#6881,10.);
#2237=VECTOR('',#6886,10.);
#2238=VECTOR('',#6887,10.);
#2239=VECTOR('',#6890,10.);
#2240=VECTOR('',#6893,10.);
#2241=VECTOR('',#6896,10.);
#2242=VECTOR('',#6899,10.);
#2243=VECTOR('',#6904,10.);
#2244=VECTOR('',#6905,10.);
#2245=VECTOR('',#6908,10.);
#2246=VECTOR('',#6911,10.);
#2247=VECTOR('',#6914,10.);
#2248=VECTOR('',#6917,10.);
#2249=VECTOR('',#6922,10.);
#2250=VECTOR('',#6923,10.);
#2251=VECTOR('',#6926,10.);
#2252=VECTOR('',#6929,10.);
#2253=VECTOR('',#6932,10.);
#2254=VECTOR('',#6935,10.);
#2255=VECTOR('',#6940,10.);
#2256=VECTOR('',#6941,10.);
#2257=VECTOR('',#6944,10.);
#2258=VECTOR('',#6947,10.);
#2259=VECTOR('',#6950,10.);
#2260=VECTOR('',#6953,10.);
#2261=VECTOR('',#6958,10.);
#2262=VECTOR('',#6959,10.);
#2263=VECTOR('',#6962,10.);
#2264=VECTOR('',#6965,10.);
#2265=VECTOR('',#6968,10.);
#2266=VECTOR('',#6971,10.);
#2267=VECTOR('',#6976,10.);
#2268=VECTOR('',#6977,10.);
#2269=VECTOR('',#6980,10.);
#2270=VECTOR('',#6983,10.);
#2271=VECTOR('',#6986,10.);
#2272=VECTOR('',#6989,10.);
#2273=VECTOR('',#6994,10.);
#2274=VECTOR('',#6995,10.);
#2275=VECTOR('',#6998,10.);
#2276=VECTOR('',#7001,10.);
#2277=VECTOR('',#7004,10.);
#2278=VECTOR('',#7007,10.);
#2279=VECTOR('',#7012,10.);
#2280=VECTOR('',#7013,10.);
#2281=VECTOR('',#7016,10.);
#2282=VECTOR('',#7019,10.);
#2283=VECTOR('',#7022,10.);
#2284=VECTOR('',#7025,10.);
#2285=VECTOR('',#7030,10.);
#2286=VECTOR('',#7031,10.);
#2287=VECTOR('',#7034,10.);
#2288=VECTOR('',#7037,10.);
#2289=VECTOR('',#7040,10.);
#2290=VECTOR('',#7043,10.);
#2291=VECTOR('',#7048,10.);
#2292=VECTOR('',#7049,10.);
#2293=VECTOR('',#7052,10.);
#2294=VECTOR('',#7055,10.);
#2295=VECTOR('',#7058,10.);
#2296=VECTOR('',#7061,10.);
#2297=VECTOR('',#7066,10.);
#2298=VECTOR('',#7067,10.);
#2299=VECTOR('',#7070,10.);
#2300=VECTOR('',#7073,10.);
#2301=VECTOR('',#7080,10.);
#2302=VECTOR('',#7081,10.);
#2303=VECTOR('',#7082,10.);
#2304=VECTOR('',#7083,10.);
#2305=VECTOR('',#7086,10.);
#2306=VECTOR('',#7087,10.);
#2307=VECTOR('',#7088,10.);
#2308=VECTOR('',#7089,10.);
#2309=VECTOR('',#7092,10.);
#2310=VECTOR('',#7093,10.);
#2311=VECTOR('',#7096,10.);
#2312=VECTOR('',#7097,10.);
#2313=VECTOR('',#7098,10.);
#2314=VECTOR('',#7099,10.);
#2315=VECTOR('',#7102,10.);
#2316=VECTOR('',#7103,10.);
#2317=VECTOR('',#7104,10.);
#2318=VECTOR('',#7105,10.);
#2319=VECTOR('',#7108,10.);
#2320=VECTOR('',#7109,10.);
#2321=VECTOR('',#7112,10.);
#2322=VECTOR('',#7113,10.);
#2323=VECTOR('',#7114,10.);
#2324=VECTOR('',#7117,10.);
#2325=VECTOR('',#7118,10.);
#2326=VECTOR('',#7119,10.);
#2327=VECTOR('',#7122,10.);
#2328=VECTOR('',#7123,10.);
#2329=VECTOR('',#7126,10.);
#2330=VECTOR('',#7127,10.);
#2331=VECTOR('',#7128,10.);
#2332=VECTOR('',#7129,10.);
#2333=VECTOR('',#7132,10.);
#2334=VECTOR('',#7133,10.);
#2335=VECTOR('',#7136,10.);
#2336=VECTOR('',#7137,10.);
#2337=VECTOR('',#7138,10.);
#2338=VECTOR('',#7141,10.);
#2339=VECTOR('',#7142,10.);
#2340=VECTOR('',#7145,10.);
#2341=VECTOR('',#7146,10.);
#2342=VECTOR('',#7149,10.);
#2343=VECTOR('',#7154,10.);
#2344=VECTOR('',#7157,10.);
#2345=VECTOR('',#7162,10.);
#2346=VECTOR('',#7165,10.);
#2347=VECTOR('',#7166,10.);
#2348=VECTOR('',#7169,10.);
#2349=VECTOR('',#7174,10.);
#2350=VECTOR('',#7175,10.);
#2351=VECTOR('',#7176,10.);
#2352=VECTOR('',#7179,10.);
#2353=VECTOR('',#7180,10.);
#2354=VECTOR('',#7183,10.);
#2355=VECTOR('',#7184,10.);
#2356=VECTOR('',#7187,10.);
#2357=VECTOR('',#7192,10.);
#2358=VECTOR('',#7193,10.);
#2359=VECTOR('',#7194,10.);
#2360=VECTOR('',#7197,10.);
#2361=VECTOR('',#7198,10.);
#2362=VECTOR('',#7201,10.);
#2363=VECTOR('',#7202,10.);
#2364=VECTOR('',#7205,10.);
#2365=VECTOR('',#7210,10.);
#2366=VECTOR('',#7211,10.);
#2367=VECTOR('',#7214,10.);
#2368=VECTOR('',#7219,10.);
#2369=VECTOR('',#7220,10.);
#2370=VECTOR('',#7225,1.2645);
#2371=VECTOR('',#7232,10.);
#2372=VECTOR('',#7233,10.);
#2373=VECTOR('',#7234,10.);
#2374=VECTOR('',#7235,10.);
#2375=VECTOR('',#7236,10.);
#2376=VECTOR('',#7237,10.);
#2377=VECTOR('',#7238,10.);
#2378=VECTOR('',#7243,0.8115);
#2379=VECTOR('',#7252,0.8115);
#2380=VECTOR('',#7261,0.8115);
#2381=VECTOR('',#7270,0.8115);
#2382=VECTOR('',#7279,2.5);
#2383=VECTOR('',#7286,2.5);
#2384=VECTOR('',#7293,2.5);
#2385=VECTOR('',#7300,2.5);
#2386=VECTOR('',#7305,10.);
#2387=VECTOR('',#7306,10.);
#2388=VECTOR('',#7309,10.);
#2389=VECTOR('',#7312,10.);
#2390=VECTOR('',#7315,10.);
#2391=VECTOR('',#7318,10.);
#2392=VECTOR('',#7329,10.);
#2393=VECTOR('',#7330,10.);
#2394=VECTOR('',#7331,10.);
#2395=VECTOR('',#7332,10.);
#2396=VECTOR('',#7335,10.);
#2397=VECTOR('',#7340,1.2645);
#2398=VECTOR('',#7347,1.2645);
#2399=VECTOR('',#7354,1.2645);
#2400=VECTOR('',#7361,1.2645);
#2401=VECTOR('',#7368,10.);
#2402=VECTOR('',#7369,10.);
#2403=VECTOR('',#7370,10.);
#2404=VECTOR('',#7373,10.);
#2405=VECTOR('',#7374,10.);
#2406=VECTOR('',#7377,10.);
#2407=VECTOR('',#7378,10.);
#2408=VECTOR('',#7381,10.);
#2409=VECTOR('',#7384,10.);
#2410=VECTOR('',#7385,10.);
#2411=VECTOR('',#7388,10.);
#2412=VECTOR('',#7391,10.);
#2413=VECTOR('',#7394,10.);
#2414=VECTOR('',#7397,10.);
#2415=VECTOR('',#7400,10.);
#2416=CIRCLE('',#5660,4.);
#2417=CIRCLE('',#5661,4.);
#2418=CIRCLE('',#5663,4.);
#2419=CIRCLE('',#5664,4.);
#2420=CIRCLE('',#5665,4.);
#2421=CIRCLE('',#5668,4.);
#2422=CIRCLE('',#5669,4.);
#2423=CIRCLE('',#5671,4.);
#2424=CIRCLE('',#5673,4.);
#2425=CIRCLE('',#5679,4.);
#2426=CIRCLE('',#5683,3.);
#2427=CIRCLE('',#5684,3.);
#2428=CIRCLE('',#5685,3.);
#2429=CIRCLE('',#5686,3.);
#2430=CIRCLE('',#5687,2.);
#2431=CIRCLE('',#5688,2.);
#2432=CIRCLE('',#5689,2.);
#2433=CIRCLE('',#5690,2.);
#2434=CIRCLE('',#5693,2.);
#2435=CIRCLE('',#5694,2.);
#2436=CIRCLE('',#5695,2.);
#2437=CIRCLE('',#5696,2.);
#2438=CIRCLE('',#5697,3.);
#2439=CIRCLE('',#5698,3.);
#2440=CIRCLE('',#5699,3.);
#2441=CIRCLE('',#5700,3.);
#2442=CIRCLE('',#5704,1.);
#2443=CIRCLE('',#5705,1.);
#2444=CIRCLE('',#5708,1.);
#2445=CIRCLE('',#5709,1.);
#2446=CIRCLE('',#5712,1.);
#2447=CIRCLE('',#5713,1.);
#2448=CIRCLE('',#5716,1.);
#2449=CIRCLE('',#5717,1.);
#2450=CIRCLE('',#5735,2.5);
#2451=CIRCLE('',#5736,2.5);
#2452=CIRCLE('',#5737,2.5);
#2453=CIRCLE('',#5738,2.5);
#2454=CIRCLE('',#5933,1.2645);
#2455=CIRCLE('',#5934,1.2645);
#2456=CIRCLE('',#5938,0.8115);
#2457=CIRCLE('',#5939,0.8115);
#2458=CIRCLE('',#5942,0.8115);
#2459=CIRCLE('',#5943,0.8115);
#2460=CIRCLE('',#5946,0.8115);
#2461=CIRCLE('',#5947,0.8115);
#2462=CIRCLE('',#5950,0.8115);
#2463=CIRCLE('',#5951,0.8115);
#2464=CIRCLE('',#5954,2.5);
#2465=CIRCLE('',#5957,2.5);
#2466=CIRCLE('',#5960,2.5);
#2467=CIRCLE('',#5963,2.5);
#2468=CIRCLE('',#5971,1.2645);
#2469=CIRCLE('',#5972,1.2645);
#2470=CIRCLE('',#5973,1.2645);
#2471=CIRCLE('',#5974,1.2645);
#2472=CIRCLE('',#5978,1.2645);
#2473=CIRCLE('',#5981,1.2645);
#2474=CIRCLE('',#5984,1.2645);
#2475=CIRCLE('',#5987,1.2645);
#2476=VERTEX_POINT('',#7409);
#2477=VERTEX_POINT('',#7410);
#2478=VERTEX_POINT('',#7412);
#2479=VERTEX_POINT('',#7414);
#2480=VERTEX_POINT('',#7418);
#2481=VERTEX_POINT('',#7420);
#2482=VERTEX_POINT('',#7422);
#2483=VERTEX_POINT('',#7424);
#2484=VERTEX_POINT('',#7426);
#2485=VERTEX_POINT('',#7428);
#2486=VERTEX_POINT('',#7432);
#2487=VERTEX_POINT('',#7434);
#2488=VERTEX_POINT('',#7438);
#2489=VERTEX_POINT('',#7439);
#2490=VERTEX_POINT('',#7441);
#2491=VERTEX_POINT('',#7444);
#2492=VERTEX_POINT('',#7448);
#2493=VERTEX_POINT('',#7450);
#2494=VERTEX_POINT('',#7452);
#2495=VERTEX_POINT('',#7454);
#2496=VERTEX_POINT('',#7456);
#2497=VERTEX_POINT('',#7460);
#2498=VERTEX_POINT('',#7461);
#2499=VERTEX_POINT('',#7464);
#2500=VERTEX_POINT('',#7468);
#2501=VERTEX_POINT('',#7470);
#2502=VERTEX_POINT('',#7472);
#2503=VERTEX_POINT('',#7474);
#2504=VERTEX_POINT('',#7478);
#2505=VERTEX_POINT('',#7481);
#2506=VERTEX_POINT('',#7485);
#2507=VERTEX_POINT('',#7486);
#2508=VERTEX_POINT('',#7489);
#2509=VERTEX_POINT('',#7491);
#2510=VERTEX_POINT('',#7493);
#2511=VERTEX_POINT('',#7495);
#2512=VERTEX_POINT('',#7497);
#2513=VERTEX_POINT('',#7501);
#2514=VERTEX_POINT('',#7503);
#2515=VERTEX_POINT('',#7505);
#2516=VERTEX_POINT('',#7509);
#2517=VERTEX_POINT('',#7513);
#2518=VERTEX_POINT('',#7515);
#2519=VERTEX_POINT('',#7517);
#2520=VERTEX_POINT('',#7519);
#2521=VERTEX_POINT('',#7522);
#2522=VERTEX_POINT('',#7523);
#2523=VERTEX_POINT('',#7525);
#2524=VERTEX_POINT('',#7527);
#2525=VERTEX_POINT('',#7529);
#2526=VERTEX_POINT('',#7531);
#2527=VERTEX_POINT('',#7534);
#2528=VERTEX_POINT('',#7535);
#2529=VERTEX_POINT('',#7537);
#2530=VERTEX_POINT('',#7539);
#2531=VERTEX_POINT('',#7541);
#2532=VERTEX_POINT('',#7543);
#2533=VERTEX_POINT('',#7546);
#2534=VERTEX_POINT('',#7547);
#2535=VERTEX_POINT('',#7549);
#2536=VERTEX_POINT('',#7551);
#2537=VERTEX_POINT('',#7553);
#2538=VERTEX_POINT('',#7555);
#2539=VERTEX_POINT('',#7558);
#2540=VERTEX_POINT('',#7559);
#2541=VERTEX_POINT('',#7561);
#2542=VERTEX_POINT('',#7563);
#2543=VERTEX_POINT('',#7565);
#2544=VERTEX_POINT('',#7567);
#2545=VERTEX_POINT('',#7570);
#2546=VERTEX_POINT('',#7571);
#2547=VERTEX_POINT('',#7573);
#2548=VERTEX_POINT('',#7575);
#2549=VERTEX_POINT('',#7577);
#2550=VERTEX_POINT('',#7579);
#2551=VERTEX_POINT('',#7582);
#2552=VERTEX_POINT('',#7583);
#2553=VERTEX_POINT('',#7585);
#2554=VERTEX_POINT('',#7587);
#2555=VERTEX_POINT('',#7589);
#2556=VERTEX_POINT('',#7591);
#2557=VERTEX_POINT('',#7594);
#2558=VERTEX_POINT('',#7595);
#2559=VERTEX_POINT('',#7597);
#2560=VERTEX_POINT('',#7599);
#2561=VERTEX_POINT('',#7601);
#2562=VERTEX_POINT('',#7603);
#2563=VERTEX_POINT('',#7606);
#2564=VERTEX_POINT('',#7607);
#2565=VERTEX_POINT('',#7609);
#2566=VERTEX_POINT('',#7611);
#2567=VERTEX_POINT('',#7613);
#2568=VERTEX_POINT('',#7615);
#2569=VERTEX_POINT('',#7618);
#2570=VERTEX_POINT('',#7619);
#2571=VERTEX_POINT('',#7621);
#2572=VERTEX_POINT('',#7623);
#2573=VERTEX_POINT('',#7625);
#2574=VERTEX_POINT('',#7627);
#2575=VERTEX_POINT('',#7630);
#2576=VERTEX_POINT('',#7631);
#2577=VERTEX_POINT('',#7633);
#2578=VERTEX_POINT('',#7635);
#2579=VERTEX_POINT('',#7637);
#2580=VERTEX_POINT('',#7639);
#2581=VERTEX_POINT('',#7642);
#2582=VERTEX_POINT('',#7643);
#2583=VERTEX_POINT('',#7645);
#2584=VERTEX_POINT('',#7647);
#2585=VERTEX_POINT('',#7649);
#2586=VERTEX_POINT('',#7651);
#2587=VERTEX_POINT('',#7654);
#2588=VERTEX_POINT('',#7655);
#2589=VERTEX_POINT('',#7657);
#2590=VERTEX_POINT('',#7659);
#2591=VERTEX_POINT('',#7661);
#2592=VERTEX_POINT('',#7663);
#2593=VERTEX_POINT('',#7666);
#2594=VERTEX_POINT('',#7667);
#2595=VERTEX_POINT('',#7669);
#2596=VERTEX_POINT('',#7671);
#2597=VERTEX_POINT('',#7673);
#2598=VERTEX_POINT('',#7675);
#2599=VERTEX_POINT('',#7678);
#2600=VERTEX_POINT('',#7679);
#2601=VERTEX_POINT('',#7681);
#2602=VERTEX_POINT('',#7683);
#2603=VERTEX_POINT('',#7685);
#2604=VERTEX_POINT('',#7687);
#2605=VERTEX_POINT('',#7690);
#2606=VERTEX_POINT('',#7691);
#2607=VERTEX_POINT('',#7693);
#2608=VERTEX_POINT('',#7695);
#2609=VERTEX_POINT('',#7697);
#2610=VERTEX_POINT('',#7699);
#2611=VERTEX_POINT('',#7702);
#2612=VERTEX_POINT('',#7703);
#2613=VERTEX_POINT('',#7705);
#2614=VERTEX_POINT('',#7707);
#2615=VERTEX_POINT('',#7709);
#2616=VERTEX_POINT('',#7711);
#2617=VERTEX_POINT('',#7713);
#2618=VERTEX_POINT('',#7715);
#2619=VERTEX_POINT('',#7719);
#2620=VERTEX_POINT('',#7723);
#2621=VERTEX_POINT('',#7725);
#2622=VERTEX_POINT('',#7727);
#2623=VERTEX_POINT('',#7730);
#2624=VERTEX_POINT('',#7731);
#2625=VERTEX_POINT('',#7733);
#2626=VERTEX_POINT('',#7735);
#2627=VERTEX_POINT('',#7737);
#2628=VERTEX_POINT('',#7739);
#2629=VERTEX_POINT('',#7741);
#2630=VERTEX_POINT('',#7743);
#2631=VERTEX_POINT('',#7746);
#2632=VERTEX_POINT('',#7747);
#2633=VERTEX_POINT('',#7749);
#2634=VERTEX_POINT('',#7751);
#2635=VERTEX_POINT('',#7753);
#2636=VERTEX_POINT('',#7755);
#2637=VERTEX_POINT('',#7758);
#2638=VERTEX_POINT('',#7759);
#2639=VERTEX_POINT('',#7761);
#2640=VERTEX_POINT('',#7763);
#2641=VERTEX_POINT('',#7765);
#2642=VERTEX_POINT('',#7767);
#2643=VERTEX_POINT('',#7770);
#2644=VERTEX_POINT('',#7771);
#2645=VERTEX_POINT('',#7773);
#2646=VERTEX_POINT('',#7775);
#2647=VERTEX_POINT('',#7777);
#2648=VERTEX_POINT('',#7779);
#2649=VERTEX_POINT('',#7782);
#2650=VERTEX_POINT('',#7783);
#2651=VERTEX_POINT('',#7785);
#2652=VERTEX_POINT('',#7787);
#2653=VERTEX_POINT('',#7789);
#2654=VERTEX_POINT('',#7791);
#2655=VERTEX_POINT('',#7794);
#2656=VERTEX_POINT('',#7795);
#2657=VERTEX_POINT('',#7797);
#2658=VERTEX_POINT('',#7799);
#2659=VERTEX_POINT('',#7801);
#2660=VERTEX_POINT('',#7803);
#2661=VERTEX_POINT('',#7806);
#2662=VERTEX_POINT('',#7807);
#2663=VERTEX_POINT('',#7809);
#2664=VERTEX_POINT('',#7811);
#2665=VERTEX_POINT('',#7813);
#2666=VERTEX_POINT('',#7815);
#2667=VERTEX_POINT('',#7818);
#2668=VERTEX_POINT('',#7819);
#2669=VERTEX_POINT('',#7821);
#2670=VERTEX_POINT('',#7823);
#2671=VERTEX_POINT('',#7825);
#2672=VERTEX_POINT('',#7827);
#2673=VERTEX_POINT('',#7830);
#2674=VERTEX_POINT('',#7831);
#2675=VERTEX_POINT('',#7833);
#2676=VERTEX_POINT('',#7835);
#2677=VERTEX_POINT('',#7837);
#2678=VERTEX_POINT('',#7839);
#2679=VERTEX_POINT('',#7842);
#2680=VERTEX_POINT('',#7844);
#2681=VERTEX_POINT('',#7846);
#2682=VERTEX_POINT('',#7848);
#2683=VERTEX_POINT('',#7851);
#2684=VERTEX_POINT('',#7852);
#2685=VERTEX_POINT('',#7854);
#2686=VERTEX_POINT('',#7856);
#2687=VERTEX_POINT('',#7858);
#2688=VERTEX_POINT('',#7860);
#2689=VERTEX_POINT('',#7863);
#2690=VERTEX_POINT('',#7864);
#2691=VERTEX_POINT('',#7866);
#2692=VERTEX_POINT('',#7868);
#2693=VERTEX_POINT('',#7870);
#2694=VERTEX_POINT('',#7872);
#2695=VERTEX_POINT('',#7875);
#2696=VERTEX_POINT('',#7876);
#2697=VERTEX_POINT('',#7878);
#2698=VERTEX_POINT('',#7880);
#2699=VERTEX_POINT('',#7882);
#2700=VERTEX_POINT('',#7884);
#2701=VERTEX_POINT('',#7887);
#2702=VERTEX_POINT('',#7888);
#2703=VERTEX_POINT('',#7890);
#2704=VERTEX_POINT('',#7892);
#2705=VERTEX_POINT('',#7894);
#2706=VERTEX_POINT('',#7896);
#2707=VERTEX_POINT('',#7899);
#2708=VERTEX_POINT('',#7900);
#2709=VERTEX_POINT('',#7902);
#2710=VERTEX_POINT('',#7904);
#2711=VERTEX_POINT('',#7906);
#2712=VERTEX_POINT('',#7908);
#2713=VERTEX_POINT('',#7911);
#2714=VERTEX_POINT('',#7912);
#2715=VERTEX_POINT('',#7914);
#2716=VERTEX_POINT('',#7916);
#2717=VERTEX_POINT('',#7918);
#2718=VERTEX_POINT('',#7920);
#2719=VERTEX_POINT('',#7923);
#2720=VERTEX_POINT('',#7924);
#2721=VERTEX_POINT('',#7926);
#2722=VERTEX_POINT('',#7928);
#2723=VERTEX_POINT('',#7930);
#2724=VERTEX_POINT('',#7932);
#2725=VERTEX_POINT('',#7936);
#2726=VERTEX_POINT('',#7938);
#2727=VERTEX_POINT('',#7940);
#2728=VERTEX_POINT('',#7946);
#2729=VERTEX_POINT('',#7947);
#2730=VERTEX_POINT('',#7949);
#2731=VERTEX_POINT('',#7951);
#2732=VERTEX_POINT('',#7955);
#2733=VERTEX_POINT('',#7957);
#2734=VERTEX_POINT('',#7961);
#2735=VERTEX_POINT('',#7962);
#2736=VERTEX_POINT('',#7964);
#2737=VERTEX_POINT('',#7966);
#2738=VERTEX_POINT('',#7973);
#2739=VERTEX_POINT('',#7975);
#2740=VERTEX_POINT('',#7977);
#2741=VERTEX_POINT('',#7979);
#2742=VERTEX_POINT('',#7981);
#2743=VERTEX_POINT('',#7984);
#2744=VERTEX_POINT('',#7985);
#2745=VERTEX_POINT('',#7987);
#2746=VERTEX_POINT('',#7989);
#2747=VERTEX_POINT('',#7991);
#2748=VERTEX_POINT('',#7993);
#2749=VERTEX_POINT('',#7995);
#2750=VERTEX_POINT('',#7998);
#2751=VERTEX_POINT('',#7999);
#2752=VERTEX_POINT('',#8001);
#2753=VERTEX_POINT('',#8003);
#2754=VERTEX_POINT('',#8007);
#2755=VERTEX_POINT('',#8008);
#2756=VERTEX_POINT('',#8010);
#2757=VERTEX_POINT('',#8012);
#2758=VERTEX_POINT('',#8019);
#2759=VERTEX_POINT('',#8021);
#2760=VERTEX_POINT('',#8056);
#2761=VERTEX_POINT('',#8057);
#2762=VERTEX_POINT('',#8059);
#2763=VERTEX_POINT('',#8061);
#2764=VERTEX_POINT('',#8065);
#2765=VERTEX_POINT('',#8069);
#2766=VERTEX_POINT('',#8072);
#2767=VERTEX_POINT('',#8073);
#2768=VERTEX_POINT('',#8075);
#2769=VERTEX_POINT('',#8077);
#2770=VERTEX_POINT('',#8080);
#2771=VERTEX_POINT('',#8081);
#2772=VERTEX_POINT('',#8083);
#2773=VERTEX_POINT('',#8085);
#2774=VERTEX_POINT('',#8088);
#2775=VERTEX_POINT('',#8089);
#2776=VERTEX_POINT('',#8091);
#2777=VERTEX_POINT('',#8093);
#2778=VERTEX_POINT('',#8096);
#2779=VERTEX_POINT('',#8097);
#2780=VERTEX_POINT('',#8099);
#2781=VERTEX_POINT('',#8101);
#2782=VERTEX_POINT('',#8104);
#2783=VERTEX_POINT('',#8106);
#2784=VERTEX_POINT('',#8108);
#2785=VERTEX_POINT('',#8110);
#2786=VERTEX_POINT('',#8113);
#2787=VERTEX_POINT('',#8117);
#2788=VERTEX_POINT('',#8118);
#2789=VERTEX_POINT('',#8120);
#2790=VERTEX_POINT('',#8122);
#2791=VERTEX_POINT('',#8126);
#2792=VERTEX_POINT('',#8128);
#2793=VERTEX_POINT('',#8132);
#2794=VERTEX_POINT('',#8134);
#2795=VERTEX_POINT('',#8138);
#2796=VERTEX_POINT('',#8140);
#2797=VERTEX_POINT('',#8144);
#2798=VERTEX_POINT('',#8146);
#2799=VERTEX_POINT('',#8153);
#2800=VERTEX_POINT('',#8154);
#2801=VERTEX_POINT('',#8156);
#2802=VERTEX_POINT('',#8158);
#2803=VERTEX_POINT('',#8162);
#2804=VERTEX_POINT('',#8164);
#2805=VERTEX_POINT('',#8168);
#2806=VERTEX_POINT('',#8170);
#2807=VERTEX_POINT('',#8174);
#2808=VERTEX_POINT('',#8176);
#2809=VERTEX_POINT('',#8180);
#2810=VERTEX_POINT('',#8182);
#2811=VERTEX_POINT('',#8189);
#2812=VERTEX_POINT('',#8190);
#2813=VERTEX_POINT('',#8192);
#2814=VERTEX_POINT('',#8194);
#2815=VERTEX_POINT('',#8198);
#2816=VERTEX_POINT('',#8200);
#2817=VERTEX_POINT('',#8204);
#2818=VERTEX_POINT('',#8206);
#2819=VERTEX_POINT('',#8210);
#2820=VERTEX_POINT('',#8212);
#2821=VERTEX_POINT('',#8216);
#2822=VERTEX_POINT('',#8218);
#2823=VERTEX_POINT('',#8225);
#2824=VERTEX_POINT('',#8226);
#2825=VERTEX_POINT('',#8228);
#2826=VERTEX_POINT('',#8230);
#2827=VERTEX_POINT('',#8234);
#2828=VERTEX_POINT('',#8236);
#2829=VERTEX_POINT('',#8240);
#2830=VERTEX_POINT('',#8242);
#2831=VERTEX_POINT('',#8246);
#2832=VERTEX_POINT('',#8248);
#2833=VERTEX_POINT('',#8252);
#2834=VERTEX_POINT('',#8254);
#2835=VERTEX_POINT('',#8261);
#2836=VERTEX_POINT('',#8262);
#2837=VERTEX_POINT('',#8264);
#2838=VERTEX_POINT('',#8266);
#2839=VERTEX_POINT('',#8270);
#2840=VERTEX_POINT('',#8272);
#2841=VERTEX_POINT('',#8276);
#2842=VERTEX_POINT('',#8278);
#2843=VERTEX_POINT('',#8282);
#2844=VERTEX_POINT('',#8284);
#2845=VERTEX_POINT('',#8288);
#2846=VERTEX_POINT('',#8290);
#2847=VERTEX_POINT('',#8297);
#2848=VERTEX_POINT('',#8298);
#2849=VERTEX_POINT('',#8300);
#2850=VERTEX_POINT('',#8302);
#2851=VERTEX_POINT('',#8306);
#2852=VERTEX_POINT('',#8308);
#2853=VERTEX_POINT('',#8312);
#2854=VERTEX_POINT('',#8314);
#2855=VERTEX_POINT('',#8318);
#2856=VERTEX_POINT('',#8320);
#2857=VERTEX_POINT('',#8324);
#2858=VERTEX_POINT('',#8326);
#2859=VERTEX_POINT('',#8333);
#2860=VERTEX_POINT('',#8334);
#2861=VERTEX_POINT('',#8336);
#2862=VERTEX_POINT('',#8338);
#2863=VERTEX_POINT('',#8342);
#2864=VERTEX_POINT('',#8344);
#2865=VERTEX_POINT('',#8348);
#2866=VERTEX_POINT('',#8350);
#2867=VERTEX_POINT('',#8354);
#2868=VERTEX_POINT('',#8356);
#2869=VERTEX_POINT('',#8360);
#2870=VERTEX_POINT('',#8362);
#2871=VERTEX_POINT('',#8369);
#2872=VERTEX_POINT('',#8370);
#2873=VERTEX_POINT('',#8372);
#2874=VERTEX_POINT('',#8374);
#2875=VERTEX_POINT('',#8378);
#2876=VERTEX_POINT('',#8380);
#2877=VERTEX_POINT('',#8384);
#2878=VERTEX_POINT('',#8386);
#2879=VERTEX_POINT('',#8390);
#2880=VERTEX_POINT('',#8392);
#2881=VERTEX_POINT('',#8396);
#2882=VERTEX_POINT('',#8398);
#2883=VERTEX_POINT('',#8405);
#2884=VERTEX_POINT('',#8406);
#2885=VERTEX_POINT('',#8408);
#2886=VERTEX_POINT('',#8410);
#2887=VERTEX_POINT('',#8414);
#2888=VERTEX_POINT('',#8416);
#2889=VERTEX_POINT('',#8420);
#2890=VERTEX_POINT('',#8422);
#2891=VERTEX_POINT('',#8426);
#2892=VERTEX_POINT('',#8428);
#2893=VERTEX_POINT('',#8432);
#2894=VERTEX_POINT('',#8434);
#2895=VERTEX_POINT('',#8441);
#2896=VERTEX_POINT('',#8442);
#2897=VERTEX_POINT('',#8444);
#2898=VERTEX_POINT('',#8446);
#2899=VERTEX_POINT('',#8450);
#2900=VERTEX_POINT('',#8452);
#2901=VERTEX_POINT('',#8456);
#2902=VERTEX_POINT('',#8458);
#2903=VERTEX_POINT('',#8462);
#2904=VERTEX_POINT('',#8464);
#2905=VERTEX_POINT('',#8468);
#2906=VERTEX_POINT('',#8470);
#2907=VERTEX_POINT('',#8477);
#2908=VERTEX_POINT('',#8478);
#2909=VERTEX_POINT('',#8480);
#2910=VERTEX_POINT('',#8482);
#2911=VERTEX_POINT('',#8486);
#2912=VERTEX_POINT('',#8488);
#2913=VERTEX_POINT('',#8492);
#2914=VERTEX_POINT('',#8494);
#2915=VERTEX_POINT('',#8498);
#2916=VERTEX_POINT('',#8500);
#2917=VERTEX_POINT('',#8504);
#2918=VERTEX_POINT('',#8506);
#2919=VERTEX_POINT('',#8690);
#2920=VERTEX_POINT('',#8691);
#2921=VERTEX_POINT('',#8693);
#2922=VERTEX_POINT('',#8695);
#2923=VERTEX_POINT('',#8699);
#2924=VERTEX_POINT('',#8700);
#2925=VERTEX_POINT('',#8702);
#2926=VERTEX_POINT('',#8704);
#2927=VERTEX_POINT('',#8711);
#2928=VERTEX_POINT('',#8712);
#2929=VERTEX_POINT('',#8714);
#2930=VERTEX_POINT('',#8716);
#2931=VERTEX_POINT('',#8720);
#2932=VERTEX_POINT('',#8721);
#2933=VERTEX_POINT('',#8723);
#2934=VERTEX_POINT('',#8725);
#2935=VERTEX_POINT('',#8732);
#2936=VERTEX_POINT('',#8734);
#2937=VERTEX_POINT('',#8738);
#2938=VERTEX_POINT('',#8740);
#2939=VERTEX_POINT('',#8747);
#2940=VERTEX_POINT('',#8750);
#2941=VERTEX_POINT('',#8754);
#2942=VERTEX_POINT('',#8758);
#2943=VERTEX_POINT('',#8760);
#2944=VERTEX_POINT('',#8764);
#2945=VERTEX_POINT('',#8768);
#2946=VERTEX_POINT('',#8782);
#2947=VERTEX_POINT('',#8789);
#2948=VERTEX_POINT('',#8791);
#2949=VERTEX_POINT('',#8795);
#2950=VERTEX_POINT('',#8799);
#2951=VERTEX_POINT('',#8806);
#2952=VERTEX_POINT('',#8808);
#2953=VERTEX_POINT('',#8812);
#2954=VERTEX_POINT('',#8816);
#2955=VERTEX_POINT('',#8823);
#2956=VERTEX_POINT('',#8830);
#2957=VERTEX_POINT('',#8834);
#2958=VERTEX_POINT('',#8836);
#2959=VERTEX_POINT('',#8841);
#2960=VERTEX_POINT('',#8842);
#2961=VERTEX_POINT('',#8844);
#2962=VERTEX_POINT('',#8846);
#2963=VERTEX_POINT('',#8848);
#2964=VERTEX_POINT('',#8850);
#2965=VERTEX_POINT('',#8852);
#2966=VERTEX_POINT('',#8856);
#2967=VERTEX_POINT('',#8858);
#2968=VERTEX_POINT('',#8863);
#2969=VERTEX_POINT('',#8865);
#2970=VERTEX_POINT('',#8870);
#2971=VERTEX_POINT('',#8872);
#2972=VERTEX_POINT('',#8877);
#2973=VERTEX_POINT('',#8879);
#2974=VERTEX_POINT('',#8884);
#2975=VERTEX_POINT('',#8889);
#2976=VERTEX_POINT('',#8894);
#2977=VERTEX_POINT('',#8899);
#2978=VERTEX_POINT('',#8904);
#2979=VERTEX_POINT('',#8916);
#2980=VERTEX_POINT('',#8918);
#2981=VERTEX_POINT('',#8920);
#2982=VERTEX_POINT('',#8922);
#2983=VERTEX_POINT('',#8924);
#2984=VERTEX_POINT('',#8925);
#2985=VERTEX_POINT('',#8927);
#2986=VERTEX_POINT('',#8929);
#2987=VERTEX_POINT('',#8936);
#2988=VERTEX_POINT('',#8941);
#2989=VERTEX_POINT('',#8946);
#2990=VERTEX_POINT('',#8951);
#2991=VERTEX_POINT('',#8956);
#2992=VERTEX_POINT('',#8958);
#2993=VERTEX_POINT('',#8962);
#2994=VERTEX_POINT('',#8966);
#2995=EDGE_CURVE('',#2476,#2477,#2416,.T.);
#2996=EDGE_CURVE('',#2477,#2478,#982,.T.);
#2997=EDGE_CURVE('',#2478,#2479,#2417,.T.);
#2998=EDGE_CURVE('',#2479,#2476,#983,.T.);
#2999=EDGE_CURVE('',#2480,#2476,#984,.T.);
#3000=EDGE_CURVE('',#2481,#2480,#2418,.T.);
#3001=EDGE_CURVE('',#2482,#2481,#985,.T.);
#3002=EDGE_CURVE('',#2483,#2482,#2419,.T.);
#3003=EDGE_CURVE('',#2484,#2483,#986,.T.);
#3004=EDGE_CURVE('',#2485,#2484,#2420,.T.);
#3005=EDGE_CURVE('',#2477,#2485,#987,.T.);
#3006=EDGE_CURVE('',#2486,#2479,#988,.T.);
#3007=EDGE_CURVE('',#2487,#2486,#989,.T.);
#3008=EDGE_CURVE('',#2480,#2487,#990,.T.);
#3009=EDGE_CURVE('',#2488,#2489,#2421,.T.);
#3010=EDGE_CURVE('',#2489,#2490,#991,.T.);
#3011=EDGE_CURVE('',#2490,#2478,#2422,.F.);
#3012=EDGE_CURVE('',#2478,#2491,#992,.T.);
#3013=EDGE_CURVE('',#2491,#2488,#993,.T.);
#3014=EDGE_CURVE('',#2492,#2488,#994,.T.);
#3015=EDGE_CURVE('',#2493,#2492,#2423,.T.);
#3016=EDGE_CURVE('',#2494,#2493,#995,.T.);
#3017=EDGE_CURVE('',#2495,#2494,#996,.T.);
#3018=EDGE_CURVE('',#2496,#2495,#997,.T.);
#3019=EDGE_CURVE('',#2489,#2496,#998,.T.);
#3020=EDGE_CURVE('',#2497,#2498,#2424,.T.);
#3021=EDGE_CURVE('',#2498,#2481,#999,.T.);
#3022=EDGE_CURVE('',#2487,#2499,#92,.T.);
#3023=EDGE_CURVE('',#2499,#2497,#1000,.T.);
#3024=EDGE_CURVE('',#2499,#2500,#1001,.T.);
#3025=EDGE_CURVE('',#2501,#2500,#1002,.T.);
#3026=EDGE_CURVE('',#2502,#2501,#1003,.T.);
#3027=EDGE_CURVE('',#2502,#2503,#1004,.T.);
#3028=EDGE_CURVE('',#2503,#2497,#1005,.T.);
#3029=EDGE_CURVE('',#2486,#2504,#1006,.T.);
#3030=EDGE_CURVE('',#2496,#2504,#1007,.T.);
#3031=EDGE_CURVE('',#2505,#2496,#1008,.T.);
#3032=EDGE_CURVE('',#2500,#2505,#1009,.T.);
#3033=EDGE_CURVE('',#2506,#2507,#93,.T.);
#3034=EDGE_CURVE('',#2507,#2483,#1010,.T.);
#3035=EDGE_CURVE('',#2482,#2508,#1011,.T.);
#3036=EDGE_CURVE('',#2508,#2509,#2425,.T.);
#3037=EDGE_CURVE('',#2509,#2510,#1012,.T.);
#3038=EDGE_CURVE('',#2510,#2511,#94,.T.);
#3039=EDGE_CURVE('',#2511,#2512,#1013,.T.);
#3040=EDGE_CURVE('',#2512,#2506,#1014,.T.);
#3041=EDGE_CURVE('',#2513,#2512,#1015,.T.);
#3042=EDGE_CURVE('',#2513,#2514,#1016,.T.);
#3043=EDGE_CURVE('',#2515,#2514,#1017,.T.);
#3044=EDGE_CURVE('',#2506,#2515,#1018,.T.);
#3045=EDGE_CURVE('',#2511,#2516,#1019,.T.);
#3046=EDGE_CURVE('',#2516,#2494,#1020,.T.);
#3047=EDGE_CURVE('',#2484,#2493,#1021,.T.);
#3048=EDGE_CURVE('',#2507,#2517,#1022,.T.);
#3049=EDGE_CURVE('',#2517,#2518,#1023,.T.);
#3050=EDGE_CURVE('',#2518,#2519,#1024,.T.);
#3051=EDGE_CURVE('',#2519,#2520,#1025,.T.);
#3052=EDGE_CURVE('',#2520,#2513,#1026,.T.);
#3053=EDGE_CURVE('',#2521,#2522,#2426,.T.);
#3054=EDGE_CURVE('',#2521,#2523,#1027,.T.);
#3055=EDGE_CURVE('',#2524,#2523,#2427,.T.);
#3056=EDGE_CURVE('',#2525,#2524,#2428,.T.);
#3057=EDGE_CURVE('',#2525,#2526,#1028,.T.);
#3058=EDGE_CURVE('',#2522,#2526,#2429,.T.);
#3059=EDGE_CURVE('',#2527,#2528,#1029,.T.);
#3060=EDGE_CURVE('',#2528,#2529,#1030,.T.);
#3061=EDGE_CURVE('',#2529,#2530,#1031,.T.);
#3062=EDGE_CURVE('',#2530,#2531,#1032,.T.);
#3063=EDGE_CURVE('',#2531,#2532,#1033,.T.);
#3064=EDGE_CURVE('',#2532,#2527,#1034,.T.);
#3065=EDGE_CURVE('',#2533,#2534,#1035,.T.);
#3066=EDGE_CURVE('',#2534,#2535,#1036,.T.);
#3067=EDGE_CURVE('',#2535,#2536,#1037,.T.);
#3068=EDGE_CURVE('',#2536,#2537,#1038,.T.);
#3069=EDGE_CURVE('',#2537,#2538,#1039,.T.);
#3070=EDGE_CURVE('',#2538,#2533,#1040,.T.);
#3071=EDGE_CURVE('',#2539,#2540,#1041,.T.);
#3072=EDGE_CURVE('',#2540,#2541,#1042,.T.);
#3073=EDGE_CURVE('',#2541,#2542,#1043,.T.);
#3074=EDGE_CURVE('',#2542,#2543,#1044,.T.);
#3075=EDGE_CURVE('',#2543,#2544,#1045,.T.);
#3076=EDGE_CURVE('',#2544,#2539,#1046,.T.);
#3077=EDGE_CURVE('',#2545,#2546,#1047,.T.);
#3078=EDGE_CURVE('',#2546,#2547,#1048,.T.);
#3079=EDGE_CURVE('',#2547,#2548,#1049,.T.);
#3080=EDGE_CURVE('',#2548,#2549,#1050,.T.);
#3081=EDGE_CURVE('',#2549,#2550,#1051,.T.);
#3082=EDGE_CURVE('',#2550,#2545,#1052,.T.);
#3083=EDGE_CURVE('',#2551,#2552,#1053,.T.);
#3084=EDGE_CURVE('',#2552,#2553,#1054,.T.);
#3085=EDGE_CURVE('',#2553,#2554,#1055,.T.);
#3086=EDGE_CURVE('',#2554,#2555,#1056,.T.);
#3087=EDGE_CURVE('',#2555,#2556,#1057,.T.);
#3088=EDGE_CURVE('',#2556,#2551,#1058,.T.);
#3089=EDGE_CURVE('',#2557,#2558,#1059,.T.);
#3090=EDGE_CURVE('',#2558,#2559,#1060,.T.);
#3091=EDGE_CURVE('',#2559,#2560,#1061,.T.);
#3092=EDGE_CURVE('',#2560,#2561,#1062,.T.);
#3093=EDGE_CURVE('',#2561,#2562,#1063,.T.);
#3094=EDGE_CURVE('',#2562,#2557,#1064,.T.);
#3095=EDGE_CURVE('',#2563,#2564,#1065,.T.);
#3096=EDGE_CURVE('',#2564,#2565,#1066,.T.);
#3097=EDGE_CURVE('',#2565,#2566,#1067,.T.);
#3098=EDGE_CURVE('',#2566,#2567,#1068,.T.);
#3099=EDGE_CURVE('',#2567,#2568,#1069,.T.);
#3100=EDGE_CURVE('',#2568,#2563,#1070,.T.);
#3101=EDGE_CURVE('',#2569,#2570,#1071,.T.);
#3102=EDGE_CURVE('',#2570,#2571,#1072,.T.);
#3103=EDGE_CURVE('',#2571,#2572,#1073,.T.);
#3104=EDGE_CURVE('',#2572,#2573,#1074,.T.);
#3105=EDGE_CURVE('',#2573,#2574,#1075,.T.);
#3106=EDGE_CURVE('',#2574,#2569,#1076,.T.);
#3107=EDGE_CURVE('',#2575,#2576,#1077,.T.);
#3108=EDGE_CURVE('',#2576,#2577,#1078,.T.);
#3109=EDGE_CURVE('',#2577,#2578,#1079,.T.);
#3110=EDGE_CURVE('',#2578,#2579,#1080,.T.);
#3111=EDGE_CURVE('',#2579,#2580,#1081,.T.);
#3112=EDGE_CURVE('',#2580,#2575,#1082,.T.);
#3113=EDGE_CURVE('',#2581,#2582,#1083,.T.);
#3114=EDGE_CURVE('',#2582,#2583,#1084,.T.);
#3115=EDGE_CURVE('',#2583,#2584,#1085,.T.);
#3116=EDGE_CURVE('',#2584,#2585,#1086,.T.);
#3117=EDGE_CURVE('',#2585,#2586,#1087,.T.);
#3118=EDGE_CURVE('',#2586,#2581,#1088,.T.);
#3119=EDGE_CURVE('',#2587,#2588,#1089,.T.);
#3120=EDGE_CURVE('',#2588,#2589,#1090,.T.);
#3121=EDGE_CURVE('',#2589,#2590,#1091,.T.);
#3122=EDGE_CURVE('',#2590,#2591,#1092,.T.);
#3123=EDGE_CURVE('',#2591,#2592,#1093,.T.);
#3124=EDGE_CURVE('',#2592,#2587,#1094,.T.);
#3125=EDGE_CURVE('',#2593,#2594,#1095,.T.);
#3126=EDGE_CURVE('',#2594,#2595,#1096,.T.);
#3127=EDGE_CURVE('',#2595,#2596,#1097,.T.);
#3128=EDGE_CURVE('',#2596,#2597,#1098,.T.);
#3129=EDGE_CURVE('',#2597,#2598,#1099,.T.);
#3130=EDGE_CURVE('',#2598,#2593,#1100,.T.);
#3131=EDGE_CURVE('',#2599,#2600,#1101,.T.);
#3132=EDGE_CURVE('',#2600,#2601,#1102,.T.);
#3133=EDGE_CURVE('',#2601,#2602,#1103,.T.);
#3134=EDGE_CURVE('',#2602,#2603,#1104,.T.);
#3135=EDGE_CURVE('',#2603,#2604,#1105,.T.);
#3136=EDGE_CURVE('',#2604,#2599,#1106,.T.);
#3137=EDGE_CURVE('',#2605,#2606,#1107,.T.);
#3138=EDGE_CURVE('',#2606,#2607,#1108,.T.);
#3139=EDGE_CURVE('',#2607,#2608,#1109,.T.);
#3140=EDGE_CURVE('',#2608,#2609,#1110,.T.);
#3141=EDGE_CURVE('',#2609,#2610,#1111,.T.);
#3142=EDGE_CURVE('',#2610,#2605,#1112,.T.);
#3143=EDGE_CURVE('',#2611,#2612,#1113,.T.);
#3144=EDGE_CURVE('',#2613,#2612,#2430,.T.);
#3145=EDGE_CURVE('',#2613,#2614,#1114,.T.);
#3146=EDGE_CURVE('',#2615,#2614,#2431,.T.);
#3147=EDGE_CURVE('',#2615,#2616,#1115,.T.);
#3148=EDGE_CURVE('',#2617,#2616,#2432,.T.);
#3149=EDGE_CURVE('',#2617,#2618,#1116,.T.);
#3150=EDGE_CURVE('',#2611,#2618,#2433,.T.);
#3151=EDGE_CURVE('',#2510,#2619,#1117,.T.);
#3152=EDGE_CURVE('',#2516,#2619,#1118,.T.);
#3153=EDGE_CURVE('',#2509,#2620,#1119,.T.);
#3154=EDGE_CURVE('',#2620,#2621,#1120,.T.);
#3155=EDGE_CURVE('',#2622,#2621,#1121,.T.);
#3156=EDGE_CURVE('',#2619,#2622,#1122,.T.);
#3157=EDGE_CURVE('',#2623,#2624,#1123,.T.);
#3158=EDGE_CURVE('',#2625,#2624,#2434,.T.);
#3159=EDGE_CURVE('',#2625,#2626,#1124,.T.);
#3160=EDGE_CURVE('',#2627,#2626,#2435,.T.);
#3161=EDGE_CURVE('',#2627,#2628,#1125,.T.);
#3162=EDGE_CURVE('',#2629,#2628,#2436,.T.);
#3163=EDGE_CURVE('',#2629,#2630,#1126,.T.);
#3164=EDGE_CURVE('',#2623,#2630,#2437,.T.);
#3165=EDGE_CURVE('',#2631,#2632,#1127,.T.);
#3166=EDGE_CURVE('',#2632,#2633,#1128,.T.);
#3167=EDGE_CURVE('',#2633,#2634,#1129,.T.);
#3168=EDGE_CURVE('',#2634,#2635,#1130,.T.);
#3169=EDGE_CURVE('',#2635,#2636,#1131,.T.);
#3170=EDGE_CURVE('',#2636,#2631,#1132,.T.);
#3171=EDGE_CURVE('',#2637,#2638,#1133,.T.);
#3172=EDGE_CURVE('',#2638,#2639,#1134,.T.);
#3173=EDGE_CURVE('',#2639,#2640,#1135,.T.);
#3174=EDGE_CURVE('',#2640,#2641,#1136,.T.);
#3175=EDGE_CURVE('',#2641,#2642,#1137,.T.);
#3176=EDGE_CURVE('',#2642,#2637,#1138,.T.);
#3177=EDGE_CURVE('',#2643,#2644,#1139,.T.);
#3178=EDGE_CURVE('',#2644,#2645,#1140,.T.);
#3179=EDGE_CURVE('',#2645,#2646,#1141,.T.);
#3180=EDGE_CURVE('',#2646,#2647,#1142,.T.);
#3181=EDGE_CURVE('',#2647,#2648,#1143,.T.);
#3182=EDGE_CURVE('',#2648,#2643,#1144,.T.);
#3183=EDGE_CURVE('',#2649,#2650,#1145,.T.);
#3184=EDGE_CURVE('',#2650,#2651,#1146,.T.);
#3185=EDGE_CURVE('',#2651,#2652,#1147,.T.);
#3186=EDGE_CURVE('',#2652,#2653,#1148,.T.);
#3187=EDGE_CURVE('',#2653,#2654,#1149,.T.);
#3188=EDGE_CURVE('',#2654,#2649,#1150,.T.);
#3189=EDGE_CURVE('',#2655,#2656,#1151,.T.);
#3190=EDGE_CURVE('',#2656,#2657,#1152,.T.);
#3191=EDGE_CURVE('',#2657,#2658,#1153,.T.);
#3192=EDGE_CURVE('',#2658,#2659,#1154,.T.);
#3193=EDGE_CURVE('',#2659,#2660,#1155,.T.);
#3194=EDGE_CURVE('',#2660,#2655,#1156,.T.);
#3195=EDGE_CURVE('',#2661,#2662,#1157,.T.);
#3196=EDGE_CURVE('',#2662,#2663,#1158,.T.);
#3197=EDGE_CURVE('',#2663,#2664,#1159,.T.);
#3198=EDGE_CURVE('',#2664,#2665,#1160,.T.);
#3199=EDGE_CURVE('',#2665,#2666,#1161,.T.);
#3200=EDGE_CURVE('',#2666,#2661,#1162,.T.);
#3201=EDGE_CURVE('',#2667,#2668,#1163,.T.);
#3202=EDGE_CURVE('',#2668,#2669,#1164,.T.);
#3203=EDGE_CURVE('',#2669,#2670,#1165,.T.);
#3204=EDGE_CURVE('',#2670,#2671,#1166,.T.);
#3205=EDGE_CURVE('',#2671,#2672,#1167,.T.);
#3206=EDGE_CURVE('',#2672,#2667,#1168,.T.);
#3207=EDGE_CURVE('',#2673,#2674,#1169,.T.);
#3208=EDGE_CURVE('',#2674,#2675,#1170,.T.);
#3209=EDGE_CURVE('',#2675,#2676,#1171,.T.);
#3210=EDGE_CURVE('',#2676,#2677,#1172,.T.);
#3211=EDGE_CURVE('',#2677,#2678,#1173,.T.);
#3212=EDGE_CURVE('',#2678,#2673,#1174,.T.);
#3213=EDGE_CURVE('',#2679,#2515,#1175,.T.);
#3214=EDGE_CURVE('',#2514,#2680,#1176,.T.);
#3215=EDGE_CURVE('',#2680,#2681,#1177,.T.);
#3216=EDGE_CURVE('',#2681,#2682,#1178,.T.);
#3217=EDGE_CURVE('',#2682,#2679,#1179,.T.);
#3218=EDGE_CURVE('',#2683,#2684,#1180,.T.);
#3219=EDGE_CURVE('',#2684,#2685,#1181,.T.);
#3220=EDGE_CURVE('',#2685,#2686,#1182,.T.);
#3221=EDGE_CURVE('',#2686,#2687,#1183,.T.);
#3222=EDGE_CURVE('',#2687,#2688,#1184,.T.);
#3223=EDGE_CURVE('',#2688,#2683,#1185,.T.);
#3224=EDGE_CURVE('',#2689,#2690,#1186,.T.);
#3225=EDGE_CURVE('',#2690,#2691,#1187,.T.);
#3226=EDGE_CURVE('',#2691,#2692,#1188,.T.);
#3227=EDGE_CURVE('',#2692,#2693,#1189,.T.);
#3228=EDGE_CURVE('',#2693,#2694,#1190,.T.);
#3229=EDGE_CURVE('',#2694,#2689,#1191,.T.);
#3230=EDGE_CURVE('',#2695,#2696,#1192,.T.);
#3231=EDGE_CURVE('',#2696,#2697,#1193,.T.);
#3232=EDGE_CURVE('',#2697,#2698,#1194,.T.);
#3233=EDGE_CURVE('',#2698,#2699,#1195,.T.);
#3234=EDGE_CURVE('',#2699,#2700,#1196,.T.);
#3235=EDGE_CURVE('',#2700,#2695,#1197,.T.);
#3236=EDGE_CURVE('',#2701,#2702,#1198,.T.);
#3237=EDGE_CURVE('',#2702,#2703,#1199,.T.);
#3238=EDGE_CURVE('',#2703,#2704,#1200,.T.);
#3239=EDGE_CURVE('',#2704,#2705,#1201,.T.);
#3240=EDGE_CURVE('',#2705,#2706,#1202,.T.);
#3241=EDGE_CURVE('',#2706,#2701,#1203,.T.);
#3242=EDGE_CURVE('',#2707,#2708,#1204,.T.);
#3243=EDGE_CURVE('',#2708,#2709,#1205,.T.);
#3244=EDGE_CURVE('',#2709,#2710,#1206,.T.);
#3245=EDGE_CURVE('',#2710,#2711,#1207,.T.);
#3246=EDGE_CURVE('',#2711,#2712,#1208,.T.);
#3247=EDGE_CURVE('',#2712,#2707,#1209,.T.);
#3248=EDGE_CURVE('',#2713,#2714,#1210,.T.);
#3249=EDGE_CURVE('',#2714,#2715,#1211,.T.);
#3250=EDGE_CURVE('',#2715,#2716,#1212,.T.);
#3251=EDGE_CURVE('',#2716,#2717,#1213,.T.);
#3252=EDGE_CURVE('',#2717,#2718,#1214,.T.);
#3253=EDGE_CURVE('',#2718,#2713,#1215,.T.);
#3254=EDGE_CURVE('',#2719,#2720,#2438,.T.);
#3255=EDGE_CURVE('',#2719,#2721,#1216,.T.);
#3256=EDGE_CURVE('',#2722,#2721,#2439,.T.);
#3257=EDGE_CURVE('',#2723,#2722,#2440,.T.);
#3258=EDGE_CURVE('',#2723,#2724,#1217,.T.);
#3259=EDGE_CURVE('',#2720,#2724,#2441,.T.);
#3260=EDGE_CURVE('',#2508,#2725,#1218,.T.);
#3261=EDGE_CURVE('',#2726,#2725,#1219,.T.);
#3262=EDGE_CURVE('',#2726,#2727,#1220,.T.);
#3263=EDGE_CURVE('',#2727,#2620,#1221,.T.);
#3264=EDGE_CURVE('',#2492,#2485,#1222,.T.);
#3265=EDGE_CURVE('',#2728,#2729,#2442,.T.);
#3266=EDGE_CURVE('',#2729,#2730,#1223,.T.);
#3267=EDGE_CURVE('',#2730,#2731,#2443,.T.);
#3268=EDGE_CURVE('',#2731,#2728,#1224,.T.);
#3269=EDGE_CURVE('',#2732,#2729,#1225,.T.);
#3270=EDGE_CURVE('',#2733,#2732,#1226,.T.);
#3271=EDGE_CURVE('',#2730,#2733,#1227,.T.);
#3272=EDGE_CURVE('',#2734,#2735,#2444,.T.);
#3273=EDGE_CURVE('',#2735,#2736,#1228,.T.);
#3274=EDGE_CURVE('',#2736,#2737,#2445,.T.);
#3275=EDGE_CURVE('',#2737,#2734,#1229,.T.);
#3276=EDGE_CURVE('',#2736,#2731,#1230,.T.);
#3277=EDGE_CURVE('',#2735,#2502,#1231,.T.);
#3278=EDGE_CURVE('',#2501,#2622,#1232,.T.);
#3279=EDGE_CURVE('',#2621,#2738,#1233,.T.);
#3280=EDGE_CURVE('',#2738,#2739,#1234,.T.);
#3281=EDGE_CURVE('',#2739,#2740,#1235,.T.);
#3282=EDGE_CURVE('',#2740,#2741,#1236,.T.);
#3283=EDGE_CURVE('',#2741,#2742,#1237,.T.);
#3284=EDGE_CURVE('',#2742,#2728,#1238,.T.);
#3285=EDGE_CURVE('',#2743,#2744,#1239,.T.);
#3286=EDGE_CURVE('',#2744,#2745,#1240,.T.);
#3287=EDGE_CURVE('',#2745,#2746,#1241,.T.);
#3288=EDGE_CURVE('',#2746,#2747,#1242,.T.);
#3289=EDGE_CURVE('',#2747,#2748,#1243,.T.);
#3290=EDGE_CURVE('',#2748,#2749,#1244,.T.);
#3291=EDGE_CURVE('',#2749,#2743,#1245,.T.);
#3292=EDGE_CURVE('',#2750,#2751,#1246,.T.);
#3293=EDGE_CURVE('',#2751,#2752,#1247,.T.);
#3294=EDGE_CURVE('',#2752,#2753,#1248,.T.);
#3295=EDGE_CURVE('',#2753,#2750,#1249,.T.);
#3296=EDGE_CURVE('',#2754,#2755,#2446,.T.);
#3297=EDGE_CURVE('',#2755,#2756,#1250,.T.);
#3298=EDGE_CURVE('',#2756,#2757,#2447,.T.);
#3299=EDGE_CURVE('',#2757,#2754,#1251,.T.);
#3300=EDGE_CURVE('',#2756,#2737,#1252,.T.);
#3301=EDGE_CURVE('',#2734,#2755,#1253,.T.);
#3302=EDGE_CURVE('',#2732,#2758,#2448,.T.);
#3303=EDGE_CURVE('',#2758,#2759,#1254,.T.);
#3304=EDGE_CURVE('',#2759,#2733,#2449,.T.);
#3305=EDGE_CURVE('',#2759,#2757,#1255,.T.);
#3306=EDGE_CURVE('',#2754,#2758,#1256,.T.);
#3307=EDGE_CURVE('',#2720,#2522,#1257,.T.);
#3308=EDGE_CURVE('',#2724,#2521,#1258,.T.);
#3309=EDGE_CURVE('',#2526,#2719,#1259,.T.);
#3310=EDGE_CURVE('',#2721,#2525,#1260,.T.);
#3311=EDGE_CURVE('',#2722,#2524,#1261,.T.);
#3312=EDGE_CURVE('',#2523,#2723,#1262,.T.);
#3313=EDGE_CURVE('',#2612,#2623,#1263,.T.);
#3314=EDGE_CURVE('',#2630,#2613,#1264,.T.);
#3315=EDGE_CURVE('',#2624,#2611,#1265,.T.);
#3316=EDGE_CURVE('',#2618,#2625,#1266,.T.);
#3317=EDGE_CURVE('',#2626,#2617,#1267,.T.);
#3318=EDGE_CURVE('',#2616,#2627,#1268,.T.);
#3319=EDGE_CURVE('',#2628,#2615,#1269,.T.);
#3320=EDGE_CURVE('',#2614,#2629,#1270,.T.);
#3321=EDGE_CURVE('',#2760,#2761,#1271,.T.);
#3322=EDGE_CURVE('',#2762,#2760,#1272,.T.);
#3323=EDGE_CURVE('',#2763,#2762,#1273,.T.);
#3324=EDGE_CURVE('',#2761,#2763,#1274,.T.);
#3325=EDGE_CURVE('',#2763,#2764,#1275,.T.);
#3326=EDGE_CURVE('',#2764,#2740,#1276,.T.);
#3327=EDGE_CURVE('',#2739,#2726,#1277,.T.);
#3328=EDGE_CURVE('',#2725,#2765,#1278,.T.);
#3329=EDGE_CURVE('',#2765,#2761,#1279,.T.);
#3330=EDGE_CURVE('',#2766,#2767,#1280,.T.);
#3331=EDGE_CURVE('',#2767,#2768,#1281,.T.);
#3332=EDGE_CURVE('',#2768,#2769,#1282,.T.);
#3333=EDGE_CURVE('',#2769,#2766,#1283,.T.);
#3334=EDGE_CURVE('',#2770,#2771,#1284,.T.);
#3335=EDGE_CURVE('',#2771,#2772,#1285,.T.);
#3336=EDGE_CURVE('',#2772,#2773,#1286,.T.);
#3337=EDGE_CURVE('',#2773,#2770,#1287,.T.);
#3338=EDGE_CURVE('',#2774,#2775,#1288,.T.);
#3339=EDGE_CURVE('',#2775,#2776,#1289,.T.);
#3340=EDGE_CURVE('',#2776,#2777,#1290,.T.);
#3341=EDGE_CURVE('',#2777,#2774,#1291,.T.);
#3342=EDGE_CURVE('',#2778,#2779,#1292,.T.);
#3343=EDGE_CURVE('',#2779,#2780,#1293,.T.);
#3344=EDGE_CURVE('',#2780,#2781,#1294,.T.);
#3345=EDGE_CURVE('',#2781,#2778,#1295,.T.);
#3346=EDGE_CURVE('',#2782,#2782,#2450,.T.);
#3347=EDGE_CURVE('',#2783,#2783,#2451,.T.);
#3348=EDGE_CURVE('',#2784,#2784,#2452,.T.);
#3349=EDGE_CURVE('',#2785,#2785,#2453,.T.);
#3350=EDGE_CURVE('',#2762,#2786,#1296,.T.);
#3351=EDGE_CURVE('',#2786,#2764,#1297,.T.);
#3352=EDGE_CURVE('',#2787,#2788,#1298,.T.);
#3353=EDGE_CURVE('',#2789,#2787,#1299,.T.);
#3354=EDGE_CURVE('',#2790,#2789,#1300,.T.);
#3355=EDGE_CURVE('',#2790,#2788,#1301,.T.);
#3356=EDGE_CURVE('',#2788,#2791,#1302,.T.);
#3357=EDGE_CURVE('',#2792,#2790,#1303,.T.);
#3358=EDGE_CURVE('',#2792,#2791,#1304,.T.);
#3359=EDGE_CURVE('',#2791,#2793,#1305,.T.);
#3360=EDGE_CURVE('',#2794,#2792,#1306,.T.);
#3361=EDGE_CURVE('',#2794,#2793,#1307,.T.);
#3362=EDGE_CURVE('',#2793,#2795,#1308,.T.);
#3363=EDGE_CURVE('',#2796,#2794,#1309,.T.);
#3364=EDGE_CURVE('',#2796,#2795,#1310,.T.);
#3365=EDGE_CURVE('',#2795,#2797,#1311,.T.);
#3366=EDGE_CURVE('',#2798,#2796,#1312,.T.);
#3367=EDGE_CURVE('',#2798,#2797,#1313,.T.);
#3368=EDGE_CURVE('',#2797,#2787,#1314,.T.);
#3369=EDGE_CURVE('',#2789,#2798,#1315,.T.);
#3370=EDGE_CURVE('',#2799,#2800,#1316,.T.);
#3371=EDGE_CURVE('',#2801,#2799,#1317,.T.);
#3372=EDGE_CURVE('',#2802,#2801,#1318,.T.);
#3373=EDGE_CURVE('',#2802,#2800,#1319,.T.);
#3374=EDGE_CURVE('',#2800,#2803,#1320,.T.);
#3375=EDGE_CURVE('',#2804,#2802,#1321,.T.);
#3376=EDGE_CURVE('',#2804,#2803,#1322,.T.);
#3377=EDGE_CURVE('',#2803,#2805,#1323,.T.);
#3378=EDGE_CURVE('',#2806,#2804,#1324,.T.);
#3379=EDGE_CURVE('',#2806,#2805,#1325,.T.);
#3380=EDGE_CURVE('',#2805,#2807,#1326,.T.);
#3381=EDGE_CURVE('',#2808,#2806,#1327,.T.);
#3382=EDGE_CURVE('',#2808,#2807,#1328,.T.);
#3383=EDGE_CURVE('',#2807,#2809,#1329,.T.);
#3384=EDGE_CURVE('',#2810,#2808,#1330,.T.);
#3385=EDGE_CURVE('',#2810,#2809,#1331,.T.);
#3386=EDGE_CURVE('',#2809,#2799,#1332,.T.);
#3387=EDGE_CURVE('',#2801,#2810,#1333,.T.);
#3388=EDGE_CURVE('',#2811,#2812,#1334,.T.);
#3389=EDGE_CURVE('',#2813,#2811,#1335,.T.);
#3390=EDGE_CURVE('',#2814,#2813,#1336,.T.);
#3391=EDGE_CURVE('',#2814,#2812,#1337,.T.);
#3392=EDGE_CURVE('',#2812,#2815,#1338,.T.);
#3393=EDGE_CURVE('',#2816,#2814,#1339,.T.);
#3394=EDGE_CURVE('',#2816,#2815,#1340,.T.);
#3395=EDGE_CURVE('',#2815,#2817,#1341,.T.);
#3396=EDGE_CURVE('',#2818,#2816,#1342,.T.);
#3397=EDGE_CURVE('',#2818,#2817,#1343,.T.);
#3398=EDGE_CURVE('',#2817,#2819,#1344,.T.);
#3399=EDGE_CURVE('',#2820,#2818,#1345,.T.);
#3400=EDGE_CURVE('',#2820,#2819,#1346,.T.);
#3401=EDGE_CURVE('',#2819,#2821,#1347,.T.);
#3402=EDGE_CURVE('',#2822,#2820,#1348,.T.);
#3403=EDGE_CURVE('',#2822,#2821,#1349,.T.);
#3404=EDGE_CURVE('',#2821,#2811,#1350,.T.);
#3405=EDGE_CURVE('',#2813,#2822,#1351,.T.);
#3406=EDGE_CURVE('',#2823,#2824,#1352,.T.);
#3407=EDGE_CURVE('',#2825,#2823,#1353,.T.);
#3408=EDGE_CURVE('',#2826,#2825,#1354,.T.);
#3409=EDGE_CURVE('',#2826,#2824,#1355,.T.);
#3410=EDGE_CURVE('',#2824,#2827,#1356,.T.);
#3411=EDGE_CURVE('',#2828,#2826,#1357,.T.);
#3412=EDGE_CURVE('',#2828,#2827,#1358,.T.);
#3413=EDGE_CURVE('',#2827,#2829,#1359,.T.);
#3414=EDGE_CURVE('',#2830,#2828,#1360,.T.);
#3415=EDGE_CURVE('',#2830,#2829,#1361,.T.);
#3416=EDGE_CURVE('',#2829,#2831,#1362,.T.);
#3417=EDGE_CURVE('',#2832,#2830,#1363,.T.);
#3418=EDGE_CURVE('',#2832,#2831,#1364,.T.);
#3419=EDGE_CURVE('',#2831,#2833,#1365,.T.);
#3420=EDGE_CURVE('',#2834,#2832,#1366,.T.);
#3421=EDGE_CURVE('',#2834,#2833,#1367,.T.);
#3422=EDGE_CURVE('',#2833,#2823,#1368,.T.);
#3423=EDGE_CURVE('',#2825,#2834,#1369,.T.);
#3424=EDGE_CURVE('',#2835,#2836,#1370,.T.);
#3425=EDGE_CURVE('',#2837,#2835,#1371,.T.);
#3426=EDGE_CURVE('',#2838,#2837,#1372,.T.);
#3427=EDGE_CURVE('',#2838,#2836,#1373,.T.);
#3428=EDGE_CURVE('',#2836,#2839,#1374,.T.);
#3429=EDGE_CURVE('',#2840,#2838,#1375,.T.);
#3430=EDGE_CURVE('',#2840,#2839,#1376,.T.);
#3431=EDGE_CURVE('',#2839,#2841,#1377,.T.);
#3432=EDGE_CURVE('',#2842,#2840,#1378,.T.);
#3433=EDGE_CURVE('',#2842,#2841,#1379,.T.);
#3434=EDGE_CURVE('',#2841,#2843,#1380,.T.);
#3435=EDGE_CURVE('',#2844,#2842,#1381,.T.);
#3436=EDGE_CURVE('',#2844,#2843,#1382,.T.);
#3437=EDGE_CURVE('',#2843,#2845,#1383,.T.);
#3438=EDGE_CURVE('',#2846,#2844,#1384,.T.);
#3439=EDGE_CURVE('',#2846,#2845,#1385,.T.);
#3440=EDGE_CURVE('',#2845,#2835,#1386,.T.);
#3441=EDGE_CURVE('',#2837,#2846,#1387,.T.);
#3442=EDGE_CURVE('',#2847,#2848,#1388,.T.);
#3443=EDGE_CURVE('',#2849,#2847,#1389,.T.);
#3444=EDGE_CURVE('',#2850,#2849,#1390,.T.);
#3445=EDGE_CURVE('',#2850,#2848,#1391,.T.);
#3446=EDGE_CURVE('',#2848,#2851,#1392,.T.);
#3447=EDGE_CURVE('',#2852,#2850,#1393,.T.);
#3448=EDGE_CURVE('',#2852,#2851,#1394,.T.);
#3449=EDGE_CURVE('',#2851,#2853,#1395,.T.);
#3450=EDGE_CURVE('',#2854,#2852,#1396,.T.);
#3451=EDGE_CURVE('',#2854,#2853,#1397,.T.);
#3452=EDGE_CURVE('',#2853,#2855,#1398,.T.);
#3453=EDGE_CURVE('',#2856,#2854,#1399,.T.);
#3454=EDGE_CURVE('',#2856,#2855,#1400,.T.);
#3455=EDGE_CURVE('',#2855,#2857,#1401,.T.);
#3456=EDGE_CURVE('',#2858,#2856,#1402,.T.);
#3457=EDGE_CURVE('',#2858,#2857,#1403,.T.);
#3458=EDGE_CURVE('',#2857,#2847,#1404,.T.);
#3459=EDGE_CURVE('',#2849,#2858,#1405,.T.);
#3460=EDGE_CURVE('',#2859,#2860,#1406,.T.);
#3461=EDGE_CURVE('',#2861,#2859,#1407,.T.);
#3462=EDGE_CURVE('',#2862,#2861,#1408,.T.);
#3463=EDGE_CURVE('',#2862,#2860,#1409,.T.);
#3464=EDGE_CURVE('',#2860,#2863,#1410,.T.);
#3465=EDGE_CURVE('',#2864,#2862,#1411,.T.);
#3466=EDGE_CURVE('',#2864,#2863,#1412,.T.);
#3467=EDGE_CURVE('',#2863,#2865,#1413,.T.);
#3468=EDGE_CURVE('',#2866,#2864,#1414,.T.);
#3469=EDGE_CURVE('',#2866,#2865,#1415,.T.);
#3470=EDGE_CURVE('',#2865,#2867,#1416,.T.);
#3471=EDGE_CURVE('',#2868,#2866,#1417,.T.);
#3472=EDGE_CURVE('',#2868,#2867,#1418,.T.);
#3473=EDGE_CURVE('',#2867,#2869,#1419,.T.);
#3474=EDGE_CURVE('',#2870,#2868,#1420,.T.);
#3475=EDGE_CURVE('',#2870,#2869,#1421,.T.);
#3476=EDGE_CURVE('',#2869,#2859,#1422,.T.);
#3477=EDGE_CURVE('',#2861,#2870,#1423,.T.);
#3478=EDGE_CURVE('',#2871,#2872,#1424,.T.);
#3479=EDGE_CURVE('',#2873,#2871,#1425,.T.);
#3480=EDGE_CURVE('',#2874,#2873,#1426,.T.);
#3481=EDGE_CURVE('',#2874,#2872,#1427,.T.);
#3482=EDGE_CURVE('',#2872,#2875,#1428,.T.);
#3483=EDGE_CURVE('',#2876,#2874,#1429,.T.);
#3484=EDGE_CURVE('',#2876,#2875,#1430,.T.);
#3485=EDGE_CURVE('',#2875,#2877,#1431,.T.);
#3486=EDGE_CURVE('',#2878,#2876,#1432,.T.);
#3487=EDGE_CURVE('',#2878,#2877,#1433,.T.);
#3488=EDGE_CURVE('',#2877,#2879,#1434,.T.);
#3489=EDGE_CURVE('',#2880,#2878,#1435,.T.);
#3490=EDGE_CURVE('',#2880,#2879,#1436,.T.);
#3491=EDGE_CURVE('',#2879,#2881,#1437,.T.);
#3492=EDGE_CURVE('',#2882,#2880,#1438,.T.);
#3493=EDGE_CURVE('',#2882,#2881,#1439,.T.);
#3494=EDGE_CURVE('',#2881,#2871,#1440,.T.);
#3495=EDGE_CURVE('',#2873,#2882,#1441,.T.);
#3496=EDGE_CURVE('',#2883,#2884,#1442,.T.);
#3497=EDGE_CURVE('',#2885,#2883,#1443,.T.);
#3498=EDGE_CURVE('',#2886,#2885,#1444,.T.);
#3499=EDGE_CURVE('',#2886,#2884,#1445,.T.);
#3500=EDGE_CURVE('',#2884,#2887,#1446,.T.);
#3501=EDGE_CURVE('',#2888,#2886,#1447,.T.);
#3502=EDGE_CURVE('',#2888,#2887,#1448,.T.);
#3503=EDGE_CURVE('',#2887,#2889,#1449,.T.);
#3504=EDGE_CURVE('',#2890,#2888,#1450,.T.);
#3505=EDGE_CURVE('',#2890,#2889,#1451,.T.);
#3506=EDGE_CURVE('',#2889,#2891,#1452,.T.);
#3507=EDGE_CURVE('',#2892,#2890,#1453,.T.);
#3508=EDGE_CURVE('',#2892,#2891,#1454,.T.);
#3509=EDGE_CURVE('',#2891,#2893,#1455,.T.);
#3510=EDGE_CURVE('',#2894,#2892,#1456,.T.);
#3511=EDGE_CURVE('',#2894,#2893,#1457,.T.);
#3512=EDGE_CURVE('',#2893,#2883,#1458,.T.);
#3513=EDGE_CURVE('',#2885,#2894,#1459,.T.);
#3514=EDGE_CURVE('',#2895,#2896,#1460,.T.);
#3515=EDGE_CURVE('',#2897,#2895,#1461,.T.);
#3516=EDGE_CURVE('',#2898,#2897,#1462,.T.);
#3517=EDGE_CURVE('',#2898,#2896,#1463,.T.);
#3518=EDGE_CURVE('',#2896,#2899,#1464,.T.);
#3519=EDGE_CURVE('',#2900,#2898,#1465,.T.);
#3520=EDGE_CURVE('',#2900,#2899,#1466,.T.);
#3521=EDGE_CURVE('',#2899,#2901,#1467,.T.);
#3522=EDGE_CURVE('',#2902,#2900,#1468,.T.);
#3523=EDGE_CURVE('',#2902,#2901,#1469,.T.);
#3524=EDGE_CURVE('',#2901,#2903,#1470,.T.);
#3525=EDGE_CURVE('',#2904,#2902,#1471,.T.);
#3526=EDGE_CURVE('',#2904,#2903,#1472,.T.);
#3527=EDGE_CURVE('',#2903,#2905,#1473,.T.);
#3528=EDGE_CURVE('',#2906,#2904,#1474,.T.);
#3529=EDGE_CURVE('',#2906,#2905,#1475,.T.);
#3530=EDGE_CURVE('',#2905,#2895,#1476,.T.);
#3531=EDGE_CURVE('',#2897,#2906,#1477,.T.);
#3532=EDGE_CURVE('',#2907,#2908,#1478,.T.);
#3533=EDGE_CURVE('',#2909,#2907,#1479,.T.);
#3534=EDGE_CURVE('',#2910,#2909,#1480,.T.);
#3535=EDGE_CURVE('',#2910,#2908,#1481,.T.);
#3536=EDGE_CURVE('',#2908,#2911,#1482,.T.);
#3537=EDGE_CURVE('',#2912,#2910,#1483,.T.);
#3538=EDGE_CURVE('',#2912,#2911,#1484,.T.);
#3539=EDGE_CURVE('',#2911,#2913,#1485,.T.);
#3540=EDGE_CURVE('',#2914,#2912,#1486,.T.);
#3541=EDGE_CURVE('',#2914,#2913,#1487,.T.);
#3542=EDGE_CURVE('',#2913,#2915,#1488,.T.);
#3543=EDGE_CURVE('',#2916,#2914,#1489,.T.);
#3544=EDGE_CURVE('',#2916,#2915,#1490,.T.);
#3545=EDGE_CURVE('',#2915,#2917,#1491,.T.);
#3546=EDGE_CURVE('',#2918,#2916,#1492,.T.);
#3547=EDGE_CURVE('',#2918,#2917,#1493,.T.);
#3548=EDGE_CURVE('',#2917,#2907,#1494,.T.);
#3549=EDGE_CURVE('',#2909,#2918,#1495,.T.);
#3550=EDGE_CURVE('',#2609,#2634,#1496,.T.);
#3551=EDGE_CURVE('',#2608,#2635,#1497,.T.);
#3552=EDGE_CURVE('',#2607,#2636,#1498,.T.);
#3553=EDGE_CURVE('',#2606,#2631,#1499,.T.);
#3554=EDGE_CURVE('',#2605,#2632,#1500,.T.);
#3555=EDGE_CURVE('',#2610,#2633,#1501,.T.);
#3556=EDGE_CURVE('',#2531,#2716,#1502,.T.);
#3557=EDGE_CURVE('',#2530,#2717,#1503,.T.);
#3558=EDGE_CURVE('',#2529,#2718,#1504,.T.);
#3559=EDGE_CURVE('',#2528,#2713,#1505,.T.);
#3560=EDGE_CURVE('',#2527,#2714,#1506,.T.);
#3561=EDGE_CURVE('',#2532,#2715,#1507,.T.);
#3562=EDGE_CURVE('',#2537,#2710,#1508,.T.);
#3563=EDGE_CURVE('',#2536,#2711,#1509,.T.);
#3564=EDGE_CURVE('',#2535,#2712,#1510,.T.);
#3565=EDGE_CURVE('',#2534,#2707,#1511,.T.);
#3566=EDGE_CURVE('',#2533,#2708,#1512,.T.);
#3567=EDGE_CURVE('',#2538,#2709,#1513,.T.);
#3568=EDGE_CURVE('',#2543,#2704,#1514,.T.);
#3569=EDGE_CURVE('',#2542,#2705,#1515,.T.);
#3570=EDGE_CURVE('',#2541,#2706,#1516,.T.);
#3571=EDGE_CURVE('',#2540,#2701,#1517,.T.);
#3572=EDGE_CURVE('',#2539,#2702,#1518,.T.);
#3573=EDGE_CURVE('',#2544,#2703,#1519,.T.);
#3574=EDGE_CURVE('',#2549,#2698,#1520,.T.);
#3575=EDGE_CURVE('',#2548,#2699,#1521,.T.);
#3576=EDGE_CURVE('',#2547,#2700,#1522,.T.);
#3577=EDGE_CURVE('',#2546,#2695,#1523,.T.);
#3578=EDGE_CURVE('',#2545,#2696,#1524,.T.);
#3579=EDGE_CURVE('',#2550,#2697,#1525,.T.);
#3580=EDGE_CURVE('',#2555,#2692,#1526,.T.);
#3581=EDGE_CURVE('',#2554,#2693,#1527,.T.);
#3582=EDGE_CURVE('',#2553,#2694,#1528,.T.);
#3583=EDGE_CURVE('',#2552,#2689,#1529,.T.);
#3584=EDGE_CURVE('',#2551,#2690,#1530,.T.);
#3585=EDGE_CURVE('',#2556,#2691,#1531,.T.);
#3586=EDGE_CURVE('',#2561,#2686,#1532,.T.);
#3587=EDGE_CURVE('',#2560,#2687,#1533,.T.);
#3588=EDGE_CURVE('',#2559,#2688,#1534,.T.);
#3589=EDGE_CURVE('',#2558,#2683,#1535,.T.);
#3590=EDGE_CURVE('',#2557,#2684,#1536,.T.);
#3591=EDGE_CURVE('',#2562,#2685,#1537,.T.);
#3592=EDGE_CURVE('',#2603,#2640,#1538,.T.);
#3593=EDGE_CURVE('',#2602,#2641,#1539,.T.);
#3594=EDGE_CURVE('',#2601,#2642,#1540,.T.);
#3595=EDGE_CURVE('',#2600,#2637,#1541,.T.);
#3596=EDGE_CURVE('',#2599,#2638,#1542,.T.);
#3597=EDGE_CURVE('',#2604,#2639,#1543,.T.);
#3598=EDGE_CURVE('',#2597,#2646,#1544,.T.);
#3599=EDGE_CURVE('',#2596,#2647,#1545,.T.);
#3600=EDGE_CURVE('',#2595,#2648,#1546,.T.);
#3601=EDGE_CURVE('',#2594,#2643,#1547,.T.);
#3602=EDGE_CURVE('',#2593,#2644,#1548,.T.);
#3603=EDGE_CURVE('',#2598,#2645,#1549,.T.);
#3604=EDGE_CURVE('',#2591,#2652,#1550,.T.);
#3605=EDGE_CURVE('',#2590,#2653,#1551,.T.);
#3606=EDGE_CURVE('',#2589,#2654,#1552,.T.);
#3607=EDGE_CURVE('',#2588,#2649,#1553,.T.);
#3608=EDGE_CURVE('',#2587,#2650,#1554,.T.);
#3609=EDGE_CURVE('',#2592,#2651,#1555,.T.);
#3610=EDGE_CURVE('',#2585,#2658,#1556,.T.);
#3611=EDGE_CURVE('',#2584,#2659,#1557,.T.);
#3612=EDGE_CURVE('',#2583,#2660,#1558,.T.);
#3613=EDGE_CURVE('',#2582,#2655,#1559,.T.);
#3614=EDGE_CURVE('',#2581,#2656,#1560,.T.);
#3615=EDGE_CURVE('',#2586,#2657,#1561,.T.);
#3616=EDGE_CURVE('',#2579,#2664,#1562,.T.);
#3617=EDGE_CURVE('',#2578,#2665,#1563,.T.);
#3618=EDGE_CURVE('',#2577,#2666,#1564,.T.);
#3619=EDGE_CURVE('',#2576,#2661,#1565,.T.);
#3620=EDGE_CURVE('',#2575,#2662,#1566,.T.);
#3621=EDGE_CURVE('',#2580,#2663,#1567,.T.);
#3622=EDGE_CURVE('',#2573,#2670,#1568,.T.);
#3623=EDGE_CURVE('',#2572,#2671,#1569,.T.);
#3624=EDGE_CURVE('',#2571,#2672,#1570,.T.);
#3625=EDGE_CURVE('',#2570,#2667,#1571,.T.);
#3626=EDGE_CURVE('',#2569,#2668,#1572,.T.);
#3627=EDGE_CURVE('',#2574,#2669,#1573,.T.);
#3628=EDGE_CURVE('',#2567,#2676,#1574,.T.);
#3629=EDGE_CURVE('',#2566,#2677,#1575,.T.);
#3630=EDGE_CURVE('',#2565,#2678,#1576,.T.);
#3631=EDGE_CURVE('',#2564,#2673,#1577,.T.);
#3632=EDGE_CURVE('',#2563,#2674,#1578,.T.);
#3633=EDGE_CURVE('',#2568,#2675,#1579,.T.);
#3634=EDGE_CURVE('',#2520,#2680,#1580,.T.);
#3635=EDGE_CURVE('',#2519,#2681,#1581,.T.);
#3636=EDGE_CURVE('',#2518,#2682,#1582,.T.);
#3637=EDGE_CURVE('',#2517,#2679,#1583,.T.);
#3638=EDGE_CURVE('',#2919,#2920,#1584,.T.);
#3639=EDGE_CURVE('',#2921,#2919,#1585,.T.);
#3640=EDGE_CURVE('',#2921,#2922,#1586,.T.);
#3641=EDGE_CURVE('',#2920,#2922,#1587,.T.);
#3642=EDGE_CURVE('',#2923,#2924,#1588,.T.);
#3643=EDGE_CURVE('',#2925,#2923,#1589,.T.);
#3644=EDGE_CURVE('',#2925,#2926,#1590,.T.);
#3645=EDGE_CURVE('',#2924,#2926,#1591,.T.);
#3646=EDGE_CURVE('',#2922,#2925,#1592,.T.);
#3647=EDGE_CURVE('',#2926,#2921,#1593,.T.);
#3648=EDGE_CURVE('',#2927,#2928,#1594,.T.);
#3649=EDGE_CURVE('',#2927,#2929,#1595,.T.);
#3650=EDGE_CURVE('',#2930,#2929,#1596,.T.);
#3651=EDGE_CURVE('',#2928,#2930,#1597,.T.);
#3652=EDGE_CURVE('',#2931,#2932,#1598,.T.);
#3653=EDGE_CURVE('',#2933,#2931,#1599,.T.);
#3654=EDGE_CURVE('',#2934,#2933,#1600,.T.);
#3655=EDGE_CURVE('',#2934,#2932,#1601,.T.);
#3656=EDGE_CURVE('',#2932,#2927,#1602,.T.);
#3657=EDGE_CURVE('',#2929,#2934,#1603,.T.);
#3658=EDGE_CURVE('',#2920,#2935,#1604,.T.);
#3659=EDGE_CURVE('',#2935,#2936,#1605,.T.);
#3660=EDGE_CURVE('',#2936,#2919,#1606,.T.);
#3661=EDGE_CURVE('',#2924,#2937,#1607,.T.);
#3662=EDGE_CURVE('',#2937,#2938,#1608,.T.);
#3663=EDGE_CURVE('',#2938,#2923,#1609,.T.);
#3664=EDGE_CURVE('',#2772,#2936,#1610,.T.);
#3665=EDGE_CURVE('',#2771,#2937,#1611,.T.);
#3666=EDGE_CURVE('',#2939,#2933,#1612,.T.);
#3667=EDGE_CURVE('',#2775,#2939,#1613,.T.);
#3668=EDGE_CURVE('',#2774,#2940,#1614,.T.);
#3669=EDGE_CURVE('',#2930,#2940,#1615,.T.);
#3670=EDGE_CURVE('',#2931,#2941,#1616,.T.);
#3671=EDGE_CURVE('',#2941,#2939,#1617,.T.);
#3672=EDGE_CURVE('',#2766,#2942,#1618,.T.);
#3673=EDGE_CURVE('',#2943,#2942,#1619,.T.);
#3674=EDGE_CURVE('',#2767,#2943,#1620,.T.);
#3675=EDGE_CURVE('',#2944,#2943,#1621,.T.);
#3676=EDGE_CURVE('',#2768,#2944,#1622,.T.);
#3677=EDGE_CURVE('',#2945,#2944,#1623,.T.);
#3678=EDGE_CURVE('',#2769,#2945,#1624,.T.);
#3679=EDGE_CURVE('',#2942,#2945,#1625,.T.);
#3680=EDGE_CURVE('',#2770,#2938,#1626,.T.);
#3681=EDGE_CURVE('',#2773,#2935,#1627,.T.);
#3682=EDGE_CURVE('',#2776,#2941,#1628,.T.);
#3683=EDGE_CURVE('',#2946,#2928,#1629,.T.);
#3684=EDGE_CURVE('',#2777,#2946,#1630,.T.);
#3685=EDGE_CURVE('',#2940,#2946,#1631,.T.);
#3686=EDGE_CURVE('',#2778,#2947,#1632,.T.);
#3687=EDGE_CURVE('',#2948,#2947,#1633,.T.);
#3688=EDGE_CURVE('',#2779,#2948,#1634,.T.);
#3689=EDGE_CURVE('',#2949,#2948,#1635,.T.);
#3690=EDGE_CURVE('',#2780,#2949,#1636,.T.);
#3691=EDGE_CURVE('',#2950,#2949,#1637,.T.);
#3692=EDGE_CURVE('',#2781,#2950,#1638,.T.);
#3693=EDGE_CURVE('',#2947,#2950,#1639,.T.);
#3694=EDGE_CURVE('',#2750,#2951,#1640,.T.);
#3695=EDGE_CURVE('',#2952,#2951,#1641,.T.);
#3696=EDGE_CURVE('',#2751,#2952,#1642,.T.);
#3697=EDGE_CURVE('',#2953,#2952,#1643,.T.);
#3698=EDGE_CURVE('',#2752,#2953,#1644,.T.);
#3699=EDGE_CURVE('',#2954,#2953,#1645,.T.);
#3700=EDGE_CURVE('',#2753,#2954,#1646,.T.);
#3701=EDGE_CURVE('',#2951,#2954,#1647,.T.);
#3702=EDGE_CURVE('',#2955,#2742,#1648,.T.);
#3703=EDGE_CURVE('',#2503,#2955,#1649,.T.);
#3704=EDGE_CURVE('',#2738,#2727,#1650,.T.);
#3705=EDGE_CURVE('',#2956,#2955,#1651,.T.);
#3706=EDGE_CURVE('',#2956,#2498,#1652,.T.);
#3707=EDGE_CURVE('',#2957,#2957,#2454,.T.);
#3708=EDGE_CURVE('',#2957,#2958,#1653,.T.);
#3709=EDGE_CURVE('',#2958,#2958,#2455,.T.);
#3710=EDGE_CURVE('',#2959,#2960,#1654,.T.);
#3711=EDGE_CURVE('',#2960,#2961,#1655,.T.);
#3712=EDGE_CURVE('',#2961,#2962,#1656,.T.);
#3713=EDGE_CURVE('',#2962,#2963,#1657,.T.);
#3714=EDGE_CURVE('',#2963,#2964,#1658,.T.);
#3715=EDGE_CURVE('',#2964,#2965,#1659,.T.);
#3716=EDGE_CURVE('',#2965,#2959,#1660,.T.);
#3717=EDGE_CURVE('',#2966,#2966,#2456,.T.);
#3718=EDGE_CURVE('',#2966,#2967,#1661,.T.);
#3719=EDGE_CURVE('',#2967,#2967,#2457,.T.);
#3720=EDGE_CURVE('',#2968,#2968,#2458,.T.);
#3721=EDGE_CURVE('',#2968,#2969,#1662,.T.);
#3722=EDGE_CURVE('',#2969,#2969,#2459,.T.);
#3723=EDGE_CURVE('',#2970,#2970,#2460,.T.);
#3724=EDGE_CURVE('',#2970,#2971,#1663,.T.);
#3725=EDGE_CURVE('',#2971,#2971,#2461,.T.);
#3726=EDGE_CURVE('',#2972,#2972,#2462,.T.);
#3727=EDGE_CURVE('',#2972,#2973,#1664,.T.);
#3728=EDGE_CURVE('',#2973,#2973,#2463,.T.);
#3729=EDGE_CURVE('',#2974,#2974,#2464,.T.);
#3730=EDGE_CURVE('',#2974,#2782,#1665,.T.);
#3731=EDGE_CURVE('',#2975,#2975,#2465,.T.);
#3732=EDGE_CURVE('',#2975,#2783,#1666,.T.);
#3733=EDGE_CURVE('',#2976,#2976,#2466,.T.);
#3734=EDGE_CURVE('',#2976,#2784,#1667,.T.);
#3735=EDGE_CURVE('',#2977,#2977,#2467,.T.);
#3736=EDGE_CURVE('',#2977,#2785,#1668,.T.);
#3737=EDGE_CURVE('',#2978,#2765,#1669,.T.);
#3738=EDGE_CURVE('',#2760,#2978,#1670,.T.);
#3739=EDGE_CURVE('',#2786,#2741,#1671,.T.);
#3740=EDGE_CURVE('',#2956,#2978,#1672,.T.);
#3741=EDGE_CURVE('',#2504,#2489,#1673,.T.);
#3742=EDGE_CURVE('',#2505,#2495,#1674,.T.);
#3743=EDGE_CURVE('',#2979,#2979,#2468,.T.);
#3744=EDGE_CURVE('',#2980,#2980,#2469,.T.);
#3745=EDGE_CURVE('',#2981,#2981,#2470,.T.);
#3746=EDGE_CURVE('',#2982,#2982,#2471,.T.);
#3747=EDGE_CURVE('',#2983,#2984,#1675,.T.);
#3748=EDGE_CURVE('',#2984,#2985,#1676,.T.);
#3749=EDGE_CURVE('',#2985,#2986,#1677,.T.);
#3750=EDGE_CURVE('',#2986,#2983,#1678,.T.);
#3751=EDGE_CURVE('',#2490,#2479,#1679,.T.);
#3752=EDGE_CURVE('',#2979,#2987,#1680,.T.);
#3753=EDGE_CURVE('',#2987,#2987,#2472,.T.);
#3754=EDGE_CURVE('',#2980,#2988,#1681,.T.);
#3755=EDGE_CURVE('',#2988,#2988,#2473,.T.);
#3756=EDGE_CURVE('',#2981,#2989,#1682,.T.);
#3757=EDGE_CURVE('',#2989,#2989,#2474,.T.);
#3758=EDGE_CURVE('',#2982,#2990,#1683,.T.);
#3759=EDGE_CURVE('',#2990,#2990,#2475,.T.);
#3760=EDGE_CURVE('',#2991,#2986,#1684,.T.);
#3761=EDGE_CURVE('',#2992,#2991,#1685,.T.);
#3762=EDGE_CURVE('',#2992,#2983,#1686,.T.);
#3763=EDGE_CURVE('',#2993,#2985,#1687,.T.);
#3764=EDGE_CURVE('',#2991,#2993,#1688,.T.);
#3765=EDGE_CURVE('',#2994,#2992,#1689,.T.);
#3766=EDGE_CURVE('',#2994,#2984,#1690,.T.);
#3767=EDGE_CURVE('',#2993,#2994,#1691,.T.);
#3768=EDGE_CURVE('',#2748,#2962,#1692,.T.);
#3769=EDGE_CURVE('',#2747,#2963,#1693,.T.);
#3770=EDGE_CURVE('',#2749,#2961,#1694,.T.);
#3771=EDGE_CURVE('',#2743,#2960,#1695,.T.);
#3772=EDGE_CURVE('',#2744,#2959,#1696,.T.);
#3773=EDGE_CURVE('',#2745,#2965,#1697,.T.);
#3774=EDGE_CURVE('',#2746,#2964,#1698,.T.);
#3775=ORIENTED_EDGE('',*,*,#2995,.T.);
#3776=ORIENTED_EDGE('',*,*,#2996,.T.);
#3777=ORIENTED_EDGE('',*,*,#2997,.T.);
#3778=ORIENTED_EDGE('',*,*,#2998,.T.);
#3779=ORIENTED_EDGE('',*,*,#2995,.F.);
#3780=ORIENTED_EDGE('',*,*,#2999,.F.);
#3781=ORIENTED_EDGE('',*,*,#3000,.F.);
#3782=ORIENTED_EDGE('',*,*,#3001,.F.);
#3783=ORIENTED_EDGE('',*,*,#3002,.F.);
#3784=ORIENTED_EDGE('',*,*,#3003,.F.);
#3785=ORIENTED_EDGE('',*,*,#3004,.F.);
#3786=ORIENTED_EDGE('',*,*,#3005,.F.);
#3787=ORIENTED_EDGE('',*,*,#2998,.F.);
#3788=ORIENTED_EDGE('',*,*,#3006,.F.);
#3789=ORIENTED_EDGE('',*,*,#3007,.F.);
#3790=ORIENTED_EDGE('',*,*,#3008,.F.);
#3791=ORIENTED_EDGE('',*,*,#2999,.T.);
#3792=ORIENTED_EDGE('',*,*,#3009,.T.);
#3793=ORIENTED_EDGE('',*,*,#3010,.T.);
#3794=ORIENTED_EDGE('',*,*,#3011,.T.);
#3795=ORIENTED_EDGE('',*,*,#3012,.T.);
#3796=ORIENTED_EDGE('',*,*,#3013,.T.);
#3797=ORIENTED_EDGE('',*,*,#3009,.F.);
#3798=ORIENTED_EDGE('',*,*,#3014,.F.);
#3799=ORIENTED_EDGE('',*,*,#3015,.F.);
#3800=ORIENTED_EDGE('',*,*,#3016,.F.);
#3801=ORIENTED_EDGE('',*,*,#3017,.F.);
#3802=ORIENTED_EDGE('',*,*,#3018,.F.);
#3803=ORIENTED_EDGE('',*,*,#3019,.F.);
#3804=ORIENTED_EDGE('',*,*,#3020,.T.);
#3805=ORIENTED_EDGE('',*,*,#3021,.T.);
#3806=ORIENTED_EDGE('',*,*,#3000,.T.);
#3807=ORIENTED_EDGE('',*,*,#3008,.T.);
#3808=ORIENTED_EDGE('',*,*,#3022,.T.);
#3809=ORIENTED_EDGE('',*,*,#3023,.T.);
#3810=ORIENTED_EDGE('',*,*,#3023,.F.);
#3811=ORIENTED_EDGE('',*,*,#3024,.T.);
#3812=ORIENTED_EDGE('',*,*,#3025,.F.);
#3813=ORIENTED_EDGE('',*,*,#3026,.F.);
#3814=ORIENTED_EDGE('',*,*,#3027,.T.);
#3815=ORIENTED_EDGE('',*,*,#3028,.T.);
#3816=ORIENTED_EDGE('',*,*,#3022,.F.);
#3817=ORIENTED_EDGE('',*,*,#3007,.T.);
#3818=ORIENTED_EDGE('',*,*,#3029,.T.);
#3819=ORIENTED_EDGE('',*,*,#3030,.F.);
#3820=ORIENTED_EDGE('',*,*,#3031,.F.);
#3821=ORIENTED_EDGE('',*,*,#3032,.F.);
#3822=ORIENTED_EDGE('',*,*,#3024,.F.);
#3823=ORIENTED_EDGE('',*,*,#3033,.T.);
#3824=ORIENTED_EDGE('',*,*,#3034,.T.);
#3825=ORIENTED_EDGE('',*,*,#3002,.T.);
#3826=ORIENTED_EDGE('',*,*,#3035,.T.);
#3827=ORIENTED_EDGE('',*,*,#3036,.T.);
#3828=ORIENTED_EDGE('',*,*,#3037,.T.);
#3829=ORIENTED_EDGE('',*,*,#3038,.T.);
#3830=ORIENTED_EDGE('',*,*,#3039,.T.);
#3831=ORIENTED_EDGE('',*,*,#3040,.T.);
#3832=ORIENTED_EDGE('',*,*,#3040,.F.);
#3833=ORIENTED_EDGE('',*,*,#3041,.F.);
#3834=ORIENTED_EDGE('',*,*,#3042,.T.);
#3835=ORIENTED_EDGE('',*,*,#3043,.F.);
#3836=ORIENTED_EDGE('',*,*,#3044,.F.);
#3837=ORIENTED_EDGE('',*,*,#3039,.F.);
#3838=ORIENTED_EDGE('',*,*,#3045,.T.);
#3839=ORIENTED_EDGE('',*,*,#3046,.T.);
#3840=ORIENTED_EDGE('',*,*,#3016,.T.);
#3841=ORIENTED_EDGE('',*,*,#3047,.F.);
#3842=ORIENTED_EDGE('',*,*,#3003,.T.);
#3843=ORIENTED_EDGE('',*,*,#3034,.F.);
#3844=ORIENTED_EDGE('',*,*,#3048,.T.);
#3845=ORIENTED_EDGE('',*,*,#3049,.T.);
#3846=ORIENTED_EDGE('',*,*,#3050,.T.);
#3847=ORIENTED_EDGE('',*,*,#3051,.T.);
#3848=ORIENTED_EDGE('',*,*,#3052,.T.);
#3849=ORIENTED_EDGE('',*,*,#3041,.T.);
#3850=ORIENTED_EDGE('',*,*,#3053,.F.);
#3851=ORIENTED_EDGE('',*,*,#3054,.T.);
#3852=ORIENTED_EDGE('',*,*,#3055,.F.);
#3853=ORIENTED_EDGE('',*,*,#3056,.F.);
#3854=ORIENTED_EDGE('',*,*,#3057,.T.);
#3855=ORIENTED_EDGE('',*,*,#3058,.F.);
#3856=ORIENTED_EDGE('',*,*,#3059,.T.);
#3857=ORIENTED_EDGE('',*,*,#3060,.T.);
#3858=ORIENTED_EDGE('',*,*,#3061,.T.);
#3859=ORIENTED_EDGE('',*,*,#3062,.T.);
#3860=ORIENTED_EDGE('',*,*,#3063,.T.);
#3861=ORIENTED_EDGE('',*,*,#3064,.T.);
#3862=ORIENTED_EDGE('',*,*,#3065,.T.);
#3863=ORIENTED_EDGE('',*,*,#3066,.T.);
#3864=ORIENTED_EDGE('',*,*,#3067,.T.);
#3865=ORIENTED_EDGE('',*,*,#3068,.T.);
#3866=ORIENTED_EDGE('',*,*,#3069,.T.);
#3867=ORIENTED_EDGE('',*,*,#3070,.T.);
#3868=ORIENTED_EDGE('',*,*,#3071,.T.);
#3869=ORIENTED_EDGE('',*,*,#3072,.T.);
#3870=ORIENTED_EDGE('',*,*,#3073,.T.);
#3871=ORIENTED_EDGE('',*,*,#3074,.T.);
#3872=ORIENTED_EDGE('',*,*,#3075,.T.);
#3873=ORIENTED_EDGE('',*,*,#3076,.T.);
#3874=ORIENTED_EDGE('',*,*,#3077,.T.);
#3875=ORIENTED_EDGE('',*,*,#3078,.T.);
#3876=ORIENTED_EDGE('',*,*,#3079,.T.);
#3877=ORIENTED_EDGE('',*,*,#3080,.T.);
#3878=ORIENTED_EDGE('',*,*,#3081,.T.);
#3879=ORIENTED_EDGE('',*,*,#3082,.T.);
#3880=ORIENTED_EDGE('',*,*,#3083,.T.);
#3881=ORIENTED_EDGE('',*,*,#3084,.T.);
#3882=ORIENTED_EDGE('',*,*,#3085,.T.);
#3883=ORIENTED_EDGE('',*,*,#3086,.T.);
#3884=ORIENTED_EDGE('',*,*,#3087,.T.);
#3885=ORIENTED_EDGE('',*,*,#3088,.T.);
#3886=ORIENTED_EDGE('',*,*,#3089,.T.);
#3887=ORIENTED_EDGE('',*,*,#3090,.T.);
#3888=ORIENTED_EDGE('',*,*,#3091,.T.);
#3889=ORIENTED_EDGE('',*,*,#3092,.T.);
#3890=ORIENTED_EDGE('',*,*,#3093,.T.);
#3891=ORIENTED_EDGE('',*,*,#3094,.T.);
#3892=ORIENTED_EDGE('',*,*,#3095,.T.);
#3893=ORIENTED_EDGE('',*,*,#3096,.T.);
#3894=ORIENTED_EDGE('',*,*,#3097,.T.);
#3895=ORIENTED_EDGE('',*,*,#3098,.T.);
#3896=ORIENTED_EDGE('',*,*,#3099,.T.);
#3897=ORIENTED_EDGE('',*,*,#3100,.T.);
#3898=ORIENTED_EDGE('',*,*,#3101,.T.);
#3899=ORIENTED_EDGE('',*,*,#3102,.T.);
#3900=ORIENTED_EDGE('',*,*,#3103,.T.);
#3901=ORIENTED_EDGE('',*,*,#3104,.T.);
#3902=ORIENTED_EDGE('',*,*,#3105,.T.);
#3903=ORIENTED_EDGE('',*,*,#3106,.T.);
#3904=ORIENTED_EDGE('',*,*,#3107,.T.);
#3905=ORIENTED_EDGE('',*,*,#3108,.T.);
#3906=ORIENTED_EDGE('',*,*,#3109,.T.);
#3907=ORIENTED_EDGE('',*,*,#3110,.T.);
#3908=ORIENTED_EDGE('',*,*,#3111,.T.);
#3909=ORIENTED_EDGE('',*,*,#3112,.T.);
#3910=ORIENTED_EDGE('',*,*,#3113,.T.);
#3911=ORIENTED_EDGE('',*,*,#3114,.T.);
#3912=ORIENTED_EDGE('',*,*,#3115,.T.);
#3913=ORIENTED_EDGE('',*,*,#3116,.T.);
#3914=ORIENTED_EDGE('',*,*,#3117,.T.);
#3915=ORIENTED_EDGE('',*,*,#3118,.T.);
#3916=ORIENTED_EDGE('',*,*,#3119,.T.);
#3917=ORIENTED_EDGE('',*,*,#3120,.T.);
#3918=ORIENTED_EDGE('',*,*,#3121,.T.);
#3919=ORIENTED_EDGE('',*,*,#3122,.T.);
#3920=ORIENTED_EDGE('',*,*,#3123,.T.);
#3921=ORIENTED_EDGE('',*,*,#3124,.T.);
#3922=ORIENTED_EDGE('',*,*,#3125,.T.);
#3923=ORIENTED_EDGE('',*,*,#3126,.T.);
#3924=ORIENTED_EDGE('',*,*,#3127,.T.);
#3925=ORIENTED_EDGE('',*,*,#3128,.T.);
#3926=ORIENTED_EDGE('',*,*,#3129,.T.);
#3927=ORIENTED_EDGE('',*,*,#3130,.T.);
#3928=ORIENTED_EDGE('',*,*,#3131,.T.);
#3929=ORIENTED_EDGE('',*,*,#3132,.T.);
#3930=ORIENTED_EDGE('',*,*,#3133,.T.);
#3931=ORIENTED_EDGE('',*,*,#3134,.T.);
#3932=ORIENTED_EDGE('',*,*,#3135,.T.);
#3933=ORIENTED_EDGE('',*,*,#3136,.T.);
#3934=ORIENTED_EDGE('',*,*,#3137,.T.);
#3935=ORIENTED_EDGE('',*,*,#3138,.T.);
#3936=ORIENTED_EDGE('',*,*,#3139,.T.);
#3937=ORIENTED_EDGE('',*,*,#3140,.T.);
#3938=ORIENTED_EDGE('',*,*,#3141,.T.);
#3939=ORIENTED_EDGE('',*,*,#3142,.T.);
#3940=ORIENTED_EDGE('',*,*,#3143,.T.);
#3941=ORIENTED_EDGE('',*,*,#3144,.F.);
#3942=ORIENTED_EDGE('',*,*,#3145,.T.);
#3943=ORIENTED_EDGE('',*,*,#3146,.F.);
#3944=ORIENTED_EDGE('',*,*,#3147,.T.);
#3945=ORIENTED_EDGE('',*,*,#3148,.F.);
#3946=ORIENTED_EDGE('',*,*,#3149,.T.);
#3947=ORIENTED_EDGE('',*,*,#3150,.F.);
#3948=ORIENTED_EDGE('',*,*,#3038,.F.);
#3949=ORIENTED_EDGE('',*,*,#3151,.T.);
#3950=ORIENTED_EDGE('',*,*,#3152,.F.);
#3951=ORIENTED_EDGE('',*,*,#3045,.F.);
#3952=ORIENTED_EDGE('',*,*,#3037,.F.);
#3953=ORIENTED_EDGE('',*,*,#3153,.T.);
#3954=ORIENTED_EDGE('',*,*,#3154,.T.);
#3955=ORIENTED_EDGE('',*,*,#3155,.F.);
#3956=ORIENTED_EDGE('',*,*,#3156,.F.);
#3957=ORIENTED_EDGE('',*,*,#3151,.F.);
#3958=ORIENTED_EDGE('',*,*,#3157,.T.);
#3959=ORIENTED_EDGE('',*,*,#3158,.F.);
#3960=ORIENTED_EDGE('',*,*,#3159,.T.);
#3961=ORIENTED_EDGE('',*,*,#3160,.F.);
#3962=ORIENTED_EDGE('',*,*,#3161,.T.);
#3963=ORIENTED_EDGE('',*,*,#3162,.F.);
#3964=ORIENTED_EDGE('',*,*,#3163,.T.);
#3965=ORIENTED_EDGE('',*,*,#3164,.F.);
#3966=ORIENTED_EDGE('',*,*,#3165,.T.);
#3967=ORIENTED_EDGE('',*,*,#3166,.T.);
#3968=ORIENTED_EDGE('',*,*,#3167,.T.);
#3969=ORIENTED_EDGE('',*,*,#3168,.T.);
#3970=ORIENTED_EDGE('',*,*,#3169,.T.);
#3971=ORIENTED_EDGE('',*,*,#3170,.T.);
#3972=ORIENTED_EDGE('',*,*,#3171,.T.);
#3973=ORIENTED_EDGE('',*,*,#3172,.T.);
#3974=ORIENTED_EDGE('',*,*,#3173,.T.);
#3975=ORIENTED_EDGE('',*,*,#3174,.T.);
#3976=ORIENTED_EDGE('',*,*,#3175,.T.);
#3977=ORIENTED_EDGE('',*,*,#3176,.T.);
#3978=ORIENTED_EDGE('',*,*,#3177,.T.);
#3979=ORIENTED_EDGE('',*,*,#3178,.T.);
#3980=ORIENTED_EDGE('',*,*,#3179,.T.);
#3981=ORIENTED_EDGE('',*,*,#3180,.T.);
#3982=ORIENTED_EDGE('',*,*,#3181,.T.);
#3983=ORIENTED_EDGE('',*,*,#3182,.T.);
#3984=ORIENTED_EDGE('',*,*,#3183,.T.);
#3985=ORIENTED_EDGE('',*,*,#3184,.T.);
#3986=ORIENTED_EDGE('',*,*,#3185,.T.);
#3987=ORIENTED_EDGE('',*,*,#3186,.T.);
#3988=ORIENTED_EDGE('',*,*,#3187,.T.);
#3989=ORIENTED_EDGE('',*,*,#3188,.T.);
#3990=ORIENTED_EDGE('',*,*,#3189,.T.);
#3991=ORIENTED_EDGE('',*,*,#3190,.T.);
#3992=ORIENTED_EDGE('',*,*,#3191,.T.);
#3993=ORIENTED_EDGE('',*,*,#3192,.T.);
#3994=ORIENTED_EDGE('',*,*,#3193,.T.);
#3995=ORIENTED_EDGE('',*,*,#3194,.T.);
#3996=ORIENTED_EDGE('',*,*,#3195,.T.);
#3997=ORIENTED_EDGE('',*,*,#3196,.T.);
#3998=ORIENTED_EDGE('',*,*,#3197,.T.);
#3999=ORIENTED_EDGE('',*,*,#3198,.T.);
#4000=ORIENTED_EDGE('',*,*,#3199,.T.);
#4001=ORIENTED_EDGE('',*,*,#3200,.T.);
#4002=ORIENTED_EDGE('',*,*,#3201,.T.);
#4003=ORIENTED_EDGE('',*,*,#3202,.T.);
#4004=ORIENTED_EDGE('',*,*,#3203,.T.);
#4005=ORIENTED_EDGE('',*,*,#3204,.T.);
#4006=ORIENTED_EDGE('',*,*,#3205,.T.);
#4007=ORIENTED_EDGE('',*,*,#3206,.T.);
#4008=ORIENTED_EDGE('',*,*,#3207,.T.);
#4009=ORIENTED_EDGE('',*,*,#3208,.T.);
#4010=ORIENTED_EDGE('',*,*,#3209,.T.);
#4011=ORIENTED_EDGE('',*,*,#3210,.T.);
#4012=ORIENTED_EDGE('',*,*,#3211,.T.);
#4013=ORIENTED_EDGE('',*,*,#3212,.T.);
#4014=ORIENTED_EDGE('',*,*,#3213,.T.);
#4015=ORIENTED_EDGE('',*,*,#3043,.T.);
#4016=ORIENTED_EDGE('',*,*,#3214,.T.);
#4017=ORIENTED_EDGE('',*,*,#3215,.T.);
#4018=ORIENTED_EDGE('',*,*,#3216,.T.);
#4019=ORIENTED_EDGE('',*,*,#3217,.T.);
#4020=ORIENTED_EDGE('',*,*,#3218,.T.);
#4021=ORIENTED_EDGE('',*,*,#3219,.T.);
#4022=ORIENTED_EDGE('',*,*,#3220,.T.);
#4023=ORIENTED_EDGE('',*,*,#3221,.T.);
#4024=ORIENTED_EDGE('',*,*,#3222,.T.);
#4025=ORIENTED_EDGE('',*,*,#3223,.T.);
#4026=ORIENTED_EDGE('',*,*,#3224,.T.);
#4027=ORIENTED_EDGE('',*,*,#3225,.T.);
#4028=ORIENTED_EDGE('',*,*,#3226,.T.);
#4029=ORIENTED_EDGE('',*,*,#3227,.T.);
#4030=ORIENTED_EDGE('',*,*,#3228,.T.);
#4031=ORIENTED_EDGE('',*,*,#3229,.T.);
#4032=ORIENTED_EDGE('',*,*,#3230,.T.);
#4033=ORIENTED_EDGE('',*,*,#3231,.T.);
#4034=ORIENTED_EDGE('',*,*,#3232,.T.);
#4035=ORIENTED_EDGE('',*,*,#3233,.T.);
#4036=ORIENTED_EDGE('',*,*,#3234,.T.);
#4037=ORIENTED_EDGE('',*,*,#3235,.T.);
#4038=ORIENTED_EDGE('',*,*,#3236,.T.);
#4039=ORIENTED_EDGE('',*,*,#3237,.T.);
#4040=ORIENTED_EDGE('',*,*,#3238,.T.);
#4041=ORIENTED_EDGE('',*,*,#3239,.T.);
#4042=ORIENTED_EDGE('',*,*,#3240,.T.);
#4043=ORIENTED_EDGE('',*,*,#3241,.T.);
#4044=ORIENTED_EDGE('',*,*,#3242,.T.);
#4045=ORIENTED_EDGE('',*,*,#3243,.T.);
#4046=ORIENTED_EDGE('',*,*,#3244,.T.);
#4047=ORIENTED_EDGE('',*,*,#3245,.T.);
#4048=ORIENTED_EDGE('',*,*,#3246,.T.);
#4049=ORIENTED_EDGE('',*,*,#3247,.T.);
#4050=ORIENTED_EDGE('',*,*,#3248,.T.);
#4051=ORIENTED_EDGE('',*,*,#3249,.T.);
#4052=ORIENTED_EDGE('',*,*,#3250,.T.);
#4053=ORIENTED_EDGE('',*,*,#3251,.T.);
#4054=ORIENTED_EDGE('',*,*,#3252,.T.);
#4055=ORIENTED_EDGE('',*,*,#3253,.T.);
#4056=ORIENTED_EDGE('',*,*,#3254,.F.);
#4057=ORIENTED_EDGE('',*,*,#3255,.T.);
#4058=ORIENTED_EDGE('',*,*,#3256,.F.);
#4059=ORIENTED_EDGE('',*,*,#3257,.F.);
#4060=ORIENTED_EDGE('',*,*,#3258,.T.);
#4061=ORIENTED_EDGE('',*,*,#3259,.F.);
#4062=ORIENTED_EDGE('',*,*,#3036,.F.);
#4063=ORIENTED_EDGE('',*,*,#3260,.T.);
#4064=ORIENTED_EDGE('',*,*,#3261,.F.);
#4065=ORIENTED_EDGE('',*,*,#3262,.T.);
#4066=ORIENTED_EDGE('',*,*,#3263,.T.);
#4067=ORIENTED_EDGE('',*,*,#3153,.F.);
#4068=ORIENTED_EDGE('',*,*,#3015,.T.);
#4069=ORIENTED_EDGE('',*,*,#3264,.T.);
#4070=ORIENTED_EDGE('',*,*,#3004,.T.);
#4071=ORIENTED_EDGE('',*,*,#3047,.T.);
#4072=ORIENTED_EDGE('',*,*,#3265,.T.);
#4073=ORIENTED_EDGE('',*,*,#3266,.T.);
#4074=ORIENTED_EDGE('',*,*,#3267,.T.);
#4075=ORIENTED_EDGE('',*,*,#3268,.T.);
#4076=ORIENTED_EDGE('',*,*,#3266,.F.);
#4077=ORIENTED_EDGE('',*,*,#3269,.F.);
#4078=ORIENTED_EDGE('',*,*,#3270,.F.);
#4079=ORIENTED_EDGE('',*,*,#3271,.F.);
#4080=ORIENTED_EDGE('',*,*,#3272,.T.);
#4081=ORIENTED_EDGE('',*,*,#3273,.T.);
#4082=ORIENTED_EDGE('',*,*,#3274,.T.);
#4083=ORIENTED_EDGE('',*,*,#3275,.T.);
#4084=ORIENTED_EDGE('',*,*,#3268,.F.);
#4085=ORIENTED_EDGE('',*,*,#3276,.F.);
#4086=ORIENTED_EDGE('',*,*,#3273,.F.);
#4087=ORIENTED_EDGE('',*,*,#3277,.T.);
#4088=ORIENTED_EDGE('',*,*,#3026,.T.);
#4089=ORIENTED_EDGE('',*,*,#3278,.T.);
#4090=ORIENTED_EDGE('',*,*,#3155,.T.);
#4091=ORIENTED_EDGE('',*,*,#3279,.T.);
#4092=ORIENTED_EDGE('',*,*,#3280,.T.);
#4093=ORIENTED_EDGE('',*,*,#3281,.T.);
#4094=ORIENTED_EDGE('',*,*,#3282,.T.);
#4095=ORIENTED_EDGE('',*,*,#3283,.T.);
#4096=ORIENTED_EDGE('',*,*,#3284,.T.);
#4097=ORIENTED_EDGE('',*,*,#3285,.T.);
#4098=ORIENTED_EDGE('',*,*,#3286,.T.);
#4099=ORIENTED_EDGE('',*,*,#3287,.T.);
#4100=ORIENTED_EDGE('',*,*,#3288,.T.);
#4101=ORIENTED_EDGE('',*,*,#3289,.T.);
#4102=ORIENTED_EDGE('',*,*,#3290,.T.);
#4103=ORIENTED_EDGE('',*,*,#3291,.T.);
#4104=ORIENTED_EDGE('',*,*,#3292,.T.);
#4105=ORIENTED_EDGE('',*,*,#3293,.T.);
#4106=ORIENTED_EDGE('',*,*,#3294,.T.);
#4107=ORIENTED_EDGE('',*,*,#3295,.T.);
#4108=ORIENTED_EDGE('',*,*,#3296,.T.);
#4109=ORIENTED_EDGE('',*,*,#3297,.T.);
#4110=ORIENTED_EDGE('',*,*,#3298,.T.);
#4111=ORIENTED_EDGE('',*,*,#3299,.T.);
#4112=ORIENTED_EDGE('',*,*,#3275,.F.);
#4113=ORIENTED_EDGE('',*,*,#3300,.F.);
#4114=ORIENTED_EDGE('',*,*,#3297,.F.);
#4115=ORIENTED_EDGE('',*,*,#3301,.F.);
#4116=ORIENTED_EDGE('',*,*,#3302,.T.);
#4117=ORIENTED_EDGE('',*,*,#3303,.T.);
#4118=ORIENTED_EDGE('',*,*,#3304,.T.);
#4119=ORIENTED_EDGE('',*,*,#3270,.T.);
#4120=ORIENTED_EDGE('',*,*,#3299,.F.);
#4121=ORIENTED_EDGE('',*,*,#3305,.F.);
#4122=ORIENTED_EDGE('',*,*,#3303,.F.);
#4123=ORIENTED_EDGE('',*,*,#3306,.F.);
#4124=ORIENTED_EDGE('',*,*,#3053,.T.);
#4125=ORIENTED_EDGE('',*,*,#3307,.F.);
#4126=ORIENTED_EDGE('',*,*,#3259,.T.);
#4127=ORIENTED_EDGE('',*,*,#3308,.T.);
#4128=ORIENTED_EDGE('',*,*,#3058,.T.);
#4129=ORIENTED_EDGE('',*,*,#3309,.T.);
#4130=ORIENTED_EDGE('',*,*,#3254,.T.);
#4131=ORIENTED_EDGE('',*,*,#3307,.T.);
#4132=ORIENTED_EDGE('',*,*,#3309,.F.);
#4133=ORIENTED_EDGE('',*,*,#3057,.F.);
#4134=ORIENTED_EDGE('',*,*,#3310,.F.);
#4135=ORIENTED_EDGE('',*,*,#3255,.F.);
#4136=ORIENTED_EDGE('',*,*,#3056,.T.);
#4137=ORIENTED_EDGE('',*,*,#3311,.F.);
#4138=ORIENTED_EDGE('',*,*,#3256,.T.);
#4139=ORIENTED_EDGE('',*,*,#3310,.T.);
#4140=ORIENTED_EDGE('',*,*,#3055,.T.);
#4141=ORIENTED_EDGE('',*,*,#3312,.T.);
#4142=ORIENTED_EDGE('',*,*,#3257,.T.);
#4143=ORIENTED_EDGE('',*,*,#3311,.T.);
#4144=ORIENTED_EDGE('',*,*,#3308,.F.);
#4145=ORIENTED_EDGE('',*,*,#3258,.F.);
#4146=ORIENTED_EDGE('',*,*,#3312,.F.);
#4147=ORIENTED_EDGE('',*,*,#3054,.F.);
#4148=ORIENTED_EDGE('',*,*,#3144,.T.);
#4149=ORIENTED_EDGE('',*,*,#3313,.T.);
#4150=ORIENTED_EDGE('',*,*,#3164,.T.);
#4151=ORIENTED_EDGE('',*,*,#3314,.T.);
#4152=ORIENTED_EDGE('',*,*,#3313,.F.);
#4153=ORIENTED_EDGE('',*,*,#3143,.F.);
#4154=ORIENTED_EDGE('',*,*,#3315,.F.);
#4155=ORIENTED_EDGE('',*,*,#3157,.F.);
#4156=ORIENTED_EDGE('',*,*,#3150,.T.);
#4157=ORIENTED_EDGE('',*,*,#3316,.T.);
#4158=ORIENTED_EDGE('',*,*,#3158,.T.);
#4159=ORIENTED_EDGE('',*,*,#3315,.T.);
#4160=ORIENTED_EDGE('',*,*,#3316,.F.);
#4161=ORIENTED_EDGE('',*,*,#3149,.F.);
#4162=ORIENTED_EDGE('',*,*,#3317,.F.);
#4163=ORIENTED_EDGE('',*,*,#3159,.F.);
#4164=ORIENTED_EDGE('',*,*,#3148,.T.);
#4165=ORIENTED_EDGE('',*,*,#3318,.T.);
#4166=ORIENTED_EDGE('',*,*,#3160,.T.);
#4167=ORIENTED_EDGE('',*,*,#3317,.T.);
#4168=ORIENTED_EDGE('',*,*,#3318,.F.);
#4169=ORIENTED_EDGE('',*,*,#3147,.F.);
#4170=ORIENTED_EDGE('',*,*,#3319,.F.);
#4171=ORIENTED_EDGE('',*,*,#3161,.F.);
#4172=ORIENTED_EDGE('',*,*,#3146,.T.);
#4173=ORIENTED_EDGE('',*,*,#3320,.T.);
#4174=ORIENTED_EDGE('',*,*,#3162,.T.);
#4175=ORIENTED_EDGE('',*,*,#3319,.T.);
#4176=ORIENTED_EDGE('',*,*,#3314,.F.);
#4177=ORIENTED_EDGE('',*,*,#3163,.F.);
#4178=ORIENTED_EDGE('',*,*,#3320,.F.);
#4179=ORIENTED_EDGE('',*,*,#3145,.F.);
#4180=ORIENTED_EDGE('',*,*,#3321,.F.);
#4181=ORIENTED_EDGE('',*,*,#3322,.F.);
#4182=ORIENTED_EDGE('',*,*,#3323,.F.);
#4183=ORIENTED_EDGE('',*,*,#3324,.F.);
#4184=ORIENTED_EDGE('',*,*,#3324,.T.);
#4185=ORIENTED_EDGE('',*,*,#3325,.T.);
#4186=ORIENTED_EDGE('',*,*,#3326,.T.);
#4187=ORIENTED_EDGE('',*,*,#3281,.F.);
#4188=ORIENTED_EDGE('',*,*,#3327,.T.);
#4189=ORIENTED_EDGE('',*,*,#3261,.T.);
#4190=ORIENTED_EDGE('',*,*,#3328,.T.);
#4191=ORIENTED_EDGE('',*,*,#3329,.T.);
#4192=ORIENTED_EDGE('',*,*,#3330,.T.);
#4193=ORIENTED_EDGE('',*,*,#3331,.T.);
#4194=ORIENTED_EDGE('',*,*,#3332,.T.);
#4195=ORIENTED_EDGE('',*,*,#3333,.T.);
#4196=ORIENTED_EDGE('',*,*,#3334,.T.);
#4197=ORIENTED_EDGE('',*,*,#3335,.T.);
#4198=ORIENTED_EDGE('',*,*,#3336,.T.);
#4199=ORIENTED_EDGE('',*,*,#3337,.T.);
#4200=ORIENTED_EDGE('',*,*,#3338,.T.);
#4201=ORIENTED_EDGE('',*,*,#3339,.T.);
#4202=ORIENTED_EDGE('',*,*,#3340,.T.);
#4203=ORIENTED_EDGE('',*,*,#3341,.T.);
#4204=ORIENTED_EDGE('',*,*,#3342,.T.);
#4205=ORIENTED_EDGE('',*,*,#3343,.T.);
#4206=ORIENTED_EDGE('',*,*,#3344,.T.);
#4207=ORIENTED_EDGE('',*,*,#3345,.T.);
#4208=ORIENTED_EDGE('',*,*,#3346,.T.);
#4209=ORIENTED_EDGE('',*,*,#3347,.T.);
#4210=ORIENTED_EDGE('',*,*,#3348,.T.);
#4211=ORIENTED_EDGE('',*,*,#3349,.T.);
#4212=ORIENTED_EDGE('',*,*,#3323,.T.);
#4213=ORIENTED_EDGE('',*,*,#3350,.T.);
#4214=ORIENTED_EDGE('',*,*,#3351,.T.);
#4215=ORIENTED_EDGE('',*,*,#3325,.F.);
#4216=ORIENTED_EDGE('',*,*,#3352,.F.);
#4217=ORIENTED_EDGE('',*,*,#3353,.F.);
#4218=ORIENTED_EDGE('',*,*,#3354,.F.);
#4219=ORIENTED_EDGE('',*,*,#3355,.T.);
#4220=ORIENTED_EDGE('',*,*,#3356,.F.);
#4221=ORIENTED_EDGE('',*,*,#3355,.F.);
#4222=ORIENTED_EDGE('',*,*,#3357,.F.);
#4223=ORIENTED_EDGE('',*,*,#3358,.T.);
#4224=ORIENTED_EDGE('',*,*,#3359,.F.);
#4225=ORIENTED_EDGE('',*,*,#3358,.F.);
#4226=ORIENTED_EDGE('',*,*,#3360,.F.);
#4227=ORIENTED_EDGE('',*,*,#3361,.T.);
#4228=ORIENTED_EDGE('',*,*,#3362,.F.);
#4229=ORIENTED_EDGE('',*,*,#3361,.F.);
#4230=ORIENTED_EDGE('',*,*,#3363,.F.);
#4231=ORIENTED_EDGE('',*,*,#3364,.T.);
#4232=ORIENTED_EDGE('',*,*,#3365,.F.);
#4233=ORIENTED_EDGE('',*,*,#3364,.F.);
#4234=ORIENTED_EDGE('',*,*,#3366,.F.);
#4235=ORIENTED_EDGE('',*,*,#3367,.T.);
#4236=ORIENTED_EDGE('',*,*,#3368,.F.);
#4237=ORIENTED_EDGE('',*,*,#3367,.F.);
#4238=ORIENTED_EDGE('',*,*,#3369,.F.);
#4239=ORIENTED_EDGE('',*,*,#3353,.T.);
#4240=ORIENTED_EDGE('',*,*,#3370,.F.);
#4241=ORIENTED_EDGE('',*,*,#3371,.F.);
#4242=ORIENTED_EDGE('',*,*,#3372,.F.);
#4243=ORIENTED_EDGE('',*,*,#3373,.T.);
#4244=ORIENTED_EDGE('',*,*,#3374,.F.);
#4245=ORIENTED_EDGE('',*,*,#3373,.F.);
#4246=ORIENTED_EDGE('',*,*,#3375,.F.);
#4247=ORIENTED_EDGE('',*,*,#3376,.T.);
#4248=ORIENTED_EDGE('',*,*,#3377,.F.);
#4249=ORIENTED_EDGE('',*,*,#3376,.F.);
#4250=ORIENTED_EDGE('',*,*,#3378,.F.);
#4251=ORIENTED_EDGE('',*,*,#3379,.T.);
#4252=ORIENTED_EDGE('',*,*,#3380,.F.);
#4253=ORIENTED_EDGE('',*,*,#3379,.F.);
#4254=ORIENTED_EDGE('',*,*,#3381,.F.);
#4255=ORIENTED_EDGE('',*,*,#3382,.T.);
#4256=ORIENTED_EDGE('',*,*,#3383,.F.);
#4257=ORIENTED_EDGE('',*,*,#3382,.F.);
#4258=ORIENTED_EDGE('',*,*,#3384,.F.);
#4259=ORIENTED_EDGE('',*,*,#3385,.T.);
#4260=ORIENTED_EDGE('',*,*,#3386,.F.);
#4261=ORIENTED_EDGE('',*,*,#3385,.F.);
#4262=ORIENTED_EDGE('',*,*,#3387,.F.);
#4263=ORIENTED_EDGE('',*,*,#3371,.T.);
#4264=ORIENTED_EDGE('',*,*,#3388,.F.);
#4265=ORIENTED_EDGE('',*,*,#3389,.F.);
#4266=ORIENTED_EDGE('',*,*,#3390,.F.);
#4267=ORIENTED_EDGE('',*,*,#3391,.T.);
#4268=ORIENTED_EDGE('',*,*,#3392,.F.);
#4269=ORIENTED_EDGE('',*,*,#3391,.F.);
#4270=ORIENTED_EDGE('',*,*,#3393,.F.);
#4271=ORIENTED_EDGE('',*,*,#3394,.T.);
#4272=ORIENTED_EDGE('',*,*,#3395,.F.);
#4273=ORIENTED_EDGE('',*,*,#3394,.F.);
#4274=ORIENTED_EDGE('',*,*,#3396,.F.);
#4275=ORIENTED_EDGE('',*,*,#3397,.T.);
#4276=ORIENTED_EDGE('',*,*,#3398,.F.);
#4277=ORIENTED_EDGE('',*,*,#3397,.F.);
#4278=ORIENTED_EDGE('',*,*,#3399,.F.);
#4279=ORIENTED_EDGE('',*,*,#3400,.T.);
#4280=ORIENTED_EDGE('',*,*,#3401,.F.);
#4281=ORIENTED_EDGE('',*,*,#3400,.F.);
#4282=ORIENTED_EDGE('',*,*,#3402,.F.);
#4283=ORIENTED_EDGE('',*,*,#3403,.T.);
#4284=ORIENTED_EDGE('',*,*,#3404,.F.);
#4285=ORIENTED_EDGE('',*,*,#3403,.F.);
#4286=ORIENTED_EDGE('',*,*,#3405,.F.);
#4287=ORIENTED_EDGE('',*,*,#3389,.T.);
#4288=ORIENTED_EDGE('',*,*,#3406,.F.);
#4289=ORIENTED_EDGE('',*,*,#3407,.F.);
#4290=ORIENTED_EDGE('',*,*,#3408,.F.);
#4291=ORIENTED_EDGE('',*,*,#3409,.T.);
#4292=ORIENTED_EDGE('',*,*,#3410,.F.);
#4293=ORIENTED_EDGE('',*,*,#3409,.F.);
#4294=ORIENTED_EDGE('',*,*,#3411,.F.);
#4295=ORIENTED_EDGE('',*,*,#3412,.T.);
#4296=ORIENTED_EDGE('',*,*,#3413,.F.);
#4297=ORIENTED_EDGE('',*,*,#3412,.F.);
#4298=ORIENTED_EDGE('',*,*,#3414,.F.);
#4299=ORIENTED_EDGE('',*,*,#3415,.T.);
#4300=ORIENTED_EDGE('',*,*,#3416,.F.);
#4301=ORIENTED_EDGE('',*,*,#3415,.F.);
#4302=ORIENTED_EDGE('',*,*,#3417,.F.);
#4303=ORIENTED_EDGE('',*,*,#3418,.T.);
#4304=ORIENTED_EDGE('',*,*,#3419,.F.);
#4305=ORIENTED_EDGE('',*,*,#3418,.F.);
#4306=ORIENTED_EDGE('',*,*,#3420,.F.);
#4307=ORIENTED_EDGE('',*,*,#3421,.T.);
#4308=ORIENTED_EDGE('',*,*,#3422,.F.);
#4309=ORIENTED_EDGE('',*,*,#3421,.F.);
#4310=ORIENTED_EDGE('',*,*,#3423,.F.);
#4311=ORIENTED_EDGE('',*,*,#3407,.T.);
#4312=ORIENTED_EDGE('',*,*,#3424,.F.);
#4313=ORIENTED_EDGE('',*,*,#3425,.F.);
#4314=ORIENTED_EDGE('',*,*,#3426,.F.);
#4315=ORIENTED_EDGE('',*,*,#3427,.T.);
#4316=ORIENTED_EDGE('',*,*,#3428,.F.);
#4317=ORIENTED_EDGE('',*,*,#3427,.F.);
#4318=ORIENTED_EDGE('',*,*,#3429,.F.);
#4319=ORIENTED_EDGE('',*,*,#3430,.T.);
#4320=ORIENTED_EDGE('',*,*,#3431,.F.);
#4321=ORIENTED_EDGE('',*,*,#3430,.F.);
#4322=ORIENTED_EDGE('',*,*,#3432,.F.);
#4323=ORIENTED_EDGE('',*,*,#3433,.T.);
#4324=ORIENTED_EDGE('',*,*,#3434,.F.);
#4325=ORIENTED_EDGE('',*,*,#3433,.F.);
#4326=ORIENTED_EDGE('',*,*,#3435,.F.);
#4327=ORIENTED_EDGE('',*,*,#3436,.T.);
#4328=ORIENTED_EDGE('',*,*,#3437,.F.);
#4329=ORIENTED_EDGE('',*,*,#3436,.F.);
#4330=ORIENTED_EDGE('',*,*,#3438,.F.);
#4331=ORIENTED_EDGE('',*,*,#3439,.T.);
#4332=ORIENTED_EDGE('',*,*,#3440,.F.);
#4333=ORIENTED_EDGE('',*,*,#3439,.F.);
#4334=ORIENTED_EDGE('',*,*,#3441,.F.);
#4335=ORIENTED_EDGE('',*,*,#3425,.T.);
#4336=ORIENTED_EDGE('',*,*,#3442,.F.);
#4337=ORIENTED_EDGE('',*,*,#3443,.F.);
#4338=ORIENTED_EDGE('',*,*,#3444,.F.);
#4339=ORIENTED_EDGE('',*,*,#3445,.T.);
#4340=ORIENTED_EDGE('',*,*,#3446,.F.);
#4341=ORIENTED_EDGE('',*,*,#3445,.F.);
#4342=ORIENTED_EDGE('',*,*,#3447,.F.);
#4343=ORIENTED_EDGE('',*,*,#3448,.T.);
#4344=ORIENTED_EDGE('',*,*,#3449,.F.);
#4345=ORIENTED_EDGE('',*,*,#3448,.F.);
#4346=ORIENTED_EDGE('',*,*,#3450,.F.);
#4347=ORIENTED_EDGE('',*,*,#3451,.T.);
#4348=ORIENTED_EDGE('',*,*,#3452,.F.);
#4349=ORIENTED_EDGE('',*,*,#3451,.F.);
#4350=ORIENTED_EDGE('',*,*,#3453,.F.);
#4351=ORIENTED_EDGE('',*,*,#3454,.T.);
#4352=ORIENTED_EDGE('',*,*,#3455,.F.);
#4353=ORIENTED_EDGE('',*,*,#3454,.F.);
#4354=ORIENTED_EDGE('',*,*,#3456,.F.);
#4355=ORIENTED_EDGE('',*,*,#3457,.T.);
#4356=ORIENTED_EDGE('',*,*,#3458,.F.);
#4357=ORIENTED_EDGE('',*,*,#3457,.F.);
#4358=ORIENTED_EDGE('',*,*,#3459,.F.);
#4359=ORIENTED_EDGE('',*,*,#3443,.T.);
#4360=ORIENTED_EDGE('',*,*,#3460,.F.);
#4361=ORIENTED_EDGE('',*,*,#3461,.F.);
#4362=ORIENTED_EDGE('',*,*,#3462,.F.);
#4363=ORIENTED_EDGE('',*,*,#3463,.T.);
#4364=ORIENTED_EDGE('',*,*,#3464,.F.);
#4365=ORIENTED_EDGE('',*,*,#3463,.F.);
#4366=ORIENTED_EDGE('',*,*,#3465,.F.);
#4367=ORIENTED_EDGE('',*,*,#3466,.T.);
#4368=ORIENTED_EDGE('',*,*,#3467,.F.);
#4369=ORIENTED_EDGE('',*,*,#3466,.F.);
#4370=ORIENTED_EDGE('',*,*,#3468,.F.);
#4371=ORIENTED_EDGE('',*,*,#3469,.T.);
#4372=ORIENTED_EDGE('',*,*,#3470,.F.);
#4373=ORIENTED_EDGE('',*,*,#3469,.F.);
#4374=ORIENTED_EDGE('',*,*,#3471,.F.);
#4375=ORIENTED_EDGE('',*,*,#3472,.T.);
#4376=ORIENTED_EDGE('',*,*,#3473,.F.);
#4377=ORIENTED_EDGE('',*,*,#3472,.F.);
#4378=ORIENTED_EDGE('',*,*,#3474,.F.);
#4379=ORIENTED_EDGE('',*,*,#3475,.T.);
#4380=ORIENTED_EDGE('',*,*,#3476,.F.);
#4381=ORIENTED_EDGE('',*,*,#3475,.F.);
#4382=ORIENTED_EDGE('',*,*,#3477,.F.);
#4383=ORIENTED_EDGE('',*,*,#3461,.T.);
#4384=ORIENTED_EDGE('',*,*,#3478,.F.);
#4385=ORIENTED_EDGE('',*,*,#3479,.F.);
#4386=ORIENTED_EDGE('',*,*,#3480,.F.);
#4387=ORIENTED_EDGE('',*,*,#3481,.T.);
#4388=ORIENTED_EDGE('',*,*,#3482,.F.);
#4389=ORIENTED_EDGE('',*,*,#3481,.F.);
#4390=ORIENTED_EDGE('',*,*,#3483,.F.);
#4391=ORIENTED_EDGE('',*,*,#3484,.T.);
#4392=ORIENTED_EDGE('',*,*,#3485,.F.);
#4393=ORIENTED_EDGE('',*,*,#3484,.F.);
#4394=ORIENTED_EDGE('',*,*,#3486,.F.);
#4395=ORIENTED_EDGE('',*,*,#3487,.T.);
#4396=ORIENTED_EDGE('',*,*,#3488,.F.);
#4397=ORIENTED_EDGE('',*,*,#3487,.F.);
#4398=ORIENTED_EDGE('',*,*,#3489,.F.);
#4399=ORIENTED_EDGE('',*,*,#3490,.T.);
#4400=ORIENTED_EDGE('',*,*,#3491,.F.);
#4401=ORIENTED_EDGE('',*,*,#3490,.F.);
#4402=ORIENTED_EDGE('',*,*,#3492,.F.);
#4403=ORIENTED_EDGE('',*,*,#3493,.T.);
#4404=ORIENTED_EDGE('',*,*,#3494,.F.);
#4405=ORIENTED_EDGE('',*,*,#3493,.F.);
#4406=ORIENTED_EDGE('',*,*,#3495,.F.);
#4407=ORIENTED_EDGE('',*,*,#3479,.T.);
#4408=ORIENTED_EDGE('',*,*,#3496,.F.);
#4409=ORIENTED_EDGE('',*,*,#3497,.F.);
#4410=ORIENTED_EDGE('',*,*,#3498,.F.);
#4411=ORIENTED_EDGE('',*,*,#3499,.T.);
#4412=ORIENTED_EDGE('',*,*,#3500,.F.);
#4413=ORIENTED_EDGE('',*,*,#3499,.F.);
#4414=ORIENTED_EDGE('',*,*,#3501,.F.);
#4415=ORIENTED_EDGE('',*,*,#3502,.T.);
#4416=ORIENTED_EDGE('',*,*,#3503,.F.);
#4417=ORIENTED_EDGE('',*,*,#3502,.F.);
#4418=ORIENTED_EDGE('',*,*,#3504,.F.);
#4419=ORIENTED_EDGE('',*,*,#3505,.T.);
#4420=ORIENTED_EDGE('',*,*,#3506,.F.);
#4421=ORIENTED_EDGE('',*,*,#3505,.F.);
#4422=ORIENTED_EDGE('',*,*,#3507,.F.);
#4423=ORIENTED_EDGE('',*,*,#3508,.T.);
#4424=ORIENTED_EDGE('',*,*,#3509,.F.);
#4425=ORIENTED_EDGE('',*,*,#3508,.F.);
#4426=ORIENTED_EDGE('',*,*,#3510,.F.);
#4427=ORIENTED_EDGE('',*,*,#3511,.T.);
#4428=ORIENTED_EDGE('',*,*,#3512,.F.);
#4429=ORIENTED_EDGE('',*,*,#3511,.F.);
#4430=ORIENTED_EDGE('',*,*,#3513,.F.);
#4431=ORIENTED_EDGE('',*,*,#3497,.T.);
#4432=ORIENTED_EDGE('',*,*,#3514,.F.);
#4433=ORIENTED_EDGE('',*,*,#3515,.F.);
#4434=ORIENTED_EDGE('',*,*,#3516,.F.);
#4435=ORIENTED_EDGE('',*,*,#3517,.T.);
#4436=ORIENTED_EDGE('',*,*,#3518,.F.);
#4437=ORIENTED_EDGE('',*,*,#3517,.F.);
#4438=ORIENTED_EDGE('',*,*,#3519,.F.);
#4439=ORIENTED_EDGE('',*,*,#3520,.T.);
#4440=ORIENTED_EDGE('',*,*,#3521,.F.);
#4441=ORIENTED_EDGE('',*,*,#3520,.F.);
#4442=ORIENTED_EDGE('',*,*,#3522,.F.);
#4443=ORIENTED_EDGE('',*,*,#3523,.T.);
#4444=ORIENTED_EDGE('',*,*,#3524,.F.);
#4445=ORIENTED_EDGE('',*,*,#3523,.F.);
#4446=ORIENTED_EDGE('',*,*,#3525,.F.);
#4447=ORIENTED_EDGE('',*,*,#3526,.T.);
#4448=ORIENTED_EDGE('',*,*,#3527,.F.);
#4449=ORIENTED_EDGE('',*,*,#3526,.F.);
#4450=ORIENTED_EDGE('',*,*,#3528,.F.);
#4451=ORIENTED_EDGE('',*,*,#3529,.T.);
#4452=ORIENTED_EDGE('',*,*,#3530,.F.);
#4453=ORIENTED_EDGE('',*,*,#3529,.F.);
#4454=ORIENTED_EDGE('',*,*,#3531,.F.);
#4455=ORIENTED_EDGE('',*,*,#3515,.T.);
#4456=ORIENTED_EDGE('',*,*,#3532,.F.);
#4457=ORIENTED_EDGE('',*,*,#3533,.F.);
#4458=ORIENTED_EDGE('',*,*,#3534,.F.);
#4459=ORIENTED_EDGE('',*,*,#3535,.T.);
#4460=ORIENTED_EDGE('',*,*,#3536,.F.);
#4461=ORIENTED_EDGE('',*,*,#3535,.F.);
#4462=ORIENTED_EDGE('',*,*,#3537,.F.);
#4463=ORIENTED_EDGE('',*,*,#3538,.T.);
#4464=ORIENTED_EDGE('',*,*,#3539,.F.);
#4465=ORIENTED_EDGE('',*,*,#3538,.F.);
#4466=ORIENTED_EDGE('',*,*,#3540,.F.);
#4467=ORIENTED_EDGE('',*,*,#3541,.T.);
#4468=ORIENTED_EDGE('',*,*,#3542,.F.);
#4469=ORIENTED_EDGE('',*,*,#3541,.F.);
#4470=ORIENTED_EDGE('',*,*,#3543,.F.);
#4471=ORIENTED_EDGE('',*,*,#3544,.T.);
#4472=ORIENTED_EDGE('',*,*,#3545,.F.);
#4473=ORIENTED_EDGE('',*,*,#3544,.F.);
#4474=ORIENTED_EDGE('',*,*,#3546,.F.);
#4475=ORIENTED_EDGE('',*,*,#3547,.T.);
#4476=ORIENTED_EDGE('',*,*,#3548,.F.);
#4477=ORIENTED_EDGE('',*,*,#3547,.F.);
#4478=ORIENTED_EDGE('',*,*,#3549,.F.);
#4479=ORIENTED_EDGE('',*,*,#3533,.T.);
#4480=ORIENTED_EDGE('',*,*,#3168,.F.);
#4481=ORIENTED_EDGE('',*,*,#3550,.F.);
#4482=ORIENTED_EDGE('',*,*,#3140,.F.);
#4483=ORIENTED_EDGE('',*,*,#3551,.T.);
#4484=ORIENTED_EDGE('',*,*,#3169,.F.);
#4485=ORIENTED_EDGE('',*,*,#3551,.F.);
#4486=ORIENTED_EDGE('',*,*,#3139,.F.);
#4487=ORIENTED_EDGE('',*,*,#3552,.T.);
#4488=ORIENTED_EDGE('',*,*,#3170,.F.);
#4489=ORIENTED_EDGE('',*,*,#3552,.F.);
#4490=ORIENTED_EDGE('',*,*,#3138,.F.);
#4491=ORIENTED_EDGE('',*,*,#3553,.T.);
#4492=ORIENTED_EDGE('',*,*,#3165,.F.);
#4493=ORIENTED_EDGE('',*,*,#3553,.F.);
#4494=ORIENTED_EDGE('',*,*,#3137,.F.);
#4495=ORIENTED_EDGE('',*,*,#3554,.T.);
#4496=ORIENTED_EDGE('',*,*,#3166,.F.);
#4497=ORIENTED_EDGE('',*,*,#3554,.F.);
#4498=ORIENTED_EDGE('',*,*,#3142,.F.);
#4499=ORIENTED_EDGE('',*,*,#3555,.T.);
#4500=ORIENTED_EDGE('',*,*,#3167,.F.);
#4501=ORIENTED_EDGE('',*,*,#3555,.F.);
#4502=ORIENTED_EDGE('',*,*,#3141,.F.);
#4503=ORIENTED_EDGE('',*,*,#3550,.T.);
#4504=ORIENTED_EDGE('',*,*,#3251,.F.);
#4505=ORIENTED_EDGE('',*,*,#3556,.F.);
#4506=ORIENTED_EDGE('',*,*,#3062,.F.);
#4507=ORIENTED_EDGE('',*,*,#3557,.T.);
#4508=ORIENTED_EDGE('',*,*,#3252,.F.);
#4509=ORIENTED_EDGE('',*,*,#3557,.F.);
#4510=ORIENTED_EDGE('',*,*,#3061,.F.);
#4511=ORIENTED_EDGE('',*,*,#3558,.T.);
#4512=ORIENTED_EDGE('',*,*,#3253,.F.);
#4513=ORIENTED_EDGE('',*,*,#3558,.F.);
#4514=ORIENTED_EDGE('',*,*,#3060,.F.);
#4515=ORIENTED_EDGE('',*,*,#3559,.T.);
#4516=ORIENTED_EDGE('',*,*,#3248,.F.);
#4517=ORIENTED_EDGE('',*,*,#3559,.F.);
#4518=ORIENTED_EDGE('',*,*,#3059,.F.);
#4519=ORIENTED_EDGE('',*,*,#3560,.T.);
#4520=ORIENTED_EDGE('',*,*,#3249,.F.);
#4521=ORIENTED_EDGE('',*,*,#3560,.F.);
#4522=ORIENTED_EDGE('',*,*,#3064,.F.);
#4523=ORIENTED_EDGE('',*,*,#3561,.T.);
#4524=ORIENTED_EDGE('',*,*,#3250,.F.);
#4525=ORIENTED_EDGE('',*,*,#3561,.F.);
#4526=ORIENTED_EDGE('',*,*,#3063,.F.);
#4527=ORIENTED_EDGE('',*,*,#3556,.T.);
#4528=ORIENTED_EDGE('',*,*,#3245,.F.);
#4529=ORIENTED_EDGE('',*,*,#3562,.F.);
#4530=ORIENTED_EDGE('',*,*,#3068,.F.);
#4531=ORIENTED_EDGE('',*,*,#3563,.T.);
#4532=ORIENTED_EDGE('',*,*,#3246,.F.);
#4533=ORIENTED_EDGE('',*,*,#3563,.F.);
#4534=ORIENTED_EDGE('',*,*,#3067,.F.);
#4535=ORIENTED_EDGE('',*,*,#3564,.T.);
#4536=ORIENTED_EDGE('',*,*,#3247,.F.);
#4537=ORIENTED_EDGE('',*,*,#3564,.F.);
#4538=ORIENTED_EDGE('',*,*,#3066,.F.);
#4539=ORIENTED_EDGE('',*,*,#3565,.T.);
#4540=ORIENTED_EDGE('',*,*,#3242,.F.);
#4541=ORIENTED_EDGE('',*,*,#3565,.F.);
#4542=ORIENTED_EDGE('',*,*,#3065,.F.);
#4543=ORIENTED_EDGE('',*,*,#3566,.T.);
#4544=ORIENTED_EDGE('',*,*,#3243,.F.);
#4545=ORIENTED_EDGE('',*,*,#3566,.F.);
#4546=ORIENTED_EDGE('',*,*,#3070,.F.);
#4547=ORIENTED_EDGE('',*,*,#3567,.T.);
#4548=ORIENTED_EDGE('',*,*,#3244,.F.);
#4549=ORIENTED_EDGE('',*,*,#3567,.F.);
#4550=ORIENTED_EDGE('',*,*,#3069,.F.);
#4551=ORIENTED_EDGE('',*,*,#3562,.T.);
#4552=ORIENTED_EDGE('',*,*,#3239,.F.);
#4553=ORIENTED_EDGE('',*,*,#3568,.F.);
#4554=ORIENTED_EDGE('',*,*,#3074,.F.);
#4555=ORIENTED_EDGE('',*,*,#3569,.T.);
#4556=ORIENTED_EDGE('',*,*,#3240,.F.);
#4557=ORIENTED_EDGE('',*,*,#3569,.F.);
#4558=ORIENTED_EDGE('',*,*,#3073,.F.);
#4559=ORIENTED_EDGE('',*,*,#3570,.T.);
#4560=ORIENTED_EDGE('',*,*,#3241,.F.);
#4561=ORIENTED_EDGE('',*,*,#3570,.F.);
#4562=ORIENTED_EDGE('',*,*,#3072,.F.);
#4563=ORIENTED_EDGE('',*,*,#3571,.T.);
#4564=ORIENTED_EDGE('',*,*,#3236,.F.);
#4565=ORIENTED_EDGE('',*,*,#3571,.F.);
#4566=ORIENTED_EDGE('',*,*,#3071,.F.);
#4567=ORIENTED_EDGE('',*,*,#3572,.T.);
#4568=ORIENTED_EDGE('',*,*,#3237,.F.);
#4569=ORIENTED_EDGE('',*,*,#3572,.F.);
#4570=ORIENTED_EDGE('',*,*,#3076,.F.);
#4571=ORIENTED_EDGE('',*,*,#3573,.T.);
#4572=ORIENTED_EDGE('',*,*,#3238,.F.);
#4573=ORIENTED_EDGE('',*,*,#3573,.F.);
#4574=ORIENTED_EDGE('',*,*,#3075,.F.);
#4575=ORIENTED_EDGE('',*,*,#3568,.T.);
#4576=ORIENTED_EDGE('',*,*,#3233,.F.);
#4577=ORIENTED_EDGE('',*,*,#3574,.F.);
#4578=ORIENTED_EDGE('',*,*,#3080,.F.);
#4579=ORIENTED_EDGE('',*,*,#3575,.T.);
#4580=ORIENTED_EDGE('',*,*,#3234,.F.);
#4581=ORIENTED_EDGE('',*,*,#3575,.F.);
#4582=ORIENTED_EDGE('',*,*,#3079,.F.);
#4583=ORIENTED_EDGE('',*,*,#3576,.T.);
#4584=ORIENTED_EDGE('',*,*,#3235,.F.);
#4585=ORIENTED_EDGE('',*,*,#3576,.F.);
#4586=ORIENTED_EDGE('',*,*,#3078,.F.);
#4587=ORIENTED_EDGE('',*,*,#3577,.T.);
#4588=ORIENTED_EDGE('',*,*,#3230,.F.);
#4589=ORIENTED_EDGE('',*,*,#3577,.F.);
#4590=ORIENTED_EDGE('',*,*,#3077,.F.);
#4591=ORIENTED_EDGE('',*,*,#3578,.T.);
#4592=ORIENTED_EDGE('',*,*,#3231,.F.);
#4593=ORIENTED_EDGE('',*,*,#3578,.F.);
#4594=ORIENTED_EDGE('',*,*,#3082,.F.);
#4595=ORIENTED_EDGE('',*,*,#3579,.T.);
#4596=ORIENTED_EDGE('',*,*,#3232,.F.);
#4597=ORIENTED_EDGE('',*,*,#3579,.F.);
#4598=ORIENTED_EDGE('',*,*,#3081,.F.);
#4599=ORIENTED_EDGE('',*,*,#3574,.T.);
#4600=ORIENTED_EDGE('',*,*,#3227,.F.);
#4601=ORIENTED_EDGE('',*,*,#3580,.F.);
#4602=ORIENTED_EDGE('',*,*,#3086,.F.);
#4603=ORIENTED_EDGE('',*,*,#3581,.T.);
#4604=ORIENTED_EDGE('',*,*,#3228,.F.);
#4605=ORIENTED_EDGE('',*,*,#3581,.F.);
#4606=ORIENTED_EDGE('',*,*,#3085,.F.);
#4607=ORIENTED_EDGE('',*,*,#3582,.T.);
#4608=ORIENTED_EDGE('',*,*,#3229,.F.);
#4609=ORIENTED_EDGE('',*,*,#3582,.F.);
#4610=ORIENTED_EDGE('',*,*,#3084,.F.);
#4611=ORIENTED_EDGE('',*,*,#3583,.T.);
#4612=ORIENTED_EDGE('',*,*,#3224,.F.);
#4613=ORIENTED_EDGE('',*,*,#3583,.F.);
#4614=ORIENTED_EDGE('',*,*,#3083,.F.);
#4615=ORIENTED_EDGE('',*,*,#3584,.T.);
#4616=ORIENTED_EDGE('',*,*,#3225,.F.);
#4617=ORIENTED_EDGE('',*,*,#3584,.F.);
#4618=ORIENTED_EDGE('',*,*,#3088,.F.);
#4619=ORIENTED_EDGE('',*,*,#3585,.T.);
#4620=ORIENTED_EDGE('',*,*,#3226,.F.);
#4621=ORIENTED_EDGE('',*,*,#3585,.F.);
#4622=ORIENTED_EDGE('',*,*,#3087,.F.);
#4623=ORIENTED_EDGE('',*,*,#3580,.T.);
#4624=ORIENTED_EDGE('',*,*,#3221,.F.);
#4625=ORIENTED_EDGE('',*,*,#3586,.F.);
#4626=ORIENTED_EDGE('',*,*,#3092,.F.);
#4627=ORIENTED_EDGE('',*,*,#3587,.T.);
#4628=ORIENTED_EDGE('',*,*,#3222,.F.);
#4629=ORIENTED_EDGE('',*,*,#3587,.F.);
#4630=ORIENTED_EDGE('',*,*,#3091,.F.);
#4631=ORIENTED_EDGE('',*,*,#3588,.T.);
#4632=ORIENTED_EDGE('',*,*,#3223,.F.);
#4633=ORIENTED_EDGE('',*,*,#3588,.F.);
#4634=ORIENTED_EDGE('',*,*,#3090,.F.);
#4635=ORIENTED_EDGE('',*,*,#3589,.T.);
#4636=ORIENTED_EDGE('',*,*,#3218,.F.);
#4637=ORIENTED_EDGE('',*,*,#3589,.F.);
#4638=ORIENTED_EDGE('',*,*,#3089,.F.);
#4639=ORIENTED_EDGE('',*,*,#3590,.T.);
#4640=ORIENTED_EDGE('',*,*,#3219,.F.);
#4641=ORIENTED_EDGE('',*,*,#3590,.F.);
#4642=ORIENTED_EDGE('',*,*,#3094,.F.);
#4643=ORIENTED_EDGE('',*,*,#3591,.T.);
#4644=ORIENTED_EDGE('',*,*,#3220,.F.);
#4645=ORIENTED_EDGE('',*,*,#3591,.F.);
#4646=ORIENTED_EDGE('',*,*,#3093,.F.);
#4647=ORIENTED_EDGE('',*,*,#3586,.T.);
#4648=ORIENTED_EDGE('',*,*,#3174,.F.);
#4649=ORIENTED_EDGE('',*,*,#3592,.F.);
#4650=ORIENTED_EDGE('',*,*,#3134,.F.);
#4651=ORIENTED_EDGE('',*,*,#3593,.T.);
#4652=ORIENTED_EDGE('',*,*,#3175,.F.);
#4653=ORIENTED_EDGE('',*,*,#3593,.F.);
#4654=ORIENTED_EDGE('',*,*,#3133,.F.);
#4655=ORIENTED_EDGE('',*,*,#3594,.T.);
#4656=ORIENTED_EDGE('',*,*,#3176,.F.);
#4657=ORIENTED_EDGE('',*,*,#3594,.F.);
#4658=ORIENTED_EDGE('',*,*,#3132,.F.);
#4659=ORIENTED_EDGE('',*,*,#3595,.T.);
#4660=ORIENTED_EDGE('',*,*,#3171,.F.);
#4661=ORIENTED_EDGE('',*,*,#3595,.F.);
#4662=ORIENTED_EDGE('',*,*,#3131,.F.);
#4663=ORIENTED_EDGE('',*,*,#3596,.T.);
#4664=ORIENTED_EDGE('',*,*,#3172,.F.);
#4665=ORIENTED_EDGE('',*,*,#3596,.F.);
#4666=ORIENTED_EDGE('',*,*,#3136,.F.);
#4667=ORIENTED_EDGE('',*,*,#3597,.T.);
#4668=ORIENTED_EDGE('',*,*,#3173,.F.);
#4669=ORIENTED_EDGE('',*,*,#3597,.F.);
#4670=ORIENTED_EDGE('',*,*,#3135,.F.);
#4671=ORIENTED_EDGE('',*,*,#3592,.T.);
#4672=ORIENTED_EDGE('',*,*,#3180,.F.);
#4673=ORIENTED_EDGE('',*,*,#3598,.F.);
#4674=ORIENTED_EDGE('',*,*,#3128,.F.);
#4675=ORIENTED_EDGE('',*,*,#3599,.T.);
#4676=ORIENTED_EDGE('',*,*,#3181,.F.);
#4677=ORIENTED_EDGE('',*,*,#3599,.F.);
#4678=ORIENTED_EDGE('',*,*,#3127,.F.);
#4679=ORIENTED_EDGE('',*,*,#3600,.T.);
#4680=ORIENTED_EDGE('',*,*,#3182,.F.);
#4681=ORIENTED_EDGE('',*,*,#3600,.F.);
#4682=ORIENTED_EDGE('',*,*,#3126,.F.);
#4683=ORIENTED_EDGE('',*,*,#3601,.T.);
#4684=ORIENTED_EDGE('',*,*,#3177,.F.);
#4685=ORIENTED_EDGE('',*,*,#3601,.F.);
#4686=ORIENTED_EDGE('',*,*,#3125,.F.);
#4687=ORIENTED_EDGE('',*,*,#3602,.T.);
#4688=ORIENTED_EDGE('',*,*,#3178,.F.);
#4689=ORIENTED_EDGE('',*,*,#3602,.F.);
#4690=ORIENTED_EDGE('',*,*,#3130,.F.);
#4691=ORIENTED_EDGE('',*,*,#3603,.T.);
#4692=ORIENTED_EDGE('',*,*,#3179,.F.);
#4693=ORIENTED_EDGE('',*,*,#3603,.F.);
#4694=ORIENTED_EDGE('',*,*,#3129,.F.);
#4695=ORIENTED_EDGE('',*,*,#3598,.T.);
#4696=ORIENTED_EDGE('',*,*,#3186,.F.);
#4697=ORIENTED_EDGE('',*,*,#3604,.F.);
#4698=ORIENTED_EDGE('',*,*,#3122,.F.);
#4699=ORIENTED_EDGE('',*,*,#3605,.T.);
#4700=ORIENTED_EDGE('',*,*,#3187,.F.);
#4701=ORIENTED_EDGE('',*,*,#3605,.F.);
#4702=ORIENTED_EDGE('',*,*,#3121,.F.);
#4703=ORIENTED_EDGE('',*,*,#3606,.T.);
#4704=ORIENTED_EDGE('',*,*,#3188,.F.);
#4705=ORIENTED_EDGE('',*,*,#3606,.F.);
#4706=ORIENTED_EDGE('',*,*,#3120,.F.);
#4707=ORIENTED_EDGE('',*,*,#3607,.T.);
#4708=ORIENTED_EDGE('',*,*,#3183,.F.);
#4709=ORIENTED_EDGE('',*,*,#3607,.F.);
#4710=ORIENTED_EDGE('',*,*,#3119,.F.);
#4711=ORIENTED_EDGE('',*,*,#3608,.T.);
#4712=ORIENTED_EDGE('',*,*,#3184,.F.);
#4713=ORIENTED_EDGE('',*,*,#3608,.F.);
#4714=ORIENTED_EDGE('',*,*,#3124,.F.);
#4715=ORIENTED_EDGE('',*,*,#3609,.T.);
#4716=ORIENTED_EDGE('',*,*,#3185,.F.);
#4717=ORIENTED_EDGE('',*,*,#3609,.F.);
#4718=ORIENTED_EDGE('',*,*,#3123,.F.);
#4719=ORIENTED_EDGE('',*,*,#3604,.T.);
#4720=ORIENTED_EDGE('',*,*,#3192,.F.);
#4721=ORIENTED_EDGE('',*,*,#3610,.F.);
#4722=ORIENTED_EDGE('',*,*,#3116,.F.);
#4723=ORIENTED_EDGE('',*,*,#3611,.T.);
#4724=ORIENTED_EDGE('',*,*,#3193,.F.);
#4725=ORIENTED_EDGE('',*,*,#3611,.F.);
#4726=ORIENTED_EDGE('',*,*,#3115,.F.);
#4727=ORIENTED_EDGE('',*,*,#3612,.T.);
#4728=ORIENTED_EDGE('',*,*,#3194,.F.);
#4729=ORIENTED_EDGE('',*,*,#3612,.F.);
#4730=ORIENTED_EDGE('',*,*,#3114,.F.);
#4731=ORIENTED_EDGE('',*,*,#3613,.T.);
#4732=ORIENTED_EDGE('',*,*,#3189,.F.);
#4733=ORIENTED_EDGE('',*,*,#3613,.F.);
#4734=ORIENTED_EDGE('',*,*,#3113,.F.);
#4735=ORIENTED_EDGE('',*,*,#3614,.T.);
#4736=ORIENTED_EDGE('',*,*,#3190,.F.);
#4737=ORIENTED_EDGE('',*,*,#3614,.F.);
#4738=ORIENTED_EDGE('',*,*,#3118,.F.);
#4739=ORIENTED_EDGE('',*,*,#3615,.T.);
#4740=ORIENTED_EDGE('',*,*,#3191,.F.);
#4741=ORIENTED_EDGE('',*,*,#3615,.F.);
#4742=ORIENTED_EDGE('',*,*,#3117,.F.);
#4743=ORIENTED_EDGE('',*,*,#3610,.T.);
#4744=ORIENTED_EDGE('',*,*,#3198,.F.);
#4745=ORIENTED_EDGE('',*,*,#3616,.F.);
#4746=ORIENTED_EDGE('',*,*,#3110,.F.);
#4747=ORIENTED_EDGE('',*,*,#3617,.T.);
#4748=ORIENTED_EDGE('',*,*,#3199,.F.);
#4749=ORIENTED_EDGE('',*,*,#3617,.F.);
#4750=ORIENTED_EDGE('',*,*,#3109,.F.);
#4751=ORIENTED_EDGE('',*,*,#3618,.T.);
#4752=ORIENTED_EDGE('',*,*,#3200,.F.);
#4753=ORIENTED_EDGE('',*,*,#3618,.F.);
#4754=ORIENTED_EDGE('',*,*,#3108,.F.);
#4755=ORIENTED_EDGE('',*,*,#3619,.T.);
#4756=ORIENTED_EDGE('',*,*,#3195,.F.);
#4757=ORIENTED_EDGE('',*,*,#3619,.F.);
#4758=ORIENTED_EDGE('',*,*,#3107,.F.);
#4759=ORIENTED_EDGE('',*,*,#3620,.T.);
#4760=ORIENTED_EDGE('',*,*,#3196,.F.);
#4761=ORIENTED_EDGE('',*,*,#3620,.F.);
#4762=ORIENTED_EDGE('',*,*,#3112,.F.);
#4763=ORIENTED_EDGE('',*,*,#3621,.T.);
#4764=ORIENTED_EDGE('',*,*,#3197,.F.);
#4765=ORIENTED_EDGE('',*,*,#3621,.F.);
#4766=ORIENTED_EDGE('',*,*,#3111,.F.);
#4767=ORIENTED_EDGE('',*,*,#3616,.T.);
#4768=ORIENTED_EDGE('',*,*,#3204,.F.);
#4769=ORIENTED_EDGE('',*,*,#3622,.F.);
#4770=ORIENTED_EDGE('',*,*,#3104,.F.);
#4771=ORIENTED_EDGE('',*,*,#3623,.T.);
#4772=ORIENTED_EDGE('',*,*,#3205,.F.);
#4773=ORIENTED_EDGE('',*,*,#3623,.F.);
#4774=ORIENTED_EDGE('',*,*,#3103,.F.);
#4775=ORIENTED_EDGE('',*,*,#3624,.T.);
#4776=ORIENTED_EDGE('',*,*,#3206,.F.);
#4777=ORIENTED_EDGE('',*,*,#3624,.F.);
#4778=ORIENTED_EDGE('',*,*,#3102,.F.);
#4779=ORIENTED_EDGE('',*,*,#3625,.T.);
#4780=ORIENTED_EDGE('',*,*,#3201,.F.);
#4781=ORIENTED_EDGE('',*,*,#3625,.F.);
#4782=ORIENTED_EDGE('',*,*,#3101,.F.);
#4783=ORIENTED_EDGE('',*,*,#3626,.T.);
#4784=ORIENTED_EDGE('',*,*,#3202,.F.);
#4785=ORIENTED_EDGE('',*,*,#3626,.F.);
#4786=ORIENTED_EDGE('',*,*,#3106,.F.);
#4787=ORIENTED_EDGE('',*,*,#3627,.T.);
#4788=ORIENTED_EDGE('',*,*,#3203,.F.);
#4789=ORIENTED_EDGE('',*,*,#3627,.F.);
#4790=ORIENTED_EDGE('',*,*,#3105,.F.);
#4791=ORIENTED_EDGE('',*,*,#3622,.T.);
#4792=ORIENTED_EDGE('',*,*,#3210,.F.);
#4793=ORIENTED_EDGE('',*,*,#3628,.F.);
#4794=ORIENTED_EDGE('',*,*,#3098,.F.);
#4795=ORIENTED_EDGE('',*,*,#3629,.T.);
#4796=ORIENTED_EDGE('',*,*,#3211,.F.);
#4797=ORIENTED_EDGE('',*,*,#3629,.F.);
#4798=ORIENTED_EDGE('',*,*,#3097,.F.);
#4799=ORIENTED_EDGE('',*,*,#3630,.T.);
#4800=ORIENTED_EDGE('',*,*,#3212,.F.);
#4801=ORIENTED_EDGE('',*,*,#3630,.F.);
#4802=ORIENTED_EDGE('',*,*,#3096,.F.);
#4803=ORIENTED_EDGE('',*,*,#3631,.T.);
#4804=ORIENTED_EDGE('',*,*,#3207,.F.);
#4805=ORIENTED_EDGE('',*,*,#3631,.F.);
#4806=ORIENTED_EDGE('',*,*,#3095,.F.);
#4807=ORIENTED_EDGE('',*,*,#3632,.T.);
#4808=ORIENTED_EDGE('',*,*,#3208,.F.);
#4809=ORIENTED_EDGE('',*,*,#3632,.F.);
#4810=ORIENTED_EDGE('',*,*,#3100,.F.);
#4811=ORIENTED_EDGE('',*,*,#3633,.T.);
#4812=ORIENTED_EDGE('',*,*,#3209,.F.);
#4813=ORIENTED_EDGE('',*,*,#3633,.F.);
#4814=ORIENTED_EDGE('',*,*,#3099,.F.);
#4815=ORIENTED_EDGE('',*,*,#3628,.T.);
#4816=ORIENTED_EDGE('',*,*,#3215,.F.);
#4817=ORIENTED_EDGE('',*,*,#3634,.F.);
#4818=ORIENTED_EDGE('',*,*,#3051,.F.);
#4819=ORIENTED_EDGE('',*,*,#3635,.T.);
#4820=ORIENTED_EDGE('',*,*,#3216,.F.);
#4821=ORIENTED_EDGE('',*,*,#3635,.F.);
#4822=ORIENTED_EDGE('',*,*,#3050,.F.);
#4823=ORIENTED_EDGE('',*,*,#3636,.T.);
#4824=ORIENTED_EDGE('',*,*,#3217,.F.);
#4825=ORIENTED_EDGE('',*,*,#3636,.F.);
#4826=ORIENTED_EDGE('',*,*,#3049,.F.);
#4827=ORIENTED_EDGE('',*,*,#3637,.T.);
#4828=ORIENTED_EDGE('',*,*,#3033,.F.);
#4829=ORIENTED_EDGE('',*,*,#3044,.T.);
#4830=ORIENTED_EDGE('',*,*,#3213,.F.);
#4831=ORIENTED_EDGE('',*,*,#3637,.F.);
#4832=ORIENTED_EDGE('',*,*,#3048,.F.);
#4833=ORIENTED_EDGE('',*,*,#3214,.F.);
#4834=ORIENTED_EDGE('',*,*,#3042,.F.);
#4835=ORIENTED_EDGE('',*,*,#3052,.F.);
#4836=ORIENTED_EDGE('',*,*,#3634,.T.);
#4837=ORIENTED_EDGE('',*,*,#3638,.F.);
#4838=ORIENTED_EDGE('',*,*,#3639,.F.);
#4839=ORIENTED_EDGE('',*,*,#3640,.T.);
#4840=ORIENTED_EDGE('',*,*,#3641,.F.);
#4841=ORIENTED_EDGE('',*,*,#3642,.F.);
#4842=ORIENTED_EDGE('',*,*,#3643,.F.);
#4843=ORIENTED_EDGE('',*,*,#3644,.T.);
#4844=ORIENTED_EDGE('',*,*,#3645,.F.);
#4845=ORIENTED_EDGE('',*,*,#3644,.F.);
#4846=ORIENTED_EDGE('',*,*,#3646,.F.);
#4847=ORIENTED_EDGE('',*,*,#3640,.F.);
#4848=ORIENTED_EDGE('',*,*,#3647,.F.);
#4849=ORIENTED_EDGE('',*,*,#3648,.F.);
#4850=ORIENTED_EDGE('',*,*,#3649,.T.);
#4851=ORIENTED_EDGE('',*,*,#3650,.F.);
#4852=ORIENTED_EDGE('',*,*,#3651,.F.);
#4853=ORIENTED_EDGE('',*,*,#3652,.F.);
#4854=ORIENTED_EDGE('',*,*,#3653,.F.);
#4855=ORIENTED_EDGE('',*,*,#3654,.F.);
#4856=ORIENTED_EDGE('',*,*,#3655,.T.);
#4857=ORIENTED_EDGE('',*,*,#3656,.F.);
#4858=ORIENTED_EDGE('',*,*,#3655,.F.);
#4859=ORIENTED_EDGE('',*,*,#3657,.F.);
#4860=ORIENTED_EDGE('',*,*,#3649,.F.);
#4861=ORIENTED_EDGE('',*,*,#3638,.T.);
#4862=ORIENTED_EDGE('',*,*,#3658,.T.);
#4863=ORIENTED_EDGE('',*,*,#3659,.T.);
#4864=ORIENTED_EDGE('',*,*,#3660,.T.);
#4865=ORIENTED_EDGE('',*,*,#3642,.T.);
#4866=ORIENTED_EDGE('',*,*,#3661,.T.);
#4867=ORIENTED_EDGE('',*,*,#3662,.T.);
#4868=ORIENTED_EDGE('',*,*,#3663,.T.);
#4869=ORIENTED_EDGE('',*,*,#3645,.T.);
#4870=ORIENTED_EDGE('',*,*,#3647,.T.);
#4871=ORIENTED_EDGE('',*,*,#3639,.T.);
#4872=ORIENTED_EDGE('',*,*,#3660,.F.);
#4873=ORIENTED_EDGE('',*,*,#3664,.F.);
#4874=ORIENTED_EDGE('',*,*,#3335,.F.);
#4875=ORIENTED_EDGE('',*,*,#3665,.T.);
#4876=ORIENTED_EDGE('',*,*,#3661,.F.);
#4877=ORIENTED_EDGE('',*,*,#3650,.T.);
#4878=ORIENTED_EDGE('',*,*,#3657,.T.);
#4879=ORIENTED_EDGE('',*,*,#3654,.T.);
#4880=ORIENTED_EDGE('',*,*,#3666,.F.);
#4881=ORIENTED_EDGE('',*,*,#3667,.F.);
#4882=ORIENTED_EDGE('',*,*,#3338,.F.);
#4883=ORIENTED_EDGE('',*,*,#3668,.T.);
#4884=ORIENTED_EDGE('',*,*,#3669,.F.);
#4885=ORIENTED_EDGE('',*,*,#3653,.T.);
#4886=ORIENTED_EDGE('',*,*,#3670,.T.);
#4887=ORIENTED_EDGE('',*,*,#3671,.T.);
#4888=ORIENTED_EDGE('',*,*,#3666,.T.);
#4889=ORIENTED_EDGE('',*,*,#3330,.F.);
#4890=ORIENTED_EDGE('',*,*,#3672,.T.);
#4891=ORIENTED_EDGE('',*,*,#3673,.F.);
#4892=ORIENTED_EDGE('',*,*,#3674,.F.);
#4893=ORIENTED_EDGE('',*,*,#3331,.F.);
#4894=ORIENTED_EDGE('',*,*,#3674,.T.);
#4895=ORIENTED_EDGE('',*,*,#3675,.F.);
#4896=ORIENTED_EDGE('',*,*,#3676,.F.);
#4897=ORIENTED_EDGE('',*,*,#3332,.F.);
#4898=ORIENTED_EDGE('',*,*,#3676,.T.);
#4899=ORIENTED_EDGE('',*,*,#3677,.F.);
#4900=ORIENTED_EDGE('',*,*,#3678,.F.);
#4901=ORIENTED_EDGE('',*,*,#3333,.F.);
#4902=ORIENTED_EDGE('',*,*,#3678,.T.);
#4903=ORIENTED_EDGE('',*,*,#3679,.F.);
#4904=ORIENTED_EDGE('',*,*,#3672,.F.);
#4905=ORIENTED_EDGE('',*,*,#3679,.T.);
#4906=ORIENTED_EDGE('',*,*,#3677,.T.);
#4907=ORIENTED_EDGE('',*,*,#3675,.T.);
#4908=ORIENTED_EDGE('',*,*,#3673,.T.);
#4909=ORIENTED_EDGE('',*,*,#3334,.F.);
#4910=ORIENTED_EDGE('',*,*,#3680,.T.);
#4911=ORIENTED_EDGE('',*,*,#3662,.F.);
#4912=ORIENTED_EDGE('',*,*,#3665,.F.);
#4913=ORIENTED_EDGE('',*,*,#3336,.F.);
#4914=ORIENTED_EDGE('',*,*,#3664,.T.);
#4915=ORIENTED_EDGE('',*,*,#3659,.F.);
#4916=ORIENTED_EDGE('',*,*,#3681,.F.);
#4917=ORIENTED_EDGE('',*,*,#3643,.T.);
#4918=ORIENTED_EDGE('',*,*,#3663,.F.);
#4919=ORIENTED_EDGE('',*,*,#3680,.F.);
#4920=ORIENTED_EDGE('',*,*,#3337,.F.);
#4921=ORIENTED_EDGE('',*,*,#3681,.T.);
#4922=ORIENTED_EDGE('',*,*,#3658,.F.);
#4923=ORIENTED_EDGE('',*,*,#3641,.T.);
#4924=ORIENTED_EDGE('',*,*,#3646,.T.);
#4925=ORIENTED_EDGE('',*,*,#3339,.F.);
#4926=ORIENTED_EDGE('',*,*,#3667,.T.);
#4927=ORIENTED_EDGE('',*,*,#3671,.F.);
#4928=ORIENTED_EDGE('',*,*,#3682,.F.);
#4929=ORIENTED_EDGE('',*,*,#3648,.T.);
#4930=ORIENTED_EDGE('',*,*,#3683,.F.);
#4931=ORIENTED_EDGE('',*,*,#3684,.F.);
#4932=ORIENTED_EDGE('',*,*,#3340,.F.);
#4933=ORIENTED_EDGE('',*,*,#3682,.T.);
#4934=ORIENTED_EDGE('',*,*,#3670,.F.);
#4935=ORIENTED_EDGE('',*,*,#3652,.T.);
#4936=ORIENTED_EDGE('',*,*,#3656,.T.);
#4937=ORIENTED_EDGE('',*,*,#3341,.F.);
#4938=ORIENTED_EDGE('',*,*,#3684,.T.);
#4939=ORIENTED_EDGE('',*,*,#3685,.F.);
#4940=ORIENTED_EDGE('',*,*,#3668,.F.);
#4941=ORIENTED_EDGE('',*,*,#3651,.T.);
#4942=ORIENTED_EDGE('',*,*,#3669,.T.);
#4943=ORIENTED_EDGE('',*,*,#3685,.T.);
#4944=ORIENTED_EDGE('',*,*,#3683,.T.);
#4945=ORIENTED_EDGE('',*,*,#3342,.F.);
#4946=ORIENTED_EDGE('',*,*,#3686,.T.);
#4947=ORIENTED_EDGE('',*,*,#3687,.F.);
#4948=ORIENTED_EDGE('',*,*,#3688,.F.);
#4949=ORIENTED_EDGE('',*,*,#3343,.F.);
#4950=ORIENTED_EDGE('',*,*,#3688,.T.);
#4951=ORIENTED_EDGE('',*,*,#3689,.F.);
#4952=ORIENTED_EDGE('',*,*,#3690,.F.);
#4953=ORIENTED_EDGE('',*,*,#3344,.F.);
#4954=ORIENTED_EDGE('',*,*,#3690,.T.);
#4955=ORIENTED_EDGE('',*,*,#3691,.F.);
#4956=ORIENTED_EDGE('',*,*,#3692,.F.);
#4957=ORIENTED_EDGE('',*,*,#3345,.F.);
#4958=ORIENTED_EDGE('',*,*,#3692,.T.);
#4959=ORIENTED_EDGE('',*,*,#3693,.F.);
#4960=ORIENTED_EDGE('',*,*,#3686,.F.);
#4961=ORIENTED_EDGE('',*,*,#3693,.T.);
#4962=ORIENTED_EDGE('',*,*,#3691,.T.);
#4963=ORIENTED_EDGE('',*,*,#3689,.T.);
#4964=ORIENTED_EDGE('',*,*,#3687,.T.);
#4965=ORIENTED_EDGE('',*,*,#3292,.F.);
#4966=ORIENTED_EDGE('',*,*,#3694,.T.);
#4967=ORIENTED_EDGE('',*,*,#3695,.F.);
#4968=ORIENTED_EDGE('',*,*,#3696,.F.);
#4969=ORIENTED_EDGE('',*,*,#3293,.F.);
#4970=ORIENTED_EDGE('',*,*,#3696,.T.);
#4971=ORIENTED_EDGE('',*,*,#3697,.F.);
#4972=ORIENTED_EDGE('',*,*,#3698,.F.);
#4973=ORIENTED_EDGE('',*,*,#3294,.F.);
#4974=ORIENTED_EDGE('',*,*,#3698,.T.);
#4975=ORIENTED_EDGE('',*,*,#3699,.F.);
#4976=ORIENTED_EDGE('',*,*,#3700,.F.);
#4977=ORIENTED_EDGE('',*,*,#3295,.F.);
#4978=ORIENTED_EDGE('',*,*,#3700,.T.);
#4979=ORIENTED_EDGE('',*,*,#3701,.F.);
#4980=ORIENTED_EDGE('',*,*,#3694,.F.);
#4981=ORIENTED_EDGE('',*,*,#3701,.T.);
#4982=ORIENTED_EDGE('',*,*,#3699,.T.);
#4983=ORIENTED_EDGE('',*,*,#3697,.T.);
#4984=ORIENTED_EDGE('',*,*,#3695,.T.);
#4985=ORIENTED_EDGE('',*,*,#3301,.T.);
#4986=ORIENTED_EDGE('',*,*,#3296,.F.);
#4987=ORIENTED_EDGE('',*,*,#3306,.T.);
#4988=ORIENTED_EDGE('',*,*,#3302,.F.);
#4989=ORIENTED_EDGE('',*,*,#3269,.T.);
#4990=ORIENTED_EDGE('',*,*,#3265,.F.);
#4991=ORIENTED_EDGE('',*,*,#3284,.F.);
#4992=ORIENTED_EDGE('',*,*,#3702,.F.);
#4993=ORIENTED_EDGE('',*,*,#3703,.F.);
#4994=ORIENTED_EDGE('',*,*,#3027,.F.);
#4995=ORIENTED_EDGE('',*,*,#3277,.F.);
#4996=ORIENTED_EDGE('',*,*,#3272,.F.);
#4997=ORIENTED_EDGE('',*,*,#3327,.F.);
#4998=ORIENTED_EDGE('',*,*,#3280,.F.);
#4999=ORIENTED_EDGE('',*,*,#3704,.T.);
#5000=ORIENTED_EDGE('',*,*,#3262,.F.);
#5001=ORIENTED_EDGE('',*,*,#3542,.T.);
#5002=ORIENTED_EDGE('',*,*,#3545,.T.);
#5003=ORIENTED_EDGE('',*,*,#3548,.T.);
#5004=ORIENTED_EDGE('',*,*,#3532,.T.);
#5005=ORIENTED_EDGE('',*,*,#3536,.T.);
#5006=ORIENTED_EDGE('',*,*,#3539,.T.);
#5007=ORIENTED_EDGE('',*,*,#3524,.T.);
#5008=ORIENTED_EDGE('',*,*,#3527,.T.);
#5009=ORIENTED_EDGE('',*,*,#3530,.T.);
#5010=ORIENTED_EDGE('',*,*,#3514,.T.);
#5011=ORIENTED_EDGE('',*,*,#3518,.T.);
#5012=ORIENTED_EDGE('',*,*,#3521,.T.);
#5013=ORIENTED_EDGE('',*,*,#3506,.T.);
#5014=ORIENTED_EDGE('',*,*,#3509,.T.);
#5015=ORIENTED_EDGE('',*,*,#3512,.T.);
#5016=ORIENTED_EDGE('',*,*,#3496,.T.);
#5017=ORIENTED_EDGE('',*,*,#3500,.T.);
#5018=ORIENTED_EDGE('',*,*,#3503,.T.);
#5019=ORIENTED_EDGE('',*,*,#3488,.T.);
#5020=ORIENTED_EDGE('',*,*,#3491,.T.);
#5021=ORIENTED_EDGE('',*,*,#3494,.T.);
#5022=ORIENTED_EDGE('',*,*,#3478,.T.);
#5023=ORIENTED_EDGE('',*,*,#3482,.T.);
#5024=ORIENTED_EDGE('',*,*,#3485,.T.);
#5025=ORIENTED_EDGE('',*,*,#3470,.T.);
#5026=ORIENTED_EDGE('',*,*,#3473,.T.);
#5027=ORIENTED_EDGE('',*,*,#3476,.T.);
#5028=ORIENTED_EDGE('',*,*,#3460,.T.);
#5029=ORIENTED_EDGE('',*,*,#3464,.T.);
#5030=ORIENTED_EDGE('',*,*,#3467,.T.);
#5031=ORIENTED_EDGE('',*,*,#3452,.T.);
#5032=ORIENTED_EDGE('',*,*,#3455,.T.);
#5033=ORIENTED_EDGE('',*,*,#3458,.T.);
#5034=ORIENTED_EDGE('',*,*,#3442,.T.);
#5035=ORIENTED_EDGE('',*,*,#3446,.T.);
#5036=ORIENTED_EDGE('',*,*,#3449,.T.);
#5037=ORIENTED_EDGE('',*,*,#3434,.T.);
#5038=ORIENTED_EDGE('',*,*,#3437,.T.);
#5039=ORIENTED_EDGE('',*,*,#3440,.T.);
#5040=ORIENTED_EDGE('',*,*,#3424,.T.);
#5041=ORIENTED_EDGE('',*,*,#3428,.T.);
#5042=ORIENTED_EDGE('',*,*,#3431,.T.);
#5043=ORIENTED_EDGE('',*,*,#3416,.T.);
#5044=ORIENTED_EDGE('',*,*,#3419,.T.);
#5045=ORIENTED_EDGE('',*,*,#3422,.T.);
#5046=ORIENTED_EDGE('',*,*,#3406,.T.);
#5047=ORIENTED_EDGE('',*,*,#3410,.T.);
#5048=ORIENTED_EDGE('',*,*,#3413,.T.);
#5049=ORIENTED_EDGE('',*,*,#3398,.T.);
#5050=ORIENTED_EDGE('',*,*,#3401,.T.);
#5051=ORIENTED_EDGE('',*,*,#3404,.T.);
#5052=ORIENTED_EDGE('',*,*,#3388,.T.);
#5053=ORIENTED_EDGE('',*,*,#3392,.T.);
#5054=ORIENTED_EDGE('',*,*,#3395,.T.);
#5055=ORIENTED_EDGE('',*,*,#3380,.T.);
#5056=ORIENTED_EDGE('',*,*,#3383,.T.);
#5057=ORIENTED_EDGE('',*,*,#3386,.T.);
#5058=ORIENTED_EDGE('',*,*,#3370,.T.);
#5059=ORIENTED_EDGE('',*,*,#3374,.T.);
#5060=ORIENTED_EDGE('',*,*,#3377,.T.);
#5061=ORIENTED_EDGE('',*,*,#3362,.T.);
#5062=ORIENTED_EDGE('',*,*,#3365,.T.);
#5063=ORIENTED_EDGE('',*,*,#3368,.T.);
#5064=ORIENTED_EDGE('',*,*,#3352,.T.);
#5065=ORIENTED_EDGE('',*,*,#3356,.T.);
#5066=ORIENTED_EDGE('',*,*,#3359,.T.);
#5067=ORIENTED_EDGE('',*,*,#3154,.F.);
#5068=ORIENTED_EDGE('',*,*,#3263,.F.);
#5069=ORIENTED_EDGE('',*,*,#3704,.F.);
#5070=ORIENTED_EDGE('',*,*,#3279,.F.);
#5071=ORIENTED_EDGE('',*,*,#3020,.F.);
#5072=ORIENTED_EDGE('',*,*,#3028,.F.);
#5073=ORIENTED_EDGE('',*,*,#3703,.T.);
#5074=ORIENTED_EDGE('',*,*,#3705,.F.);
#5075=ORIENTED_EDGE('',*,*,#3706,.T.);
#5076=ORIENTED_EDGE('',*,*,#3707,.F.);
#5077=ORIENTED_EDGE('',*,*,#3708,.T.);
#5078=ORIENTED_EDGE('',*,*,#3709,.T.);
#5079=ORIENTED_EDGE('',*,*,#3708,.F.);
#5080=ORIENTED_EDGE('',*,*,#3709,.F.);
#5081=ORIENTED_EDGE('',*,*,#3710,.T.);
#5082=ORIENTED_EDGE('',*,*,#3711,.T.);
#5083=ORIENTED_EDGE('',*,*,#3712,.T.);
#5084=ORIENTED_EDGE('',*,*,#3713,.T.);
#5085=ORIENTED_EDGE('',*,*,#3714,.T.);
#5086=ORIENTED_EDGE('',*,*,#3715,.T.);
#5087=ORIENTED_EDGE('',*,*,#3716,.T.);
#5088=ORIENTED_EDGE('',*,*,#3707,.T.);
#5089=ORIENTED_EDGE('',*,*,#3717,.F.);
#5090=ORIENTED_EDGE('',*,*,#3718,.T.);
#5091=ORIENTED_EDGE('',*,*,#3719,.T.);
#5092=ORIENTED_EDGE('',*,*,#3718,.F.);
#5093=ORIENTED_EDGE('',*,*,#3719,.F.);
#5094=ORIENTED_EDGE('',*,*,#3720,.F.);
#5095=ORIENTED_EDGE('',*,*,#3721,.T.);
#5096=ORIENTED_EDGE('',*,*,#3722,.T.);
#5097=ORIENTED_EDGE('',*,*,#3721,.F.);
#5098=ORIENTED_EDGE('',*,*,#3722,.F.);
#5099=ORIENTED_EDGE('',*,*,#3723,.F.);
#5100=ORIENTED_EDGE('',*,*,#3724,.T.);
#5101=ORIENTED_EDGE('',*,*,#3725,.T.);
#5102=ORIENTED_EDGE('',*,*,#3724,.F.);
#5103=ORIENTED_EDGE('',*,*,#3725,.F.);
#5104=ORIENTED_EDGE('',*,*,#3726,.F.);
#5105=ORIENTED_EDGE('',*,*,#3727,.T.);
#5106=ORIENTED_EDGE('',*,*,#3728,.T.);
#5107=ORIENTED_EDGE('',*,*,#3727,.F.);
#5108=ORIENTED_EDGE('',*,*,#3728,.F.);
#5109=ORIENTED_EDGE('',*,*,#3729,.F.);
#5110=ORIENTED_EDGE('',*,*,#3730,.T.);
#5111=ORIENTED_EDGE('',*,*,#3346,.F.);
#5112=ORIENTED_EDGE('',*,*,#3730,.F.);
#5113=ORIENTED_EDGE('',*,*,#3729,.T.);
#5114=ORIENTED_EDGE('',*,*,#3723,.T.);
#5115=ORIENTED_EDGE('',*,*,#3731,.F.);
#5116=ORIENTED_EDGE('',*,*,#3732,.T.);
#5117=ORIENTED_EDGE('',*,*,#3347,.F.);
#5118=ORIENTED_EDGE('',*,*,#3732,.F.);
#5119=ORIENTED_EDGE('',*,*,#3731,.T.);
#5120=ORIENTED_EDGE('',*,*,#3717,.T.);
#5121=ORIENTED_EDGE('',*,*,#3733,.F.);
#5122=ORIENTED_EDGE('',*,*,#3734,.T.);
#5123=ORIENTED_EDGE('',*,*,#3348,.F.);
#5124=ORIENTED_EDGE('',*,*,#3734,.F.);
#5125=ORIENTED_EDGE('',*,*,#3733,.T.);
#5126=ORIENTED_EDGE('',*,*,#3726,.T.);
#5127=ORIENTED_EDGE('',*,*,#3735,.F.);
#5128=ORIENTED_EDGE('',*,*,#3736,.T.);
#5129=ORIENTED_EDGE('',*,*,#3349,.F.);
#5130=ORIENTED_EDGE('',*,*,#3736,.F.);
#5131=ORIENTED_EDGE('',*,*,#3735,.T.);
#5132=ORIENTED_EDGE('',*,*,#3720,.T.);
#5133=ORIENTED_EDGE('',*,*,#3321,.T.);
#5134=ORIENTED_EDGE('',*,*,#3329,.F.);
#5135=ORIENTED_EDGE('',*,*,#3737,.F.);
#5136=ORIENTED_EDGE('',*,*,#3738,.F.);
#5137=ORIENTED_EDGE('',*,*,#3739,.T.);
#5138=ORIENTED_EDGE('',*,*,#3282,.F.);
#5139=ORIENTED_EDGE('',*,*,#3326,.F.);
#5140=ORIENTED_EDGE('',*,*,#3351,.F.);
#5141=ORIENTED_EDGE('',*,*,#3322,.T.);
#5142=ORIENTED_EDGE('',*,*,#3738,.T.);
#5143=ORIENTED_EDGE('',*,*,#3740,.F.);
#5144=ORIENTED_EDGE('',*,*,#3705,.T.);
#5145=ORIENTED_EDGE('',*,*,#3702,.T.);
#5146=ORIENTED_EDGE('',*,*,#3283,.F.);
#5147=ORIENTED_EDGE('',*,*,#3739,.F.);
#5148=ORIENTED_EDGE('',*,*,#3350,.F.);
#5149=ORIENTED_EDGE('',*,*,#3741,.T.);
#5150=ORIENTED_EDGE('',*,*,#3019,.T.);
#5151=ORIENTED_EDGE('',*,*,#3030,.T.);
#5152=ORIENTED_EDGE('',*,*,#3018,.T.);
#5153=ORIENTED_EDGE('',*,*,#3742,.F.);
#5154=ORIENTED_EDGE('',*,*,#3031,.T.);
#5155=ORIENTED_EDGE('',*,*,#3017,.T.);
#5156=ORIENTED_EDGE('',*,*,#3046,.F.);
#5157=ORIENTED_EDGE('',*,*,#3152,.T.);
#5158=ORIENTED_EDGE('',*,*,#3156,.T.);
#5159=ORIENTED_EDGE('',*,*,#3278,.F.);
#5160=ORIENTED_EDGE('',*,*,#3025,.T.);
#5161=ORIENTED_EDGE('',*,*,#3032,.T.);
#5162=ORIENTED_EDGE('',*,*,#3742,.T.);
#5163=ORIENTED_EDGE('',*,*,#3743,.T.);
#5164=ORIENTED_EDGE('',*,*,#3744,.T.);
#5165=ORIENTED_EDGE('',*,*,#3745,.T.);
#5166=ORIENTED_EDGE('',*,*,#3746,.T.);
#5167=ORIENTED_EDGE('',*,*,#3747,.T.);
#5168=ORIENTED_EDGE('',*,*,#3748,.T.);
#5169=ORIENTED_EDGE('',*,*,#3749,.T.);
#5170=ORIENTED_EDGE('',*,*,#3750,.T.);
#5171=ORIENTED_EDGE('',*,*,#3741,.F.);
#5172=ORIENTED_EDGE('',*,*,#3029,.F.);
#5173=ORIENTED_EDGE('',*,*,#3006,.T.);
#5174=ORIENTED_EDGE('',*,*,#3751,.F.);
#5175=ORIENTED_EDGE('',*,*,#3010,.F.);
#5176=ORIENTED_EDGE('',*,*,#2997,.F.);
#5177=ORIENTED_EDGE('',*,*,#3011,.F.);
#5178=ORIENTED_EDGE('',*,*,#3751,.T.);
#5179=ORIENTED_EDGE('',*,*,#3743,.F.);
#5180=ORIENTED_EDGE('',*,*,#3752,.T.);
#5181=ORIENTED_EDGE('',*,*,#3753,.T.);
#5182=ORIENTED_EDGE('',*,*,#3752,.F.);
#5183=ORIENTED_EDGE('',*,*,#3753,.F.);
#5184=ORIENTED_EDGE('',*,*,#3744,.F.);
#5185=ORIENTED_EDGE('',*,*,#3754,.T.);
#5186=ORIENTED_EDGE('',*,*,#3755,.T.);
#5187=ORIENTED_EDGE('',*,*,#3754,.F.);
#5188=ORIENTED_EDGE('',*,*,#3755,.F.);
#5189=ORIENTED_EDGE('',*,*,#3745,.F.);
#5190=ORIENTED_EDGE('',*,*,#3756,.T.);
#5191=ORIENTED_EDGE('',*,*,#3757,.T.);
#5192=ORIENTED_EDGE('',*,*,#3756,.F.);
#5193=ORIENTED_EDGE('',*,*,#3757,.F.);
#5194=ORIENTED_EDGE('',*,*,#3746,.F.);
#5195=ORIENTED_EDGE('',*,*,#3758,.T.);
#5196=ORIENTED_EDGE('',*,*,#3759,.T.);
#5197=ORIENTED_EDGE('',*,*,#3758,.F.);
#5198=ORIENTED_EDGE('',*,*,#3759,.F.);
#5199=ORIENTED_EDGE('',*,*,#3750,.F.);
#5200=ORIENTED_EDGE('',*,*,#3760,.F.);
#5201=ORIENTED_EDGE('',*,*,#3761,.F.);
#5202=ORIENTED_EDGE('',*,*,#3762,.T.);
#5203=ORIENTED_EDGE('',*,*,#3749,.F.);
#5204=ORIENTED_EDGE('',*,*,#3763,.F.);
#5205=ORIENTED_EDGE('',*,*,#3764,.F.);
#5206=ORIENTED_EDGE('',*,*,#3760,.T.);
#5207=ORIENTED_EDGE('',*,*,#3747,.F.);
#5208=ORIENTED_EDGE('',*,*,#3762,.F.);
#5209=ORIENTED_EDGE('',*,*,#3765,.F.);
#5210=ORIENTED_EDGE('',*,*,#3766,.T.);
#5211=ORIENTED_EDGE('',*,*,#3748,.F.);
#5212=ORIENTED_EDGE('',*,*,#3766,.F.);
#5213=ORIENTED_EDGE('',*,*,#3767,.F.);
#5214=ORIENTED_EDGE('',*,*,#3763,.T.);
#5215=ORIENTED_EDGE('',*,*,#3768,.F.);
#5216=ORIENTED_EDGE('',*,*,#3289,.F.);
#5217=ORIENTED_EDGE('',*,*,#3769,.T.);
#5218=ORIENTED_EDGE('',*,*,#3713,.F.);
#5219=ORIENTED_EDGE('',*,*,#3770,.F.);
#5220=ORIENTED_EDGE('',*,*,#3290,.F.);
#5221=ORIENTED_EDGE('',*,*,#3768,.T.);
#5222=ORIENTED_EDGE('',*,*,#3712,.F.);
#5223=ORIENTED_EDGE('',*,*,#3771,.F.);
#5224=ORIENTED_EDGE('',*,*,#3291,.F.);
#5225=ORIENTED_EDGE('',*,*,#3770,.T.);
#5226=ORIENTED_EDGE('',*,*,#3711,.F.);
#5227=ORIENTED_EDGE('',*,*,#3772,.F.);
#5228=ORIENTED_EDGE('',*,*,#3285,.F.);
#5229=ORIENTED_EDGE('',*,*,#3771,.T.);
#5230=ORIENTED_EDGE('',*,*,#3710,.F.);
#5231=ORIENTED_EDGE('',*,*,#3773,.F.);
#5232=ORIENTED_EDGE('',*,*,#3286,.F.);
#5233=ORIENTED_EDGE('',*,*,#3772,.T.);
#5234=ORIENTED_EDGE('',*,*,#3716,.F.);
#5235=ORIENTED_EDGE('',*,*,#3774,.F.);
#5236=ORIENTED_EDGE('',*,*,#3287,.F.);
#5237=ORIENTED_EDGE('',*,*,#3773,.T.);
#5238=ORIENTED_EDGE('',*,*,#3715,.F.);
#5239=ORIENTED_EDGE('',*,*,#3769,.F.);
#5240=ORIENTED_EDGE('',*,*,#3288,.F.);
#5241=ORIENTED_EDGE('',*,*,#3774,.T.);
#5242=ORIENTED_EDGE('',*,*,#3714,.F.);
#5243=ORIENTED_EDGE('',*,*,#3021,.F.);
#5244=ORIENTED_EDGE('',*,*,#3706,.F.);
#5245=ORIENTED_EDGE('',*,*,#3740,.T.);
#5246=ORIENTED_EDGE('',*,*,#3737,.T.);
#5247=ORIENTED_EDGE('',*,*,#3328,.F.);
#5248=ORIENTED_EDGE('',*,*,#3260,.F.);
#5249=ORIENTED_EDGE('',*,*,#3035,.F.);
#5250=ORIENTED_EDGE('',*,*,#3001,.T.);
#5251=ORIENTED_EDGE('',*,*,#3276,.T.);
#5252=ORIENTED_EDGE('',*,*,#3267,.F.);
#5253=ORIENTED_EDGE('',*,*,#3271,.T.);
#5254=ORIENTED_EDGE('',*,*,#3304,.F.);
#5255=ORIENTED_EDGE('',*,*,#3305,.T.);
#5256=ORIENTED_EDGE('',*,*,#3298,.F.);
#5257=ORIENTED_EDGE('',*,*,#3300,.T.);
#5258=ORIENTED_EDGE('',*,*,#3274,.F.);
#5259=ORIENTED_EDGE('',*,*,#3543,.T.);
#5260=ORIENTED_EDGE('',*,*,#3540,.T.);
#5261=ORIENTED_EDGE('',*,*,#3537,.T.);
#5262=ORIENTED_EDGE('',*,*,#3534,.T.);
#5263=ORIENTED_EDGE('',*,*,#3549,.T.);
#5264=ORIENTED_EDGE('',*,*,#3546,.T.);
#5265=ORIENTED_EDGE('',*,*,#3525,.T.);
#5266=ORIENTED_EDGE('',*,*,#3522,.T.);
#5267=ORIENTED_EDGE('',*,*,#3519,.T.);
#5268=ORIENTED_EDGE('',*,*,#3516,.T.);
#5269=ORIENTED_EDGE('',*,*,#3531,.T.);
#5270=ORIENTED_EDGE('',*,*,#3528,.T.);
#5271=ORIENTED_EDGE('',*,*,#3507,.T.);
#5272=ORIENTED_EDGE('',*,*,#3504,.T.);
#5273=ORIENTED_EDGE('',*,*,#3501,.T.);
#5274=ORIENTED_EDGE('',*,*,#3498,.T.);
#5275=ORIENTED_EDGE('',*,*,#3513,.T.);
#5276=ORIENTED_EDGE('',*,*,#3510,.T.);
#5277=ORIENTED_EDGE('',*,*,#3489,.T.);
#5278=ORIENTED_EDGE('',*,*,#3486,.T.);
#5279=ORIENTED_EDGE('',*,*,#3483,.T.);
#5280=ORIENTED_EDGE('',*,*,#3480,.T.);
#5281=ORIENTED_EDGE('',*,*,#3495,.T.);
#5282=ORIENTED_EDGE('',*,*,#3492,.T.);
#5283=ORIENTED_EDGE('',*,*,#3471,.T.);
#5284=ORIENTED_EDGE('',*,*,#3468,.T.);
#5285=ORIENTED_EDGE('',*,*,#3465,.T.);
#5286=ORIENTED_EDGE('',*,*,#3462,.T.);
#5287=ORIENTED_EDGE('',*,*,#3477,.T.);
#5288=ORIENTED_EDGE('',*,*,#3474,.T.);
#5289=ORIENTED_EDGE('',*,*,#3453,.T.);
#5290=ORIENTED_EDGE('',*,*,#3450,.T.);
#5291=ORIENTED_EDGE('',*,*,#3447,.T.);
#5292=ORIENTED_EDGE('',*,*,#3444,.T.);
#5293=ORIENTED_EDGE('',*,*,#3459,.T.);
#5294=ORIENTED_EDGE('',*,*,#3456,.T.);
#5295=ORIENTED_EDGE('',*,*,#3435,.T.);
#5296=ORIENTED_EDGE('',*,*,#3432,.T.);
#5297=ORIENTED_EDGE('',*,*,#3429,.T.);
#5298=ORIENTED_EDGE('',*,*,#3426,.T.);
#5299=ORIENTED_EDGE('',*,*,#3441,.T.);
#5300=ORIENTED_EDGE('',*,*,#3438,.T.);
#5301=ORIENTED_EDGE('',*,*,#3417,.T.);
#5302=ORIENTED_EDGE('',*,*,#3414,.T.);
#5303=ORIENTED_EDGE('',*,*,#3411,.T.);
#5304=ORIENTED_EDGE('',*,*,#3408,.T.);
#5305=ORIENTED_EDGE('',*,*,#3423,.T.);
#5306=ORIENTED_EDGE('',*,*,#3420,.T.);
#5307=ORIENTED_EDGE('',*,*,#3399,.T.);
#5308=ORIENTED_EDGE('',*,*,#3396,.T.);
#5309=ORIENTED_EDGE('',*,*,#3393,.T.);
#5310=ORIENTED_EDGE('',*,*,#3390,.T.);
#5311=ORIENTED_EDGE('',*,*,#3405,.T.);
#5312=ORIENTED_EDGE('',*,*,#3402,.T.);
#5313=ORIENTED_EDGE('',*,*,#3381,.T.);
#5314=ORIENTED_EDGE('',*,*,#3378,.T.);
#5315=ORIENTED_EDGE('',*,*,#3375,.T.);
#5316=ORIENTED_EDGE('',*,*,#3372,.T.);
#5317=ORIENTED_EDGE('',*,*,#3387,.T.);
#5318=ORIENTED_EDGE('',*,*,#3384,.T.);
#5319=ORIENTED_EDGE('',*,*,#3363,.T.);
#5320=ORIENTED_EDGE('',*,*,#3360,.T.);
#5321=ORIENTED_EDGE('',*,*,#3357,.T.);
#5322=ORIENTED_EDGE('',*,*,#3354,.T.);
#5323=ORIENTED_EDGE('',*,*,#3369,.T.);
#5324=ORIENTED_EDGE('',*,*,#3366,.T.);
#5325=ORIENTED_EDGE('',*,*,#2996,.F.);
#5326=ORIENTED_EDGE('',*,*,#3005,.T.);
#5327=ORIENTED_EDGE('',*,*,#3264,.F.);
#5328=ORIENTED_EDGE('',*,*,#3014,.T.);
#5329=ORIENTED_EDGE('',*,*,#3013,.F.);
#5330=ORIENTED_EDGE('',*,*,#3012,.F.);
#5331=ORIENTED_EDGE('',*,*,#3765,.T.);
#5332=ORIENTED_EDGE('',*,*,#3761,.T.);
#5333=ORIENTED_EDGE('',*,*,#3764,.T.);
#5334=ORIENTED_EDGE('',*,*,#3767,.T.);
#5335=CYLINDRICAL_SURFACE('',#5659,4.);
#5336=CYLINDRICAL_SURFACE('',#5667,4.);
#5337=CYLINDRICAL_SURFACE('',#5672,4.);
#5338=CYLINDRICAL_SURFACE('',#5677,4.);
#5339=CYLINDRICAL_SURFACE('',#5702,4.);
#5340=CYLINDRICAL_SURFACE('',#5703,1.);
#5341=CYLINDRICAL_SURFACE('',#5707,1.);
#5342=CYLINDRICAL_SURFACE('',#5711,1.);
#5343=CYLINDRICAL_SURFACE('',#5715,1.);
#5344=CYLINDRICAL_SURFACE('',#5719,3.);
#5345=CYLINDRICAL_SURFACE('',#5720,3.);
#5346=CYLINDRICAL_SURFACE('',#5722,3.);
#5347=CYLINDRICAL_SURFACE('',#5723,3.);
#5348=CYLINDRICAL_SURFACE('',#5725,2.);
#5349=CYLINDRICAL_SURFACE('',#5727,2.);
#5350=CYLINDRICAL_SURFACE('',#5729,2.);
#5351=CYLINDRICAL_SURFACE('',#5731,2.);
#5352=CYLINDRICAL_SURFACE('',#5932,1.2645);
#5353=CYLINDRICAL_SURFACE('',#5937,0.8115);
#5354=CYLINDRICAL_SURFACE('',#5941,0.8115);
#5355=CYLINDRICAL_SURFACE('',#5945,0.8115);
#5356=CYLINDRICAL_SURFACE('',#5949,0.8115);
#5357=CYLINDRICAL_SURFACE('',#5953,2.5);
#5358=CYLINDRICAL_SURFACE('',#5956,2.5);
#5359=CYLINDRICAL_SURFACE('',#5959,2.5);
#5360=CYLINDRICAL_SURFACE('',#5962,2.5);
#5361=CYLINDRICAL_SURFACE('',#5977,1.2645);
#5362=CYLINDRICAL_SURFACE('',#5980,1.2645);
#5363=CYLINDRICAL_SURFACE('',#5983,1.2645);
#5364=CYLINDRICAL_SURFACE('',#5986,1.2645);
#5365=ADVANCED_FACE('',(#345),#5335,.T.);
#5366=ADVANCED_FACE('',(#346),#95,.F.);
#5367=ADVANCED_FACE('',(#347),#96,.T.);
#5368=ADVANCED_FACE('',(#348),#5336,.T.);
#5369=ADVANCED_FACE('',(#349),#97,.F.);
#5370=ADVANCED_FACE('',(#350),#5337,.T.);
#5371=ADVANCED_FACE('',(#351),#98,.T.);
#5372=ADVANCED_FACE('',(#352),#99,.T.);
#5373=ADVANCED_FACE('',(#353),#5338,.T.);
#5374=ADVANCED_FACE('',(#354),#100,.F.);
#5375=ADVANCED_FACE('',(#355,#15,#16,#17,#18,#19,#20,#21,#22,#23,#24,#25,
#26,#27,#28,#29,#30),#101,.T.);
#5376=ADVANCED_FACE('',(#356),#102,.T.);
#5377=ADVANCED_FACE('',(#357,#31,#32,#33,#34,#35,#36,#37,#38,#39,#40,#41,
#42,#43,#44,#45,#46,#47),#103,.F.);
#5378=ADVANCED_FACE('',(#358),#104,.T.);
#5379=ADVANCED_FACE('',(#359),#5339,.T.);
#5380=ADVANCED_FACE('',(#360),#5340,.F.);
#5381=ADVANCED_FACE('',(#361),#105,.F.);
#5382=ADVANCED_FACE('',(#362),#5341,.F.);
#5383=ADVANCED_FACE('',(#363,#48,#49),#106,.T.);
#5384=ADVANCED_FACE('',(#364),#5342,.F.);
#5385=ADVANCED_FACE('',(#365),#107,.F.);
#5386=ADVANCED_FACE('',(#366),#5343,.F.);
#5387=ADVANCED_FACE('',(#367),#108,.F.);
#5388=ADVANCED_FACE('',(#368),#5344,.F.);
#5389=ADVANCED_FACE('',(#369),#5345,.F.);
#5390=ADVANCED_FACE('',(#370),#109,.F.);
#5391=ADVANCED_FACE('',(#371),#5346,.F.);
#5392=ADVANCED_FACE('',(#372),#5347,.F.);
#5393=ADVANCED_FACE('',(#373),#110,.F.);
#5394=ADVANCED_FACE('',(#374),#5348,.F.);
#5395=ADVANCED_FACE('',(#375),#111,.F.);
#5396=ADVANCED_FACE('',(#376),#5349,.F.);
#5397=ADVANCED_FACE('',(#377),#112,.F.);
#5398=ADVANCED_FACE('',(#378),#5350,.F.);
#5399=ADVANCED_FACE('',(#379),#113,.F.);
#5400=ADVANCED_FACE('',(#380),#5351,.F.);
#5401=ADVANCED_FACE('',(#381),#114,.F.);
#5402=ADVANCED_FACE('',(#382),#115,.F.);
#5403=ADVANCED_FACE('',(#383,#50,#51,#52,#53,#54,#55,#56,#57),#116,.T.);
#5404=ADVANCED_FACE('',(#384),#117,.T.);
#5405=ADVANCED_FACE('',(#385),#118,.F.);
#5406=ADVANCED_FACE('',(#386),#119,.F.);
#5407=ADVANCED_FACE('',(#387),#120,.F.);
#5408=ADVANCED_FACE('',(#388),#121,.F.);
#5409=ADVANCED_FACE('',(#389),#122,.F.);
#5410=ADVANCED_FACE('',(#390),#123,.F.);
#5411=ADVANCED_FACE('',(#391),#124,.F.);
#5412=ADVANCED_FACE('',(#392),#125,.F.);
#5413=ADVANCED_FACE('',(#393),#126,.F.);
#5414=ADVANCED_FACE('',(#394),#127,.F.);
#5415=ADVANCED_FACE('',(#395),#128,.F.);
#5416=ADVANCED_FACE('',(#396),#129,.F.);
#5417=ADVANCED_FACE('',(#397),#130,.F.);
#5418=ADVANCED_FACE('',(#398),#131,.F.);
#5419=ADVANCED_FACE('',(#399),#132,.F.);
#5420=ADVANCED_FACE('',(#400),#133,.F.);
#5421=ADVANCED_FACE('',(#401),#134,.F.);
#5422=ADVANCED_FACE('',(#402),#135,.F.);
#5423=ADVANCED_FACE('',(#403),#136,.F.);
#5424=ADVANCED_FACE('',(#404),#137,.F.);
#5425=ADVANCED_FACE('',(#405),#138,.F.);
#5426=ADVANCED_FACE('',(#406),#139,.F.);
#5427=ADVANCED_FACE('',(#407),#140,.F.);
#5428=ADVANCED_FACE('',(#408),#141,.F.);
#5429=ADVANCED_FACE('',(#409),#142,.F.);
#5430=ADVANCED_FACE('',(#410),#143,.F.);
#5431=ADVANCED_FACE('',(#411),#144,.F.);
#5432=ADVANCED_FACE('',(#412),#145,.F.);
#5433=ADVANCED_FACE('',(#413),#146,.F.);
#5434=ADVANCED_FACE('',(#414),#147,.F.);
#5435=ADVANCED_FACE('',(#415),#148,.F.);
#5436=ADVANCED_FACE('',(#416),#149,.F.);
#5437=ADVANCED_FACE('',(#417),#150,.F.);
#5438=ADVANCED_FACE('',(#418),#151,.F.);
#5439=ADVANCED_FACE('',(#419),#152,.F.);
#5440=ADVANCED_FACE('',(#420),#153,.F.);
#5441=ADVANCED_FACE('',(#421),#154,.F.);
#5442=ADVANCED_FACE('',(#422),#155,.F.);
#5443=ADVANCED_FACE('',(#423),#156,.F.);
#5444=ADVANCED_FACE('',(#424),#157,.F.);
#5445=ADVANCED_FACE('',(#425),#158,.F.);
#5446=ADVANCED_FACE('',(#426),#159,.F.);
#5447=ADVANCED_FACE('',(#427),#160,.F.);
#5448=ADVANCED_FACE('',(#428),#161,.F.);
#5449=ADVANCED_FACE('',(#429),#162,.F.);
#5450=ADVANCED_FACE('',(#430),#163,.F.);
#5451=ADVANCED_FACE('',(#431),#164,.F.);
#5452=ADVANCED_FACE('',(#432),#165,.F.);
#5453=ADVANCED_FACE('',(#433),#166,.F.);
#5454=ADVANCED_FACE('',(#434),#167,.F.);
#5455=ADVANCED_FACE('',(#435),#168,.F.);
#5456=ADVANCED_FACE('',(#436),#169,.F.);
#5457=ADVANCED_FACE('',(#437),#170,.F.);
#5458=ADVANCED_FACE('',(#438),#171,.F.);
#5459=ADVANCED_FACE('',(#439),#172,.F.);
#5460=ADVANCED_FACE('',(#440),#173,.F.);
#5461=ADVANCED_FACE('',(#441),#174,.F.);
#5462=ADVANCED_FACE('',(#442),#175,.F.);
#5463=ADVANCED_FACE('',(#443),#176,.F.);
#5464=ADVANCED_FACE('',(#444),#177,.F.);
#5465=ADVANCED_FACE('',(#445),#178,.F.);
#5466=ADVANCED_FACE('',(#446),#179,.F.);
#5467=ADVANCED_FACE('',(#447),#180,.F.);
#5468=ADVANCED_FACE('',(#448),#181,.F.);
#5469=ADVANCED_FACE('',(#449),#182,.F.);
#5470=ADVANCED_FACE('',(#450),#183,.F.);
#5471=ADVANCED_FACE('',(#451),#184,.F.);
#5472=ADVANCED_FACE('',(#452),#185,.F.);
#5473=ADVANCED_FACE('',(#453),#186,.F.);
#5474=ADVANCED_FACE('',(#454),#187,.F.);
#5475=ADVANCED_FACE('',(#455),#188,.F.);
#5476=ADVANCED_FACE('',(#456),#189,.F.);
#5477=ADVANCED_FACE('',(#457),#190,.F.);
#5478=ADVANCED_FACE('',(#458),#191,.F.);
#5479=ADVANCED_FACE('',(#459),#192,.F.);
#5480=ADVANCED_FACE('',(#460),#193,.F.);
#5481=ADVANCED_FACE('',(#461),#194,.F.);
#5482=ADVANCED_FACE('',(#462),#195,.F.);
#5483=ADVANCED_FACE('',(#463),#196,.F.);
#5484=ADVANCED_FACE('',(#464),#197,.F.);
#5485=ADVANCED_FACE('',(#465),#198,.F.);
#5486=ADVANCED_FACE('',(#466),#199,.F.);
#5487=ADVANCED_FACE('',(#467),#200,.F.);
#5488=ADVANCED_FACE('',(#468),#201,.F.);
#5489=ADVANCED_FACE('',(#469),#202,.F.);
#5490=ADVANCED_FACE('',(#470),#203,.F.);
#5491=ADVANCED_FACE('',(#471),#204,.F.);
#5492=ADVANCED_FACE('',(#472),#205,.F.);
#5493=ADVANCED_FACE('',(#473),#206,.F.);
#5494=ADVANCED_FACE('',(#474),#207,.F.);
#5495=ADVANCED_FACE('',(#475),#208,.F.);
#5496=ADVANCED_FACE('',(#476),#209,.F.);
#5497=ADVANCED_FACE('',(#477),#210,.F.);
#5498=ADVANCED_FACE('',(#478),#211,.F.);
#5499=ADVANCED_FACE('',(#479),#212,.F.);
#5500=ADVANCED_FACE('',(#480),#213,.F.);
#5501=ADVANCED_FACE('',(#481),#214,.F.);
#5502=ADVANCED_FACE('',(#482),#215,.F.);
#5503=ADVANCED_FACE('',(#483),#216,.F.);
#5504=ADVANCED_FACE('',(#484),#217,.F.);
#5505=ADVANCED_FACE('',(#485),#218,.F.);
#5506=ADVANCED_FACE('',(#486),#219,.F.);
#5507=ADVANCED_FACE('',(#487),#220,.F.);
#5508=ADVANCED_FACE('',(#488),#221,.F.);
#5509=ADVANCED_FACE('',(#489),#222,.F.);
#5510=ADVANCED_FACE('',(#490),#223,.F.);
#5511=ADVANCED_FACE('',(#491),#224,.F.);
#5512=ADVANCED_FACE('',(#492),#225,.F.);
#5513=ADVANCED_FACE('',(#493),#226,.F.);
#5514=ADVANCED_FACE('',(#494),#227,.F.);
#5515=ADVANCED_FACE('',(#495),#228,.F.);
#5516=ADVANCED_FACE('',(#496),#229,.F.);
#5517=ADVANCED_FACE('',(#497),#230,.F.);
#5518=ADVANCED_FACE('',(#498),#231,.F.);
#5519=ADVANCED_FACE('',(#499),#232,.F.);
#5520=ADVANCED_FACE('',(#500),#233,.F.);
#5521=ADVANCED_FACE('',(#501),#234,.F.);
#5522=ADVANCED_FACE('',(#502),#235,.F.);
#5523=ADVANCED_FACE('',(#503),#236,.F.);
#5524=ADVANCED_FACE('',(#504),#237,.F.);
#5525=ADVANCED_FACE('',(#505),#238,.F.);
#5526=ADVANCED_FACE('',(#506),#239,.F.);
#5527=ADVANCED_FACE('',(#507),#240,.F.);
#5528=ADVANCED_FACE('',(#508),#241,.F.);
#5529=ADVANCED_FACE('',(#509),#242,.F.);
#5530=ADVANCED_FACE('',(#510),#243,.F.);
#5531=ADVANCED_FACE('',(#511),#244,.F.);
#5532=ADVANCED_FACE('',(#512),#245,.F.);
#5533=ADVANCED_FACE('',(#513),#246,.F.);
#5534=ADVANCED_FACE('',(#514),#247,.F.);
#5535=ADVANCED_FACE('',(#515),#248,.F.);
#5536=ADVANCED_FACE('',(#516),#249,.F.);
#5537=ADVANCED_FACE('',(#517),#250,.F.);
#5538=ADVANCED_FACE('',(#518),#251,.F.);
#5539=ADVANCED_FACE('',(#519),#252,.F.);
#5540=ADVANCED_FACE('',(#520),#253,.F.);
#5541=ADVANCED_FACE('',(#521),#254,.F.);
#5542=ADVANCED_FACE('',(#522),#255,.F.);
#5543=ADVANCED_FACE('',(#523),#256,.F.);
#5544=ADVANCED_FACE('',(#524),#257,.F.);
#5545=ADVANCED_FACE('',(#525),#258,.F.);
#5546=ADVANCED_FACE('',(#526),#259,.F.);
#5547=ADVANCED_FACE('',(#527),#260,.F.);
#5548=ADVANCED_FACE('',(#528),#261,.F.);
#5549=ADVANCED_FACE('',(#529),#262,.F.);
#5550=ADVANCED_FACE('',(#530),#263,.F.);
#5551=ADVANCED_FACE('',(#531),#264,.F.);
#5552=ADVANCED_FACE('',(#532),#265,.F.);
#5553=ADVANCED_FACE('',(#533),#266,.F.);
#5554=ADVANCED_FACE('',(#534),#267,.F.);
#5555=ADVANCED_FACE('',(#535),#268,.F.);
#5556=ADVANCED_FACE('',(#536),#269,.F.);
#5557=ADVANCED_FACE('',(#537),#270,.F.);
#5558=ADVANCED_FACE('',(#538),#271,.F.);
#5559=ADVANCED_FACE('',(#539),#272,.F.);
#5560=ADVANCED_FACE('',(#540),#273,.F.);
#5561=ADVANCED_FACE('',(#541),#274,.F.);
#5562=ADVANCED_FACE('',(#542),#275,.F.);
#5563=ADVANCED_FACE('',(#543),#276,.F.);
#5564=ADVANCED_FACE('',(#544),#277,.F.);
#5565=ADVANCED_FACE('',(#545),#278,.F.);
#5566=ADVANCED_FACE('',(#546),#279,.T.);
#5567=ADVANCED_FACE('',(#547),#280,.T.);
#5568=ADVANCED_FACE('',(#548),#281,.T.);
#5569=ADVANCED_FACE('',(#549),#282,.T.);
#5570=ADVANCED_FACE('',(#550),#283,.T.);
#5571=ADVANCED_FACE('',(#551),#284,.T.);
#5572=ADVANCED_FACE('',(#552),#285,.T.);
#5573=ADVANCED_FACE('',(#553),#286,.T.);
#5574=ADVANCED_FACE('',(#554),#287,.T.);
#5575=ADVANCED_FACE('',(#555),#288,.T.);
#5576=ADVANCED_FACE('',(#556),#289,.T.);
#5577=ADVANCED_FACE('',(#557),#290,.T.);
#5578=ADVANCED_FACE('',(#558),#291,.T.);
#5579=ADVANCED_FACE('',(#559),#292,.T.);
#5580=ADVANCED_FACE('',(#560),#293,.T.);
#5581=ADVANCED_FACE('',(#561),#294,.T.);
#5582=ADVANCED_FACE('',(#562),#295,.T.);
#5583=ADVANCED_FACE('',(#563),#296,.T.);
#5584=ADVANCED_FACE('',(#564),#297,.T.);
#5585=ADVANCED_FACE('',(#565),#298,.T.);
#5586=ADVANCED_FACE('',(#566),#299,.T.);
#5587=ADVANCED_FACE('',(#567),#300,.T.);
#5588=ADVANCED_FACE('',(#568),#301,.T.);
#5589=ADVANCED_FACE('',(#569),#302,.T.);
#5590=ADVANCED_FACE('',(#570),#303,.T.);
#5591=ADVANCED_FACE('',(#571),#304,.T.);
#5592=ADVANCED_FACE('',(#572),#305,.T.);
#5593=ADVANCED_FACE('',(#573),#306,.T.);
#5594=ADVANCED_FACE('',(#574,#58,#59,#60,#61,#62,#63,#64,#65,#66,#67,#68),
#307,.T.);
#5595=ADVANCED_FACE('',(#575),#308,.T.);
#5596=ADVANCED_FACE('',(#576),#309,.T.);
#5597=ADVANCED_FACE('',(#577),#5352,.F.);
#5598=ADVANCED_FACE('',(#578),#310,.F.);
#5599=ADVANCED_FACE('',(#579,#69),#311,.T.);
#5600=ADVANCED_FACE('',(#580),#5353,.F.);
#5601=ADVANCED_FACE('',(#581),#312,.F.);
#5602=ADVANCED_FACE('',(#582),#5354,.F.);
#5603=ADVANCED_FACE('',(#583),#313,.F.);
#5604=ADVANCED_FACE('',(#584),#5355,.F.);
#5605=ADVANCED_FACE('',(#585),#314,.F.);
#5606=ADVANCED_FACE('',(#586),#5356,.F.);
#5607=ADVANCED_FACE('',(#587),#315,.F.);
#5608=ADVANCED_FACE('',(#588),#5357,.T.);
#5609=ADVANCED_FACE('',(#589,#70),#316,.T.);
#5610=ADVANCED_FACE('',(#590),#5358,.T.);
#5611=ADVANCED_FACE('',(#591,#71),#317,.T.);
#5612=ADVANCED_FACE('',(#592),#5359,.T.);
#5613=ADVANCED_FACE('',(#593,#72),#318,.T.);
#5614=ADVANCED_FACE('',(#594),#5360,.T.);
#5615=ADVANCED_FACE('',(#595,#73),#319,.T.);
#5616=ADVANCED_FACE('',(#596),#320,.T.);
#5617=ADVANCED_FACE('',(#597),#321,.T.);
#5618=ADVANCED_FACE('',(#598),#322,.F.);
#5619=ADVANCED_FACE('',(#599),#323,.F.);
#5620=ADVANCED_FACE('',(#600),#324,.T.);
#5621=ADVANCED_FACE('',(#601,#74,#75,#76,#77,#78),#325,.T.);
#5622=ADVANCED_FACE('',(#602),#326,.T.);
#5623=ADVANCED_FACE('',(#603),#327,.T.);
#5624=ADVANCED_FACE('',(#604),#5361,.F.);
#5625=ADVANCED_FACE('',(#605),#328,.F.);
#5626=ADVANCED_FACE('',(#606),#5362,.F.);
#5627=ADVANCED_FACE('',(#607),#329,.F.);
#5628=ADVANCED_FACE('',(#608),#5363,.F.);
#5629=ADVANCED_FACE('',(#609),#330,.F.);
#5630=ADVANCED_FACE('',(#610),#5364,.F.);
#5631=ADVANCED_FACE('',(#611),#331,.F.);
#5632=ADVANCED_FACE('',(#612),#332,.F.);
#5633=ADVANCED_FACE('',(#613),#333,.F.);
#5634=ADVANCED_FACE('',(#614),#334,.F.);
#5635=ADVANCED_FACE('',(#615),#335,.F.);
#5636=ADVANCED_FACE('',(#616),#336,.T.);
#5637=ADVANCED_FACE('',(#617),#337,.T.);
#5638=ADVANCED_FACE('',(#618),#338,.T.);
#5639=ADVANCED_FACE('',(#619),#339,.T.);
#5640=ADVANCED_FACE('',(#620),#340,.T.);
#5641=ADVANCED_FACE('',(#621),#341,.T.);
#5642=ADVANCED_FACE('',(#622),#342,.T.);
#5643=ADVANCED_FACE('',(#623,#79,#80,#81,#82,#83,#84,#85,#86,#87,#88,#89,
#90),#343,.T.);
#5644=ADVANCED_FACE('',(#624,#91),#344,.T.);
#5645=CLOSED_SHELL('',(#5365,#5366,#5367,#5368,#5369,#5370,#5371,#5372,
#5373,#5374,#5375,#5376,#5377,#5378,#5379,#5380,#5381,#5382,#5383,#5384,
#5385,#5386,#5387,#5388,#5389,#5390,#5391,#5392,#5393,#5394,#5395,#5396,
#5397,#5398,#5399,#5400,#5401,#5402,#5403,#5404,#5405,#5406,#5407,#5408,
#5409,#5410,#5411,#5412,#5413,#5414,#5415,#5416,#5417,#5418,#5419,#5420,
#5421,#5422,#5423,#5424,#5425,#5426,#5427,#5428,#5429,#5430,#5431,#5432,
#5433,#5434,#5435,#5436,#5437,#5438,#5439,#5440,#5441,#5442,#5443,#5444,
#5445,#5446,#5447,#5448,#5449,#5450,#5451,#5452,#5453,#5454,#5455,#5456,
#5457,#5458,#5459,#5460,#5461,#5462,#5463,#5464,#5465,#5466,#5467,#5468,
#5469,#5470,#5471,#5472,#5473,#5474,#5475,#5476,#5477,#5478,#5479,#5480,
#5481,#5482,#5483,#5484,#5485,#5486,#5487,#5488,#5489,#5490,#5491,#5492,
#5493,#5494,#5495,#5496,#5497,#5498,#5499,#5500,#5501,#5502,#5503,#5504,
#5505,#5506,#5507,#5508,#5509,#5510,#5511,#5512,#5513,#5514,#5515,#5516,
#5517,#5518,#5519,#5520,#5521,#5522,#5523,#5524,#5525,#5526,#5527,#5528,
#5529,#5530,#5531,#5532,#5533,#5534,#5535,#5536,#5537,#5538,#5539,#5540,
#5541,#5542,#5543,#5544,#5545,#5546,#5547,#5548,#5549,#5550,#5551,#5552,
#5553,#5554,#5555,#5556,#5557,#5558,#5559,#5560,#5561,#5562,#5563,#5564,
#5565,#5566,#5567,#5568,#5569,#5570,#5571,#5572,#5573,#5574,#5575,#5576,
#5577,#5578,#5579,#5580,#5581,#5582,#5583,#5584,#5585,#5586,#5587,#5588,
#5589,#5590,#5591,#5592,#5593,#5594,#5595,#5596,#5597,#5598,#5599,#5600,
#5601,#5602,#5603,#5604,#5605,#5606,#5607,#5608,#5609,#5610,#5611,#5612,
#5613,#5614,#5615,#5616,#5617,#5618,#5619,#5620,#5621,#5622,#5623,#5624,
#5625,#5626,#5627,#5628,#5629,#5630,#5631,#5632,#5633,#5634,#5635,#5636,
#5637,#5638,#5639,#5640,#5641,#5642,#5643,#5644));
#5646=DERIVED_UNIT_ELEMENT(#5648,1.);
#5647=DERIVED_UNIT_ELEMENT(#8992,-3.);
#5648=(
MASS_UNIT()
NAMED_UNIT(*)
SI_UNIT(.KILO.,.GRAM.)
);
#5649=DERIVED_UNIT((#5646,#5647));
#5650=MEASURE_REPRESENTATION_ITEM('density measure',
POSITIVE_RATIO_MEASURE(7850.),#5649);
#5651=PROPERTY_DEFINITION_REPRESENTATION(#5656,#5653);
#5652=PROPERTY_DEFINITION_REPRESENTATION(#5657,#5654);
#5653=REPRESENTATION('material name',(#5655),#8989);
#5654=REPRESENTATION('density',(#5650),#8989);
#5655=DESCRIPTIVE_REPRESENTATION_ITEM('Stahl','Stahl');
#5656=PROPERTY_DEFINITION('material property','material name',#8999);
#5657=PROPERTY_DEFINITION('material property','density of part',#8999);
#5658=AXIS2_PLACEMENT_3D('',#7407,#6002,#6003);
#5659=AXIS2_PLACEMENT_3D('',#7408,#6004,#6005);
#5660=AXIS2_PLACEMENT_3D('',#7411,#6006,#6007);
#5661=AXIS2_PLACEMENT_3D('',#7415,#6009,#6010);
#5662=AXIS2_PLACEMENT_3D('',#7417,#6012,#6013);
#5663=AXIS2_PLACEMENT_3D('',#7421,#6015,#6016);
#5664=AXIS2_PLACEMENT_3D('',#7425,#6018,#6019);
#5665=AXIS2_PLACEMENT_3D('',#7429,#6021,#6022);
#5666=AXIS2_PLACEMENT_3D('',#7431,#6024,#6025);
#5667=AXIS2_PLACEMENT_3D('',#7437,#6029,#6030);
#5668=AXIS2_PLACEMENT_3D('',#7440,#6031,#6032);
#5669=AXIS2_PLACEMENT_3D('',#7443,#6034,#6035);
#5670=AXIS2_PLACEMENT_3D('',#7447,#6038,#6039);
#5671=AXIS2_PLACEMENT_3D('',#7451,#6041,#6042);
#5672=AXIS2_PLACEMENT_3D('',#7459,#6047,#6048);
#5673=AXIS2_PLACEMENT_3D('',#7462,#6049,#6050);
#5674=AXIS2_PLACEMENT_3D('',#7465,#6052,#6053);
#5675=AXIS2_PLACEMENT_3D('',#7467,#6055,#6056);
#5676=AXIS2_PLACEMENT_3D('',#7477,#6062,#6063);
#5677=AXIS2_PLACEMENT_3D('',#7484,#6068,#6069);
#5678=AXIS2_PLACEMENT_3D('',#7487,#6070,#6071);
#5679=AXIS2_PLACEMENT_3D('',#7492,#6074,#6075);
#5680=AXIS2_PLACEMENT_3D('',#7496,#6077,#6078);
#5681=AXIS2_PLACEMENT_3D('',#7500,#6081,#6082);
#5682=AXIS2_PLACEMENT_3D('',#7508,#6087,#6088);
#5683=AXIS2_PLACEMENT_3D('',#7524,#6097,#6098);
#5684=AXIS2_PLACEMENT_3D('',#7528,#6100,#6101);
#5685=AXIS2_PLACEMENT_3D('',#7530,#6102,#6103);
#5686=AXIS2_PLACEMENT_3D('',#7533,#6105,#6106);
#5687=AXIS2_PLACEMENT_3D('',#7706,#6192,#6193);
#5688=AXIS2_PLACEMENT_3D('',#7710,#6195,#6196);
#5689=AXIS2_PLACEMENT_3D('',#7714,#6198,#6199);
#5690=AXIS2_PLACEMENT_3D('',#7717,#6201,#6202);
#5691=AXIS2_PLACEMENT_3D('',#7718,#6203,#6204);
#5692=AXIS2_PLACEMENT_3D('',#7722,#6207,#6208);
#5693=AXIS2_PLACEMENT_3D('',#7734,#6214,#6215);
#5694=AXIS2_PLACEMENT_3D('',#7738,#6217,#6218);
#5695=AXIS2_PLACEMENT_3D('',#7742,#6220,#6221);
#5696=AXIS2_PLACEMENT_3D('',#7745,#6223,#6224);
#5697=AXIS2_PLACEMENT_3D('',#7925,#6314,#6315);
#5698=AXIS2_PLACEMENT_3D('',#7929,#6317,#6318);
#5699=AXIS2_PLACEMENT_3D('',#7931,#6319,#6320);
#5700=AXIS2_PLACEMENT_3D('',#7934,#6322,#6323);
#5701=AXIS2_PLACEMENT_3D('',#7935,#6324,#6325);
#5702=AXIS2_PLACEMENT_3D('',#7943,#6330,#6331);
#5703=AXIS2_PLACEMENT_3D('',#7945,#6333,#6334);
#5704=AXIS2_PLACEMENT_3D('',#7948,#6335,#6336);
#5705=AXIS2_PLACEMENT_3D('',#7952,#6338,#6339);
#5706=AXIS2_PLACEMENT_3D('',#7954,#6341,#6342);
#5707=AXIS2_PLACEMENT_3D('',#7960,#6346,#6347);
#5708=AXIS2_PLACEMENT_3D('',#7963,#6348,#6349);
#5709=AXIS2_PLACEMENT_3D('',#7967,#6351,#6352);
#5710=AXIS2_PLACEMENT_3D('',#7969,#6354,#6355);
#5711=AXIS2_PLACEMENT_3D('',#8006,#6376,#6377);
#5712=AXIS2_PLACEMENT_3D('',#8009,#6378,#6379);
#5713=AXIS2_PLACEMENT_3D('',#8013,#6381,#6382);
#5714=AXIS2_PLACEMENT_3D('',#8015,#6384,#6385);
#5715=AXIS2_PLACEMENT_3D('',#8018,#6388,#6389);
#5716=AXIS2_PLACEMENT_3D('',#8020,#6390,#6391);
#5717=AXIS2_PLACEMENT_3D('',#8023,#6393,#6394);
#5718=AXIS2_PLACEMENT_3D('',#8024,#6395,#6396);
#5719=AXIS2_PLACEMENT_3D('',#8027,#6399,#6400);
#5720=AXIS2_PLACEMENT_3D('',#8030,#6403,#6404);
#5721=AXIS2_PLACEMENT_3D('',#8032,#6406,#6407);
#5722=AXIS2_PLACEMENT_3D('',#8034,#6409,#6410);
#5723=AXIS2_PLACEMENT_3D('',#8036,#6412,#6413);
#5724=AXIS2_PLACEMENT_3D('',#8038,#6415,#6416);
#5725=AXIS2_PLACEMENT_3D('',#8039,#6417,#6418);
#5726=AXIS2_PLACEMENT_3D('',#8042,#6421,#6422);
#5727=AXIS2_PLACEMENT_3D('',#8044,#6424,#6425);
#5728=AXIS2_PLACEMENT_3D('',#8046,#6427,#6428);
#5729=AXIS2_PLACEMENT_3D('',#8048,#6430,#6431);
#5730=AXIS2_PLACEMENT_3D('',#8050,#6433,#6434);
#5731=AXIS2_PLACEMENT_3D('',#8052,#6436,#6437);
#5732=AXIS2_PLACEMENT_3D('',#8054,#6439,#6440);
#5733=AXIS2_PLACEMENT_3D('',#8055,#6441,#6442);
#5734=AXIS2_PLACEMENT_3D('',#8064,#6447,#6448);
#5735=AXIS2_PLACEMENT_3D('',#8105,#6470,#6471);
#5736=AXIS2_PLACEMENT_3D('',#8107,#6472,#6473);
#5737=AXIS2_PLACEMENT_3D('',#8109,#6474,#6475);
#5738=AXIS2_PLACEMENT_3D('',#8111,#6476,#6477);
#5739=AXIS2_PLACEMENT_3D('',#8112,#6478,#6479);
#5740=AXIS2_PLACEMENT_3D('',#8116,#6482,#6483);
#5741=AXIS2_PLACEMENT_3D('',#8125,#6488,#6489);
#5742=AXIS2_PLACEMENT_3D('',#8131,#6493,#6494);
#5743=AXIS2_PLACEMENT_3D('',#8137,#6498,#6499);
#5744=AXIS2_PLACEMENT_3D('',#8143,#6503,#6504);
#5745=AXIS2_PLACEMENT_3D('',#8149,#6508,#6509);
#5746=AXIS2_PLACEMENT_3D('',#8152,#6512,#6513);
#5747=AXIS2_PLACEMENT_3D('',#8161,#6518,#6519);
#5748=AXIS2_PLACEMENT_3D('',#8167,#6523,#6524);
#5749=AXIS2_PLACEMENT_3D('',#8173,#6528,#6529);
#5750=AXIS2_PLACEMENT_3D('',#8179,#6533,#6534);
#5751=AXIS2_PLACEMENT_3D('',#8185,#6538,#6539);
#5752=AXIS2_PLACEMENT_3D('',#8188,#6542,#6543);
#5753=AXIS2_PLACEMENT_3D('',#8197,#6548,#6549);
#5754=AXIS2_PLACEMENT_3D('',#8203,#6553,#6554);
#5755=AXIS2_PLACEMENT_3D('',#8209,#6558,#6559);
#5756=AXIS2_PLACEMENT_3D('',#8215,#6563,#6564);
#5757=AXIS2_PLACEMENT_3D('',#8221,#6568,#6569);
#5758=AXIS2_PLACEMENT_3D('',#8224,#6572,#6573);
#5759=AXIS2_PLACEMENT_3D('',#8233,#6578,#6579);
#5760=AXIS2_PLACEMENT_3D('',#8239,#6583,#6584);
#5761=AXIS2_PLACEMENT_3D('',#8245,#6588,#6589);
#5762=AXIS2_PLACEMENT_3D('',#8251,#6593,#6594);
#5763=AXIS2_PLACEMENT_3D('',#8257,#6598,#6599);
#5764=AXIS2_PLACEMENT_3D('',#8260,#6602,#6603);
#5765=AXIS2_PLACEMENT_3D('',#8269,#6608,#6609);
#5766=AXIS2_PLACEMENT_3D('',#8275,#6613,#6614);
#5767=AXIS2_PLACEMENT_3D('',#8281,#6618,#6619);
#5768=AXIS2_PLACEMENT_3D('',#8287,#6623,#6624);
#5769=AXIS2_PLACEMENT_3D('',#8293,#6628,#6629);
#5770=AXIS2_PLACEMENT_3D('',#8296,#6632,#6633);
#5771=AXIS2_PLACEMENT_3D('',#8305,#6638,#6639);
#5772=AXIS2_PLACEMENT_3D('',#8311,#6643,#6644);
#5773=AXIS2_PLACEMENT_3D('',#8317,#6648,#6649);
#5774=AXIS2_PLACEMENT_3D('',#8323,#6653,#6654);
#5775=AXIS2_PLACEMENT_3D('',#8329,#6658,#6659);
#5776=AXIS2_PLACEMENT_3D('',#8332,#6662,#6663);
#5777=AXIS2_PLACEMENT_3D('',#8341,#6668,#6669);
#5778=AXIS2_PLACEMENT_3D('',#8347,#6673,#6674);
#5779=AXIS2_PLACEMENT_3D('',#8353,#6678,#6679);
#5780=AXIS2_PLACEMENT_3D('',#8359,#6683,#6684);
#5781=AXIS2_PLACEMENT_3D('',#8365,#6688,#6689);
#5782=AXIS2_PLACEMENT_3D('',#8368,#6692,#6693);
#5783=AXIS2_PLACEMENT_3D('',#8377,#6698,#6699);
#5784=AXIS2_PLACEMENT_3D('',#8383,#6703,#6704);
#5785=AXIS2_PLACEMENT_3D('',#8389,#6708,#6709);
#5786=AXIS2_PLACEMENT_3D('',#8395,#6713,#6714);
#5787=AXIS2_PLACEMENT_3D('',#8401,#6718,#6719);
#5788=AXIS2_PLACEMENT_3D('',#8404,#6722,#6723);
#5789=AXIS2_PLACEMENT_3D('',#8413,#6728,#6729);
#5790=AXIS2_PLACEMENT_3D('',#8419,#6733,#6734);
#5791=AXIS2_PLACEMENT_3D('',#8425,#6738,#6739);
#5792=AXIS2_PLACEMENT_3D('',#8431,#6743,#6744);
#5793=AXIS2_PLACEMENT_3D('',#8437,#6748,#6749);
#5794=AXIS2_PLACEMENT_3D('',#8440,#6752,#6753);
#5795=AXIS2_PLACEMENT_3D('',#8449,#6758,#6759);
#5796=AXIS2_PLACEMENT_3D('',#8455,#6763,#6764);
#5797=AXIS2_PLACEMENT_3D('',#8461,#6768,#6769);
#5798=AXIS2_PLACEMENT_3D('',#8467,#6773,#6774);
#5799=AXIS2_PLACEMENT_3D('',#8473,#6778,#6779);
#5800=AXIS2_PLACEMENT_3D('',#8476,#6782,#6783);
#5801=AXIS2_PLACEMENT_3D('',#8485,#6788,#6789);
#5802=AXIS2_PLACEMENT_3D('',#8491,#6793,#6794);
#5803=AXIS2_PLACEMENT_3D('',#8497,#6798,#6799);
#5804=AXIS2_PLACEMENT_3D('',#8503,#6803,#6804);
#5805=AXIS2_PLACEMENT_3D('',#8509,#6808,#6809);
#5806=AXIS2_PLACEMENT_3D('',#8512,#6812,#6813);
#5807=AXIS2_PLACEMENT_3D('',#8515,#6816,#6817);
#5808=AXIS2_PLACEMENT_3D('',#8517,#6819,#6820);
#5809=AXIS2_PLACEMENT_3D('',#8519,#6822,#6823);
#5810=AXIS2_PLACEMENT_3D('',#8521,#6825,#6826);
#5811=AXIS2_PLACEMENT_3D('',#8523,#6828,#6829);
#5812=AXIS2_PLACEMENT_3D('',#8524,#6830,#6831);
#5813=AXIS2_PLACEMENT_3D('',#8527,#6834,#6835);
#5814=AXIS2_PLACEMENT_3D('',#8529,#6837,#6838);
#5815=AXIS2_PLACEMENT_3D('',#8531,#6840,#6841);
#5816=AXIS2_PLACEMENT_3D('',#8533,#6843,#6844);
#5817=AXIS2_PLACEMENT_3D('',#8535,#6846,#6847);
#5818=AXIS2_PLACEMENT_3D('',#8536,#6848,#6849);
#5819=AXIS2_PLACEMENT_3D('',#8539,#6852,#6853);
#5820=AXIS2_PLACEMENT_3D('',#8541,#6855,#6856);
#5821=AXIS2_PLACEMENT_3D('',#8543,#6858,#6859);
#5822=AXIS2_PLACEMENT_3D('',#8545,#6861,#6862);
#5823=AXIS2_PLACEMENT_3D('',#8547,#6864,#6865);
#5824=AXIS2_PLACEMENT_3D('',#8548,#6866,#6867);
#5825=AXIS2_PLACEMENT_3D('',#8551,#6870,#6871);
#5826=AXIS2_PLACEMENT_3D('',#8553,#6873,#6874);
#5827=AXIS2_PLACEMENT_3D('',#8555,#6876,#6877);
#5828=AXIS2_PLACEMENT_3D('',#8557,#6879,#6880);
#5829=AXIS2_PLACEMENT_3D('',#8559,#6882,#6883);
#5830=AXIS2_PLACEMENT_3D('',#8560,#6884,#6885);
#5831=AXIS2_PLACEMENT_3D('',#8563,#6888,#6889);
#5832=AXIS2_PLACEMENT_3D('',#8565,#6891,#6892);
#5833=AXIS2_PLACEMENT_3D('',#8567,#6894,#6895);
#5834=AXIS2_PLACEMENT_3D('',#8569,#6897,#6898);
#5835=AXIS2_PLACEMENT_3D('',#8571,#6900,#6901);
#5836=AXIS2_PLACEMENT_3D('',#8572,#6902,#6903);
#5837=AXIS2_PLACEMENT_3D('',#8575,#6906,#6907);
#5838=AXIS2_PLACEMENT_3D('',#8577,#6909,#6910);
#5839=AXIS2_PLACEMENT_3D('',#8579,#6912,#6913);
#5840=AXIS2_PLACEMENT_3D('',#8581,#6915,#6916);
#5841=AXIS2_PLACEMENT_3D('',#8583,#6918,#6919);
#5842=AXIS2_PLACEMENT_3D('',#8584,#6920,#6921);
#5843=AXIS2_PLACEMENT_3D('',#8587,#6924,#6925);
#5844=AXIS2_PLACEMENT_3D('',#8589,#6927,#6928);
#5845=AXIS2_PLACEMENT_3D('',#8591,#6930,#6931);
#5846=AXIS2_PLACEMENT_3D('',#8593,#6933,#6934);
#5847=AXIS2_PLACEMENT_3D('',#8595,#6936,#6937);
#5848=AXIS2_PLACEMENT_3D('',#8596,#6938,#6939);
#5849=AXIS2_PLACEMENT_3D('',#8599,#6942,#6943);
#5850=AXIS2_PLACEMENT_3D('',#8601,#6945,#6946);
#5851=AXIS2_PLACEMENT_3D('',#8603,#6948,#6949);
#5852=AXIS2_PLACEMENT_3D('',#8605,#6951,#6952);
#5853=AXIS2_PLACEMENT_3D('',#8607,#6954,#6955);
#5854=AXIS2_PLACEMENT_3D('',#8608,#6956,#6957);
#5855=AXIS2_PLACEMENT_3D('',#8611,#6960,#6961);
#5856=AXIS2_PLACEMENT_3D('',#8613,#6963,#6964);
#5857=AXIS2_PLACEMENT_3D('',#8615,#6966,#6967);
#5858=AXIS2_PLACEMENT_3D('',#8617,#6969,#6970);
#5859=AXIS2_PLACEMENT_3D('',#8619,#6972,#6973);
#5860=AXIS2_PLACEMENT_3D('',#8620,#6974,#6975);
#5861=AXIS2_PLACEMENT_3D('',#8623,#6978,#6979);
#5862=AXIS2_PLACEMENT_3D('',#8625,#6981,#6982);
#5863=AXIS2_PLACEMENT_3D('',#8627,#6984,#6985);
#5864=AXIS2_PLACEMENT_3D('',#8629,#6987,#6988);
#5865=AXIS2_PLACEMENT_3D('',#8631,#6990,#6991);
#5866=AXIS2_PLACEMENT_3D('',#8632,#6992,#6993);
#5867=AXIS2_PLACEMENT_3D('',#8635,#6996,#6997);
#5868=AXIS2_PLACEMENT_3D('',#8637,#6999,#7000);
#5869=AXIS2_PLACEMENT_3D('',#8639,#7002,#7003);
#5870=AXIS2_PLACEMENT_3D('',#8641,#7005,#7006);
#5871=AXIS2_PLACEMENT_3D('',#8643,#7008,#7009);
#5872=AXIS2_PLACEMENT_3D('',#8644,#7010,#7011);
#5873=AXIS2_PLACEMENT_3D('',#8647,#7014,#7015);
#5874=AXIS2_PLACEMENT_3D('',#8649,#7017,#7018);
#5875=AXIS2_PLACEMENT_3D('',#8651,#7020,#7021);
#5876=AXIS2_PLACEMENT_3D('',#8653,#7023,#7024);
#5877=AXIS2_PLACEMENT_3D('',#8655,#7026,#7027);
#5878=AXIS2_PLACEMENT_3D('',#8656,#7028,#7029);
#5879=AXIS2_PLACEMENT_3D('',#8659,#7032,#7033);
#5880=AXIS2_PLACEMENT_3D('',#8661,#7035,#7036);
#5881=AXIS2_PLACEMENT_3D('',#8663,#7038,#7039);
#5882=AXIS2_PLACEMENT_3D('',#8665,#7041,#7042);
#5883=AXIS2_PLACEMENT_3D('',#8667,#7044,#7045);
#5884=AXIS2_PLACEMENT_3D('',#8668,#7046,#7047);
#5885=AXIS2_PLACEMENT_3D('',#8671,#7050,#7051);
#5886=AXIS2_PLACEMENT_3D('',#8673,#7053,#7054);
#5887=AXIS2_PLACEMENT_3D('',#8675,#7056,#7057);
#5888=AXIS2_PLACEMENT_3D('',#8677,#7059,#7060);
#5889=AXIS2_PLACEMENT_3D('',#8679,#7062,#7063);
#5890=AXIS2_PLACEMENT_3D('',#8680,#7064,#7065);
#5891=AXIS2_PLACEMENT_3D('',#8683,#7068,#7069);
#5892=AXIS2_PLACEMENT_3D('',#8685,#7071,#7072);
#5893=AXIS2_PLACEMENT_3D('',#8687,#7074,#7075);
#5894=AXIS2_PLACEMENT_3D('',#8688,#7076,#7077);
#5895=AXIS2_PLACEMENT_3D('',#8689,#7078,#7079);
#5896=AXIS2_PLACEMENT_3D('',#8698,#7084,#7085);
#5897=AXIS2_PLACEMENT_3D('',#8707,#7090,#7091);
#5898=AXIS2_PLACEMENT_3D('',#8710,#7094,#7095);
#5899=AXIS2_PLACEMENT_3D('',#8719,#7100,#7101);
#5900=AXIS2_PLACEMENT_3D('',#8728,#7106,#7107);
#5901=AXIS2_PLACEMENT_3D('',#8731,#7110,#7111);
#5902=AXIS2_PLACEMENT_3D('',#8737,#7115,#7116);
#5903=AXIS2_PLACEMENT_3D('',#8743,#7120,#7121);
#5904=AXIS2_PLACEMENT_3D('',#8746,#7124,#7125);
#5905=AXIS2_PLACEMENT_3D('',#8753,#7130,#7131);
#5906=AXIS2_PLACEMENT_3D('',#8757,#7134,#7135);
#5907=AXIS2_PLACEMENT_3D('',#8763,#7139,#7140);
#5908=AXIS2_PLACEMENT_3D('',#8767,#7143,#7144);
#5909=AXIS2_PLACEMENT_3D('',#8771,#7147,#7148);
#5910=AXIS2_PLACEMENT_3D('',#8773,#7150,#7151);
#5911=AXIS2_PLACEMENT_3D('',#8774,#7152,#7153);
#5912=AXIS2_PLACEMENT_3D('',#8776,#7155,#7156);
#5913=AXIS2_PLACEMENT_3D('',#8778,#7158,#7159);
#5914=AXIS2_PLACEMENT_3D('',#8779,#7160,#7161);
#5915=AXIS2_PLACEMENT_3D('',#8781,#7163,#7164);
#5916=AXIS2_PLACEMENT_3D('',#8785,#7167,#7168);
#5917=AXIS2_PLACEMENT_3D('',#8787,#7170,#7171);
#5918=AXIS2_PLACEMENT_3D('',#8788,#7172,#7173);
#5919=AXIS2_PLACEMENT_3D('',#8794,#7177,#7178);
#5920=AXIS2_PLACEMENT_3D('',#8798,#7181,#7182);
#5921=AXIS2_PLACEMENT_3D('',#8802,#7185,#7186);
#5922=AXIS2_PLACEMENT_3D('',#8804,#7188,#7189);
#5923=AXIS2_PLACEMENT_3D('',#8805,#7190,#7191);
#5924=AXIS2_PLACEMENT_3D('',#8811,#7195,#7196);
#5925=AXIS2_PLACEMENT_3D('',#8815,#7199,#7200);
#5926=AXIS2_PLACEMENT_3D('',#8819,#7203,#7204);
#5927=AXIS2_PLACEMENT_3D('',#8821,#7206,#7207);
#5928=AXIS2_PLACEMENT_3D('',#8822,#7208,#7209);
#5929=AXIS2_PLACEMENT_3D('',#8826,#7212,#7213);
#5930=AXIS2_PLACEMENT_3D('',#8828,#7215,#7216);
#5931=AXIS2_PLACEMENT_3D('',#8829,#7217,#7218);
#5932=AXIS2_PLACEMENT_3D('',#8833,#7221,#7222);
#5933=AXIS2_PLACEMENT_3D('',#8835,#7223,#7224);
#5934=AXIS2_PLACEMENT_3D('',#8838,#7226,#7227);
#5935=AXIS2_PLACEMENT_3D('',#8839,#7228,#7229);
#5936=AXIS2_PLACEMENT_3D('',#8840,#7230,#7231);
#5937=AXIS2_PLACEMENT_3D('',#8855,#7239,#7240);
#5938=AXIS2_PLACEMENT_3D('',#8857,#7241,#7242);
#5939=AXIS2_PLACEMENT_3D('',#8860,#7244,#7245);
#5940=AXIS2_PLACEMENT_3D('',#8861,#7246,#7247);
#5941=AXIS2_PLACEMENT_3D('',#8862,#7248,#7249);
#5942=AXIS2_PLACEMENT_3D('',#8864,#7250,#7251);
#5943=AXIS2_PLACEMENT_3D('',#8867,#7253,#7254);
#5944=AXIS2_PLACEMENT_3D('',#8868,#7255,#7256);
#5945=AXIS2_PLACEMENT_3D('',#8869,#7257,#7258);
#5946=AXIS2_PLACEMENT_3D('',#8871,#7259,#7260);
#5947=AXIS2_PLACEMENT_3D('',#8874,#7262,#7263);
#5948=AXIS2_PLACEMENT_3D('',#8875,#7264,#7265);
#5949=AXIS2_PLACEMENT_3D('',#8876,#7266,#7267);
#5950=AXIS2_PLACEMENT_3D('',#8878,#7268,#7269);
#5951=AXIS2_PLACEMENT_3D('',#8881,#7271,#7272);
#5952=AXIS2_PLACEMENT_3D('',#8882,#7273,#7274);
#5953=AXIS2_PLACEMENT_3D('',#8883,#7275,#7276);
#5954=AXIS2_PLACEMENT_3D('',#8885,#7277,#7278);
#5955=AXIS2_PLACEMENT_3D('',#8887,#7280,#7281);
#5956=AXIS2_PLACEMENT_3D('',#8888,#7282,#7283);
#5957=AXIS2_PLACEMENT_3D('',#8890,#7284,#7285);
#5958=AXIS2_PLACEMENT_3D('',#8892,#7287,#7288);
#5959=AXIS2_PLACEMENT_3D('',#8893,#7289,#7290);
#5960=AXIS2_PLACEMENT_3D('',#8895,#7291,#7292);
#5961=AXIS2_PLACEMENT_3D('',#8897,#7294,#7295);
#5962=AXIS2_PLACEMENT_3D('',#8898,#7296,#7297);
#5963=AXIS2_PLACEMENT_3D('',#8900,#7298,#7299);
#5964=AXIS2_PLACEMENT_3D('',#8902,#7301,#7302);
#5965=AXIS2_PLACEMENT_3D('',#8903,#7303,#7304);
#5966=AXIS2_PLACEMENT_3D('',#8907,#7307,#7308);
#5967=AXIS2_PLACEMENT_3D('',#8909,#7310,#7311);
#5968=AXIS2_PLACEMENT_3D('',#8911,#7313,#7314);
#5969=AXIS2_PLACEMENT_3D('',#8913,#7316,#7317);
#5970=AXIS2_PLACEMENT_3D('',#8915,#7319,#7320);
#5971=AXIS2_PLACEMENT_3D('',#8917,#7321,#7322);
#5972=AXIS2_PLACEMENT_3D('',#8919,#7323,#7324);
#5973=AXIS2_PLACEMENT_3D('',#8921,#7325,#7326);
#5974=AXIS2_PLACEMENT_3D('',#8923,#7327,#7328);
#5975=AXIS2_PLACEMENT_3D('',#8932,#7333,#7334);
#5976=AXIS2_PLACEMENT_3D('',#8934,#7336,#7337);
#5977=AXIS2_PLACEMENT_3D('',#8935,#7338,#7339);
#5978=AXIS2_PLACEMENT_3D('',#8938,#7341,#7342);
#5979=AXIS2_PLACEMENT_3D('',#8939,#7343,#7344);
#5980=AXIS2_PLACEMENT_3D('',#8940,#7345,#7346);
#5981=AXIS2_PLACEMENT_3D('',#8943,#7348,#7349);
#5982=AXIS2_PLACEMENT_3D('',#8944,#7350,#7351);
#5983=AXIS2_PLACEMENT_3D('',#8945,#7352,#7353);
#5984=AXIS2_PLACEMENT_3D('',#8948,#7355,#7356);
#5985=AXIS2_PLACEMENT_3D('',#8949,#7357,#7358);
#5986=AXIS2_PLACEMENT_3D('',#8950,#7359,#7360);
#5987=AXIS2_PLACEMENT_3D('',#8953,#7362,#7363);
#5988=AXIS2_PLACEMENT_3D('',#8954,#7364,#7365);
#5989=AXIS2_PLACEMENT_3D('',#8955,#7366,#7367);
#5990=AXIS2_PLACEMENT_3D('',#8961,#7371,#7372);
#5991=AXIS2_PLACEMENT_3D('',#8965,#7375,#7376);
#5992=AXIS2_PLACEMENT_3D('',#8969,#7379,#7380);
#5993=AXIS2_PLACEMENT_3D('',#8971,#7382,#7383);
#5994=AXIS2_PLACEMENT_3D('',#8974,#7386,#7387);
#5995=AXIS2_PLACEMENT_3D('',#8976,#7389,#7390);
#5996=AXIS2_PLACEMENT_3D('',#8978,#7392,#7393);
#5997=AXIS2_PLACEMENT_3D('',#8980,#7395,#7396);
#5998=AXIS2_PLACEMENT_3D('',#8982,#7398,#7399);
#5999=AXIS2_PLACEMENT_3D('',#8984,#7401,#7402);
#6000=AXIS2_PLACEMENT_3D('',#8985,#7403,#7404);
#6001=AXIS2_PLACEMENT_3D('',#8986,#7405,#7406);
#6002=DIRECTION('axis',(0.,0.,1.));
#6003=DIRECTION('refdir',(1.,0.,0.));
#6004=DIRECTION('center_axis',(0.,0.,1.));
#6005=DIRECTION('ref_axis',(-0.707106781186548,-0.707106781186547,0.));
#6006=DIRECTION('center_axis',(0.,0.,1.));
#6007=DIRECTION('ref_axis',(-0.707106781186548,-0.707106781186547,0.));
#6008=DIRECTION('',(0.,0.,1.));
#6009=DIRECTION('center_axis',(0.,0.,-1.));
#6010=DIRECTION('ref_axis',(-0.707106781186548,-0.707106781186547,0.));
#6011=DIRECTION('',(0.,0.,-1.));
#6012=DIRECTION('center_axis',(0.,0.,1.));
#6013=DIRECTION('ref_axis',(1.,0.,0.));
#6014=DIRECTION('',(-1.89630025293512E-33,-1.,0.));
#6015=DIRECTION('center_axis',(0.,0.,1.));
#6016=DIRECTION('ref_axis',(-0.707106781186548,0.707106781186548,0.));
#6017=DIRECTION('',(-1.,0.,0.));
#6018=DIRECTION('center_axis',(0.,0.,1.));
#6019=DIRECTION('ref_axis',(0.707106781186546,0.707106781186549,0.));
#6020=DIRECTION('',(0.,1.,0.));
#6021=DIRECTION('center_axis',(0.,0.,1.));
#6022=DIRECTION('ref_axis',(0.707106781186549,-0.707106781186546,0.));
#6023=DIRECTION('',(1.,0.,0.));
#6024=DIRECTION('center_axis',(-1.,1.89630025293512E-33,0.));
#6025=DIRECTION('ref_axis',(-1.89630025293512E-33,-1.,0.));
#6026=DIRECTION('',(0.,0.,-1.));
#6027=DIRECTION('',(0.,-0.836244367385867,0.548356962220241));
#6028=DIRECTION('',(0.,0.,1.));
#6029=DIRECTION('center_axis',(0.,0.,1.));
#6030=DIRECTION('ref_axis',(-0.707106781186548,-0.707106781186548,0.));
#6031=DIRECTION('center_axis',(0.,0.,-1.));
#6032=DIRECTION('ref_axis',(-0.707106781186548,-0.707106781186548,0.));
#6033=DIRECTION('',(0.,0.,-1.));
#6034=DIRECTION('center_axis',(0.,0.,-1.));
#6035=DIRECTION('ref_axis',(-0.707106781186548,-0.707106781186548,0.));
#6036=DIRECTION('',(1.,0.,0.));
#6037=DIRECTION('',(0.,0.,1.));
#6038=DIRECTION('center_axis',(0.,0.,-1.));
#6039=DIRECTION('ref_axis',(-1.,0.,0.));
#6040=DIRECTION('',(-1.,0.,0.));
#6041=DIRECTION('center_axis',(0.,0.,-1.));
#6042=DIRECTION('ref_axis',(0.707106781186549,-0.707106781186546,0.));
#6043=DIRECTION('',(0.,-1.,0.));
#6044=DIRECTION('',(1.,8.11385605007964E-10,0.));
#6045=DIRECTION('',(0.,1.,0.));
#6046=DIRECTION('',(0.,1.,0.));
#6047=DIRECTION('center_axis',(0.,0.,1.));
#6048=DIRECTION('ref_axis',(-0.707106781186548,0.707106781186548,0.));
#6049=DIRECTION('center_axis',(0.,0.,-1.));
#6050=DIRECTION('ref_axis',(-0.707106781186548,0.707106781186548,0.));
#6051=DIRECTION('',(0.,0.,-1.));
#6052=DIRECTION('center_axis',(0.,-0.548356962220241,-0.836244367385867));
#6053=DIRECTION('ref_axis',(0.,0.836244367385867,-0.548356962220241));
#6054=DIRECTION('',(0.,0.,-1.));
#6055=DIRECTION('center_axis',(1.,0.,0.));
#6056=DIRECTION('ref_axis',(0.,0.,-1.));
#6057=DIRECTION('',(0.,-0.836244367385867,0.548356962220241));
#6058=DIRECTION('',(0.,0.,1.));
#6059=DIRECTION('',(0.,-1.,0.));
#6060=DIRECTION('',(0.,0.,1.));
#6061=DIRECTION('',(0.,1.,0.));
#6062=DIRECTION('center_axis',(0.,0.548356962220241,0.836244367385867));
#6063=DIRECTION('ref_axis',(0.,-0.836244367385867,0.548356962220241));
#6064=DIRECTION('',(1.,0.,0.));
#6065=DIRECTION('',(0.,-0.836244367385867,0.548356962220241));
#6066=DIRECTION('',(0.,-0.836244367385867,0.548356962220241));
#6067=DIRECTION('',(-1.,-8.11385605007964E-10,5.32056134431452E-10));
#6068=DIRECTION('center_axis',(0.,0.,1.));
#6069=DIRECTION('ref_axis',(0.707106781186546,0.707106781186549,0.));
#6070=DIRECTION('center_axis',(0.,0.500120198686602,-0.865955995917618));
#6071=DIRECTION('ref_axis',(6.00877678112467E-17,0.865955995917618,0.500120198686602));
#6072=DIRECTION('',(0.,0.,-1.));
#6073=DIRECTION('',(0.,0.,1.));
#6074=DIRECTION('center_axis',(0.,0.,-1.));
#6075=DIRECTION('ref_axis',(0.707106781186546,0.707106781186549,0.));
#6076=DIRECTION('',(0.,0.,1.));
#6077=DIRECTION('center_axis',(0.,-0.548356962220241,-0.836244367385867));
#6078=DIRECTION('ref_axis',(0.,0.836244367385867,-0.548356962220241));
#6079=DIRECTION('',(0.,0.,-1.));
#6080=DIRECTION('',(-2.8982893609173E-11,0.000138799049508813,-0.999999990367412));
#6081=DIRECTION('center_axis',(0.,0.999999990367412,0.000138799049508813));
#6082=DIRECTION('ref_axis',(0.,0.000138799049508813,-0.999999990367412));
#6083=DIRECTION('',(0.,0.000138799049508813,-0.999999990367412));
#6084=DIRECTION('',(-1.,0.,0.));
#6085=DIRECTION('',(0.,-0.000138799049508813,0.999999990367412));
#6086=DIRECTION('',(-1.,0.,0.));
#6087=DIRECTION('center_axis',(1.,0.,0.));
#6088=DIRECTION('ref_axis',(0.,1.,0.));
#6089=DIRECTION('',(0.,-0.836244367385867,0.548356962220241));
#6090=DIRECTION('',(0.,0.,1.));
#6091=DIRECTION('',(0.,0.,1.));
#6092=DIRECTION('',(0.,-0.865955995917618,-0.500120198686602));
#6093=DIRECTION('',(0.,-0.866094794967127,0.49987979168081));
#6094=DIRECTION('',(0.,-0.000138799049508813,0.999999990367412));
#6095=DIRECTION('',(0.,0.865955995917618,0.500120198686602));
#6096=DIRECTION('',(0.,0.866094794967127,-0.49987979168081));
#6097=DIRECTION('center_axis',(1.,0.,0.));
#6098=DIRECTION('ref_axis',(0.,0.707106781186546,-0.707106781186549));
#6099=DIRECTION('',(0.,-1.,0.));
#6100=DIRECTION('center_axis',(1.,0.,0.));
#6101=DIRECTION('ref_axis',(0.,-0.707106781186548,-0.707106781186547));
#6102=DIRECTION('center_axis',(1.,0.,0.));
#6103=DIRECTION('ref_axis',(0.,-0.707106781186547,0.707106781186548));
#6104=DIRECTION('',(0.,1.,0.));
#6105=DIRECTION('center_axis',(1.,0.,0.));
#6106=DIRECTION('ref_axis',(0.,0.707106781186548,0.707106781186547));
#6107=DIRECTION('',(0.,-0.011137226027614,-0.999937979174913));
#6108=DIRECTION('',(0.,-0.871540305188158,-0.490323868919853));
#6109=DIRECTION('',(0.,-0.860403079160542,0.509614110255062));
#6110=DIRECTION('',(0.,0.011137226027614,0.999937979174913));
#6111=DIRECTION('',(0.,0.871540305188157,0.490323868919854));
#6112=DIRECTION('',(0.,0.860403079160542,-0.509614110255061));
#6113=DIRECTION('',(0.,-0.011137226027614,-0.999937979174913));
#6114=DIRECTION('',(0.,-0.871540305188158,-0.490323868919853));
#6115=DIRECTION('',(0.,-0.860403079160542,0.509614110255062));
#6116=DIRECTION('',(0.,0.011137226027614,0.999937979174913));
#6117=DIRECTION('',(0.,0.871540305188157,0.490323868919854));
#6118=DIRECTION('',(0.,0.860403079160542,-0.509614110255061));
#6119=DIRECTION('',(0.,-0.011137226027614,-0.999937979174913));
#6120=DIRECTION('',(0.,-0.871540305188158,-0.490323868919853));
#6121=DIRECTION('',(0.,-0.860403079160542,0.509614110255062));
#6122=DIRECTION('',(0.,0.011137226027614,0.999937979174913));
#6123=DIRECTION('',(0.,0.871540305188157,0.490323868919854));
#6124=DIRECTION('',(0.,0.860403079160542,-0.509614110255061));
#6125=DIRECTION('',(0.,-0.011137226027614,-0.999937979174913));
#6126=DIRECTION('',(0.,-0.871540305188158,-0.490323868919853));
#6127=DIRECTION('',(0.,-0.860403079160542,0.509614110255062));
#6128=DIRECTION('',(0.,0.011137226027614,0.999937979174913));
#6129=DIRECTION('',(0.,0.871540305188157,0.490323868919854));
#6130=DIRECTION('',(0.,0.860403079160542,-0.509614110255061));
#6131=DIRECTION('',(0.,-0.011137226027614,-0.999937979174913));
#6132=DIRECTION('',(0.,-0.871540305188158,-0.490323868919853));
#6133=DIRECTION('',(0.,-0.860403079160542,0.509614110255062));
#6134=DIRECTION('',(0.,0.011137226027614,0.999937979174913));
#6135=DIRECTION('',(0.,0.871540305188157,0.490323868919854));
#6136=DIRECTION('',(0.,0.860403079160542,-0.509614110255061));
#6137=DIRECTION('',(0.,-0.011137226027614,-0.999937979174913));
#6138=DIRECTION('',(0.,-0.871540305188158,-0.490323868919853));
#6139=DIRECTION('',(0.,-0.860403079160542,0.509614110255062));
#6140=DIRECTION('',(0.,0.011137226027614,0.999937979174913));
#6141=DIRECTION('',(0.,0.871540305188157,0.490323868919854));
#6142=DIRECTION('',(0.,0.860403079160542,-0.509614110255061));
#6143=DIRECTION('',(0.,-0.011137226027614,-0.999937979174913));
#6144=DIRECTION('',(0.,-0.871540305188158,-0.490323868919853));
#6145=DIRECTION('',(0.,-0.860403079160542,0.509614110255062));
#6146=DIRECTION('',(0.,0.011137226027614,0.999937979174913));
#6147=DIRECTION('',(0.,0.871540305188157,0.490323868919854));
#6148=DIRECTION('',(0.,0.860403079160542,-0.509614110255061));
#6149=DIRECTION('',(0.,-0.865955995917618,-0.500120198686602));
#6150=DIRECTION('',(0.,-0.866094794967127,0.49987979168081));
#6151=DIRECTION('',(0.,-0.000138799049508813,0.999999990367412));
#6152=DIRECTION('',(0.,0.865955995917618,0.500120198686602));
#6153=DIRECTION('',(0.,0.866094794967127,-0.49987979168081));
#6154=DIRECTION('',(0.,0.000138799049508813,-0.999999990367412));
#6155=DIRECTION('',(0.,-0.865955995917618,-0.500120198686602));
#6156=DIRECTION('',(0.,-0.866094794967127,0.49987979168081));
#6157=DIRECTION('',(0.,-0.000138799049508813,0.999999990367412));
#6158=DIRECTION('',(0.,0.865955995917618,0.500120198686602));
#6159=DIRECTION('',(0.,0.866094794967127,-0.49987979168081));
#6160=DIRECTION('',(0.,0.000138799049508813,-0.999999990367412));
#6161=DIRECTION('',(0.,-0.865955995917618,-0.500120198686602));
#6162=DIRECTION('',(0.,-0.866094794967127,0.49987979168081));
#6163=DIRECTION('',(0.,-0.000138799049508813,0.999999990367412));
#6164=DIRECTION('',(0.,0.865955995917618,0.500120198686602));
#6165=DIRECTION('',(0.,0.866094794967127,-0.49987979168081));
#6166=DIRECTION('',(0.,0.000138799049508813,-0.999999990367412));
#6167=DIRECTION('',(0.,-0.865955995917618,-0.500120198686602));
#6168=DIRECTION('',(0.,-0.866094794967127,0.49987979168081));
#6169=DIRECTION('',(0.,-0.000138799049508813,0.999999990367412));
#6170=DIRECTION('',(0.,0.865955995917618,0.500120198686602));
#6171=DIRECTION('',(0.,0.866094794967127,-0.49987979168081));
#6172=DIRECTION('',(0.,0.000138799049508813,-0.999999990367412));
#6173=DIRECTION('',(0.,-0.865955995917618,-0.500120198686602));
#6174=DIRECTION('',(0.,-0.866094794967127,0.49987979168081));
#6175=DIRECTION('',(0.,-0.000138799049508813,0.999999990367412));
#6176=DIRECTION('',(0.,0.865955995917618,0.500120198686602));
#6177=DIRECTION('',(0.,0.866094794967127,-0.49987979168081));
#6178=DIRECTION('',(0.,0.000138799049508813,-0.999999990367412));
#6179=DIRECTION('',(0.,-0.865955995917618,-0.500120198686602));
#6180=DIRECTION('',(0.,-0.866094794967127,0.49987979168081));
#6181=DIRECTION('',(0.,-0.000138799049508813,0.999999990367412));
#6182=DIRECTION('',(0.,0.865955995917618,0.500120198686602));
#6183=DIRECTION('',(0.,0.866094794967127,-0.49987979168081));
#6184=DIRECTION('',(0.,0.000138799049508813,-0.999999990367412));
#6185=DIRECTION('',(0.,-0.00740540078092725,-0.999972579643699));
#6186=DIRECTION('',(0.,-0.869704357449765,-0.493573024620361));
#6187=DIRECTION('',(0.,-0.862298956668837,0.506399555023338));
#6188=DIRECTION('',(0.,0.00740540078092789,0.999972579643699));
#6189=DIRECTION('',(0.,0.869704357449765,0.493573024620361));
#6190=DIRECTION('',(0.,0.862298956668837,-0.506399555023338));
#6191=DIRECTION('',(0.,0.,-1.));
#6192=DIRECTION('center_axis',(1.,0.,0.));
#6193=DIRECTION('ref_axis',(0.,0.707106781186548,-0.707106781186547));
#6194=DIRECTION('',(0.,-1.,0.));
#6195=DIRECTION('center_axis',(1.,0.,0.));
#6196=DIRECTION('ref_axis',(0.,-0.707106781186548,-0.707106781186547));
#6197=DIRECTION('',(0.,0.,1.));
#6198=DIRECTION('center_axis',(1.,0.,0.));
#6199=DIRECTION('ref_axis',(0.,-0.707106781186548,0.707106781186548));
#6200=DIRECTION('',(0.,1.,0.));
#6201=DIRECTION('center_axis',(1.,0.,0.));
#6202=DIRECTION('ref_axis',(0.,0.707106781186549,0.707106781186546));
#6203=DIRECTION('center_axis',(0.,0.548356962220241,0.836244367385867));
#6204=DIRECTION('ref_axis',(0.,-0.836244367385867,0.548356962220241));
#6205=DIRECTION('',(0.,-0.836244367385867,0.548356962220241));
#6206=DIRECTION('',(-1.,-8.11385605007964E-10,5.32056134431452E-10));
#6207=DIRECTION('center_axis',(1.,0.,0.));
#6208=DIRECTION('ref_axis',(0.,1.,0.));
#6209=DIRECTION('',(0.,-1.,0.));
#6210=DIRECTION('',(0.,0.,-1.));
#6211=DIRECTION('',(0.,1.,0.));
#6212=DIRECTION('',(0.,0.,-1.));
#6213=DIRECTION('',(0.,0.,1.));
#6214=DIRECTION('center_axis',(-1.,0.,0.));
#6215=DIRECTION('ref_axis',(0.,0.707106781186549,0.707106781186546));
#6216=DIRECTION('',(0.,-1.,0.));
#6217=DIRECTION('center_axis',(-1.,0.,0.));
#6218=DIRECTION('ref_axis',(0.,-0.707106781186548,0.707106781186548));
#6219=DIRECTION('',(0.,0.,-1.));
#6220=DIRECTION('center_axis',(-1.,0.,0.));
#6221=DIRECTION('ref_axis',(0.,-0.707106781186548,-0.707106781186547));
#6222=DIRECTION('',(0.,1.,0.));
#6223=DIRECTION('center_axis',(-1.,0.,0.));
#6224=DIRECTION('ref_axis',(0.,0.707106781186548,-0.707106781186547));
#6225=DIRECTION('',(0.,0.00740540078092725,0.999972579643699));
#6226=DIRECTION('',(0.,-0.862298956668837,0.506399555023338));
#6227=DIRECTION('',(0.,-0.869704357449765,-0.493573024620361));
#6228=DIRECTION('',(0.,-0.00740540078092789,-0.999972579643699));
#6229=DIRECTION('',(0.,0.862298956668837,-0.506399555023338));
#6230=DIRECTION('',(0.,0.869704357449765,0.493573024620361));
#6231=DIRECTION('',(0.,0.865955995917618,0.500120198686602));
#6232=DIRECTION('',(0.,-0.000138799049508813,0.999999990367412));
#6233=DIRECTION('',(0.,-0.866094794967127,0.49987979168081));
#6234=DIRECTION('',(0.,-0.865955995917618,-0.500120198686602));
#6235=DIRECTION('',(0.,0.000138799049508813,-0.999999990367412));
#6236=DIRECTION('',(0.,0.866094794967127,-0.49987979168081));
#6237=DIRECTION('',(0.,0.865955995917618,0.500120198686602));
#6238=DIRECTION('',(0.,-0.000138799049508813,0.999999990367412));
#6239=DIRECTION('',(0.,-0.866094794967127,0.49987979168081));
#6240=DIRECTION('',(0.,-0.865955995917618,-0.500120198686602));
#6241=DIRECTION('',(0.,0.000138799049508813,-0.999999990367412));
#6242=DIRECTION('',(0.,0.866094794967127,-0.49987979168081));
#6243=DIRECTION('',(0.,0.865955995917618,0.500120198686602));
#6244=DIRECTION('',(0.,-0.000138799049508813,0.999999990367412));
#6245=DIRECTION('',(0.,-0.866094794967127,0.49987979168081));
#6246=DIRECTION('',(0.,-0.865955995917618,-0.500120198686602));
#6247=DIRECTION('',(0.,0.000138799049508813,-0.999999990367412));
#6248=DIRECTION('',(0.,0.866094794967127,-0.49987979168081));
#6249=DIRECTION('',(0.,0.865955995917618,0.500120198686602));
#6250=DIRECTION('',(0.,-0.000138799049508813,0.999999990367412));
#6251=DIRECTION('',(0.,-0.866094794967127,0.49987979168081));
#6252=DIRECTION('',(0.,-0.865955995917618,-0.500120198686602));
#6253=DIRECTION('',(0.,0.000138799049508813,-0.999999990367412));
#6254=DIRECTION('',(0.,0.866094794967127,-0.49987979168081));
#6255=DIRECTION('',(0.,0.865955995917618,0.500120198686602));
#6256=DIRECTION('',(0.,-0.000138799049508813,0.999999990367412));
#6257=DIRECTION('',(0.,-0.866094794967127,0.49987979168081));
#6258=DIRECTION('',(0.,-0.865955995917618,-0.500120198686602));
#6259=DIRECTION('',(0.,0.000138799049508813,-0.999999990367412));
#6260=DIRECTION('',(0.,0.866094794967127,-0.49987979168081));
#6261=DIRECTION('',(0.,0.865955995917618,0.500120198686602));
#6262=DIRECTION('',(0.,-0.000138799049508813,0.999999990367412));
#6263=DIRECTION('',(0.,-0.866094794967127,0.49987979168081));
#6264=DIRECTION('',(0.,-0.865955995917618,-0.500120198686602));
#6265=DIRECTION('',(0.,0.000138799049508813,-0.999999990367412));
#6266=DIRECTION('',(0.,0.866094794967127,-0.49987979168081));
#6267=DIRECTION('',(0.,0.011137226027614,0.999937979174913));
#6268=DIRECTION('',(0.,-0.860403079160542,0.509614110255061));
#6269=DIRECTION('',(0.,-0.871540305188157,-0.490323868919854));
#6270=DIRECTION('',(0.,-0.011137226027614,-0.999937979174913));
#6271=DIRECTION('',(0.,0.860403079160542,-0.509614110255062));
#6272=DIRECTION('',(0.,0.871540305188158,0.490323868919853));
#6273=DIRECTION('',(0.,0.865955995917618,0.500120198686602));
#6274=DIRECTION('',(0.,-0.866094794967127,0.49987979168081));
#6275=DIRECTION('',(0.,-0.865955995917618,-0.500120198686602));
#6276=DIRECTION('',(0.,0.000138799049508813,-0.999999990367412));
#6277=DIRECTION('',(0.,0.866094794967127,-0.49987979168081));
#6278=DIRECTION('',(0.,0.011137226027614,0.999937979174913));
#6279=DIRECTION('',(0.,-0.860403079160542,0.509614110255061));
#6280=DIRECTION('',(0.,-0.871540305188157,-0.490323868919854));
#6281=DIRECTION('',(0.,-0.011137226027614,-0.999937979174913));
#6282=DIRECTION('',(0.,0.860403079160542,-0.509614110255062));
#6283=DIRECTION('',(0.,0.871540305188158,0.490323868919853));
#6284=DIRECTION('',(0.,0.011137226027614,0.999937979174913));
#6285=DIRECTION('',(0.,-0.860403079160542,0.509614110255061));
#6286=DIRECTION('',(0.,-0.871540305188157,-0.490323868919854));
#6287=DIRECTION('',(0.,-0.011137226027614,-0.999937979174913));
#6288=DIRECTION('',(0.,0.860403079160542,-0.509614110255062));
#6289=DIRECTION('',(0.,0.871540305188158,0.490323868919853));
#6290=DIRECTION('',(0.,0.011137226027614,0.999937979174913));
#6291=DIRECTION('',(0.,-0.860403079160542,0.509614110255061));
#6292=DIRECTION('',(0.,-0.871540305188157,-0.490323868919854));
#6293=DIRECTION('',(0.,-0.011137226027614,-0.999937979174913));
#6294=DIRECTION('',(0.,0.860403079160542,-0.509614110255062));
#6295=DIRECTION('',(0.,0.871540305188158,0.490323868919853));
#6296=DIRECTION('',(0.,0.011137226027614,0.999937979174913));
#6297=DIRECTION('',(0.,-0.860403079160542,0.509614110255061));
#6298=DIRECTION('',(0.,-0.871540305188157,-0.490323868919854));
#6299=DIRECTION('',(0.,-0.011137226027614,-0.999937979174913));
#6300=DIRECTION('',(0.,0.860403079160542,-0.509614110255062));
#6301=DIRECTION('',(0.,0.871540305188158,0.490323868919853));
#6302=DIRECTION('',(0.,0.011137226027614,0.999937979174913));
#6303=DIRECTION('',(0.,-0.860403079160542,0.509614110255061));
#6304=DIRECTION('',(0.,-0.871540305188157,-0.490323868919854));
#6305=DIRECTION('',(0.,-0.011137226027614,-0.999937979174913));
#6306=DIRECTION('',(0.,0.860403079160542,-0.509614110255062));
#6307=DIRECTION('',(0.,0.871540305188158,0.490323868919853));
#6308=DIRECTION('',(0.,0.011137226027614,0.999937979174913));
#6309=DIRECTION('',(0.,-0.860403079160542,0.509614110255061));
#6310=DIRECTION('',(0.,-0.871540305188157,-0.490323868919854));
#6311=DIRECTION('',(0.,-0.011137226027614,-0.999937979174913));
#6312=DIRECTION('',(0.,0.860403079160542,-0.509614110255062));
#6313=DIRECTION('',(0.,0.871540305188158,0.490323868919853));
#6314=DIRECTION('center_axis',(-1.,0.,0.));
#6315=DIRECTION('ref_axis',(0.,0.707106781186548,0.707106781186547));
#6316=DIRECTION('',(0.,-1.,0.));
#6317=DIRECTION('center_axis',(-1.,0.,0.));
#6318=DIRECTION('ref_axis',(0.,-0.707106781186547,0.707106781186548));
#6319=DIRECTION('center_axis',(-1.,0.,0.));
#6320=DIRECTION('ref_axis',(0.,-0.707106781186548,-0.707106781186547));
#6321=DIRECTION('',(0.,1.,0.));
#6322=DIRECTION('center_axis',(-1.,0.,0.));
#6323=DIRECTION('ref_axis',(0.,0.707106781186546,-0.707106781186549));
#6324=DIRECTION('center_axis',(0.,0.,1.));
#6325=DIRECTION('ref_axis',(1.,0.,0.));
#6326=DIRECTION('',(-1.,0.,0.));
#6327=DIRECTION('',(0.,1.,0.));
#6328=DIRECTION('',(1.,0.,0.));
#6329=DIRECTION('',(0.999999999999699,7.76101006379254E-7,0.));
#6330=DIRECTION('center_axis',(0.,0.,1.));
#6331=DIRECTION('ref_axis',(0.707106781186549,-0.707106781186546,0.));
#6332=DIRECTION('',(0.,0.,-1.));
#6333=DIRECTION('center_axis',(0.,1.,0.));
#6334=DIRECTION('ref_axis',(0.707106781186548,0.,-0.707106781186547));
#6335=DIRECTION('center_axis',(0.,-1.,0.));
#6336=DIRECTION('ref_axis',(0.707106781186548,0.,-0.707106781186547));
#6337=DIRECTION('',(0.,1.,0.));
#6338=DIRECTION('center_axis',(0.,1.,0.));
#6339=DIRECTION('ref_axis',(0.707106781186548,0.,-0.707106781186547));
#6340=DIRECTION('',(0.,-1.,0.));
#6341=DIRECTION('center_axis',(1.,0.,0.));
#6342=DIRECTION('ref_axis',(0.,0.,-1.));
#6343=DIRECTION('',(0.,0.,-1.));
#6344=DIRECTION('',(0.,-1.,0.));
#6345=DIRECTION('',(0.,0.,1.));
#6346=DIRECTION('center_axis',(0.,1.,0.));
#6347=DIRECTION('ref_axis',(-0.707106781186549,0.,-0.707106781186546));
#6348=DIRECTION('center_axis',(0.,-1.,0.));
#6349=DIRECTION('ref_axis',(-0.707106781186549,0.,-0.707106781186546));
#6350=DIRECTION('',(0.,1.,0.));
#6351=DIRECTION('center_axis',(0.,1.,0.));
#6352=DIRECTION('ref_axis',(-0.707106781186549,0.,-0.707106781186546));
#6353=DIRECTION('',(0.,-1.,0.));
#6354=DIRECTION('center_axis',(0.,0.,1.));
#6355=DIRECTION('ref_axis',(1.,0.,0.));
#6356=DIRECTION('',(1.,0.,8.22387425648264E-17));
#6357=DIRECTION('',(-1.,0.,0.));
#6358=DIRECTION('',(1.,8.11385605007964E-10,0.));
#6359=DIRECTION('',(-0.999999999999699,-7.76101006379254E-7,0.));
#6360=DIRECTION('',(-1.,0.,0.));
#6361=DIRECTION('',(0.,-1.,0.));
#6362=DIRECTION('',(-1.,0.,0.));
#6363=DIRECTION('',(0.,1.,0.));
#6364=DIRECTION('',(-1.,0.,0.));
#6365=DIRECTION('',(-1.,0.,0.));
#6366=DIRECTION('',(0.,1.,0.));
#6367=DIRECTION('',(1.,0.,0.));
#6368=DIRECTION('',(0.,-1.,0.));
#6369=DIRECTION('',(0.78086880944303,-0.624695047554424,0.));
#6370=DIRECTION('',(1.,0.,0.));
#6371=DIRECTION('',(0.,-1.,0.));
#6372=DIRECTION('',(0.,-1.,0.));
#6373=DIRECTION('',(-1.,0.,0.));
#6374=DIRECTION('',(0.,1.,0.));
#6375=DIRECTION('',(1.,0.,0.));
#6376=DIRECTION('center_axis',(0.,1.,0.));
#6377=DIRECTION('ref_axis',(-0.707106781186548,0.,0.707106781186548));
#6378=DIRECTION('center_axis',(0.,-1.,0.));
#6379=DIRECTION('ref_axis',(-0.707106781186548,0.,0.707106781186548));
#6380=DIRECTION('',(0.,1.,0.));
#6381=DIRECTION('center_axis',(0.,1.,0.));
#6382=DIRECTION('ref_axis',(-0.707106781186548,0.,0.707106781186548));
#6383=DIRECTION('',(0.,-1.,0.));
#6384=DIRECTION('center_axis',(-1.,0.,0.));
#6385=DIRECTION('ref_axis',(0.,0.,1.));
#6386=DIRECTION('',(0.,0.,-1.));
#6387=DIRECTION('',(0.,0.,1.));
#6388=DIRECTION('center_axis',(0.,1.,0.));
#6389=DIRECTION('ref_axis',(0.707106781186548,0.,0.707106781186548));
#6390=DIRECTION('center_axis',(0.,-1.,0.));
#6391=DIRECTION('ref_axis',(0.707106781186548,0.,0.707106781186548));
#6392=DIRECTION('',(0.,1.,0.));
#6393=DIRECTION('center_axis',(0.,1.,0.));
#6394=DIRECTION('ref_axis',(0.707106781186548,0.,0.707106781186548));
#6395=DIRECTION('center_axis',(0.,0.,1.));
#6396=DIRECTION('ref_axis',(1.,0.,0.));
#6397=DIRECTION('',(-1.,0.,0.));
#6398=DIRECTION('',(1.,0.,0.));
#6399=DIRECTION('center_axis',(-1.,0.,0.));
#6400=DIRECTION('ref_axis',(0.,0.707106781186546,-0.707106781186549));
#6401=DIRECTION('',(1.,0.,0.));
#6402=DIRECTION('',(1.,0.,0.));
#6403=DIRECTION('center_axis',(-1.,0.,0.));
#6404=DIRECTION('ref_axis',(0.,0.707106781186548,0.707106781186547));
#6405=DIRECTION('',(-1.,0.,0.));
#6406=DIRECTION('center_axis',(0.,0.,1.));
#6407=DIRECTION('ref_axis',(0.,1.,0.));
#6408=DIRECTION('',(1.,0.,0.));
#6409=DIRECTION('center_axis',(-1.,0.,0.));
#6410=DIRECTION('ref_axis',(0.,-0.707106781186547,0.707106781186548));
#6411=DIRECTION('',(1.,0.,0.));
#6412=DIRECTION('center_axis',(-1.,0.,0.));
#6413=DIRECTION('ref_axis',(0.,-0.707106781186548,-0.707106781186547));
#6414=DIRECTION('',(-1.,0.,0.));
#6415=DIRECTION('center_axis',(0.,0.,-1.));
#6416=DIRECTION('ref_axis',(0.,-1.,0.));
#6417=DIRECTION('center_axis',(-1.,0.,0.));
#6418=DIRECTION('ref_axis',(0.,0.707106781186548,-0.707106781186547));
#6419=DIRECTION('',(-1.,0.,0.));
#6420=DIRECTION('',(1.,0.,0.));
#6421=DIRECTION('center_axis',(0.,1.,0.));
#6422=DIRECTION('ref_axis',(0.,0.,-1.));
#6423=DIRECTION('',(1.,0.,0.));
#6424=DIRECTION('center_axis',(-1.,0.,0.));
#6425=DIRECTION('ref_axis',(0.,0.707106781186549,0.707106781186546));
#6426=DIRECTION('',(-1.,0.,0.));
#6427=DIRECTION('center_axis',(0.,0.,1.));
#6428=DIRECTION('ref_axis',(0.,1.,0.));
#6429=DIRECTION('',(1.,0.,0.));
#6430=DIRECTION('center_axis',(-1.,0.,0.));
#6431=DIRECTION('ref_axis',(0.,-0.707106781186548,0.707106781186548));
#6432=DIRECTION('',(-1.,0.,0.));
#6433=DIRECTION('center_axis',(0.,-1.,0.));
#6434=DIRECTION('ref_axis',(0.,0.,1.));
#6435=DIRECTION('',(1.,0.,0.));
#6436=DIRECTION('center_axis',(-1.,0.,0.));
#6437=DIRECTION('ref_axis',(0.,-0.707106781186548,-0.707106781186547));
#6438=DIRECTION('',(-1.,0.,0.));
#6439=DIRECTION('center_axis',(0.,0.,-1.));
#6440=DIRECTION('ref_axis',(0.,-1.,0.));
#6441=DIRECTION('center_axis',(0.,1.,0.));
#6442=DIRECTION('ref_axis',(0.,0.,1.));
#6443=DIRECTION('',(1.,0.,0.));
#6444=DIRECTION('',(0.,0.,1.));
#6445=DIRECTION('',(-1.,0.,0.));
#6446=DIRECTION('',(0.,0.,-1.));
#6447=DIRECTION('center_axis',(1.,0.,0.));
#6448=DIRECTION('ref_axis',(0.,0.,-1.));
#6449=DIRECTION('',(0.,1.,0.));
#6450=DIRECTION('',(0.,0.,-1.));
#6451=DIRECTION('',(0.,0.,1.));
#6452=DIRECTION('',(-2.96059468821745E-16,0.,1.));
#6453=DIRECTION('',(1.25887150786493E-16,-0.836244367385867,0.548356962220241));
#6454=DIRECTION('',(0.,0.,1.));
#6455=DIRECTION('',(0.,1.,0.));
#6456=DIRECTION('',(0.,0.,-1.));
#6457=DIRECTION('',(0.,-1.,0.));
#6458=DIRECTION('',(0.,-1.,0.));
#6459=DIRECTION('',(0.,0.,1.));
#6460=DIRECTION('',(0.,1.,0.));
#6461=DIRECTION('',(0.,0.,-1.));
#6462=DIRECTION('',(0.,0.,1.));
#6463=DIRECTION('',(0.,1.,0.));
#6464=DIRECTION('',(0.,0.,-1.));
#6465=DIRECTION('',(0.,-1.,0.));
#6466=DIRECTION('',(0.,0.,1.));
#6467=DIRECTION('',(0.,1.,0.));
#6468=DIRECTION('',(0.,0.,-1.));
#6469=DIRECTION('',(0.,-1.,0.));
#6470=DIRECTION('center_axis',(-1.,0.,0.));
#6471=DIRECTION('ref_axis',(0.,1.,0.));
#6472=DIRECTION('center_axis',(-1.,0.,0.));
#6473=DIRECTION('ref_axis',(0.,1.,0.));
#6474=DIRECTION('center_axis',(-1.,0.,0.));
#6475=DIRECTION('ref_axis',(0.,1.,0.));
#6476=DIRECTION('center_axis',(-1.,0.,0.));
#6477=DIRECTION('ref_axis',(0.,1.,0.));
#6478=DIRECTION('center_axis',(0.,0.,-1.));
#6479=DIRECTION('ref_axis',(0.,1.,0.));
#6480=DIRECTION('',(0.,1.,0.));
#6481=DIRECTION('',(1.,0.,0.));
#6482=DIRECTION('center_axis',(0.999988423688198,0.,-0.00481170339831271));
#6483=DIRECTION('ref_axis',(0.00481170339831271,0.,0.999988423688198));
#6484=DIRECTION('',(-0.00481170339831271,0.,-0.999988423688198));
#6485=DIRECTION('',(0.,-1.,0.));
#6486=DIRECTION('',(0.00481170339831271,0.,0.999988423688198));
#6487=DIRECTION('',(0.,-1.,0.));
#6488=DIRECTION('center_axis',(0.495827154465685,0.,-0.868421230103492));
#6489=DIRECTION('ref_axis',(0.868421230103492,0.,0.495827154465685));
#6490=DIRECTION('',(-0.868421230103492,0.,-0.495827154465685));
#6491=DIRECTION('',(0.868421230103492,0.,0.495827154465685));
#6492=DIRECTION('',(0.,-1.,0.));
#6493=DIRECTION('center_axis',(-0.504161269222513,0.,-0.86360952670518));
#6494=DIRECTION('ref_axis',(0.86360952670518,0.,-0.504161269222513));
#6495=DIRECTION('',(-0.86360952670518,0.,0.504161269222513));
#6496=DIRECTION('',(0.86360952670518,0.,-0.504161269222513));
#6497=DIRECTION('',(0.,-1.,0.));
#6498=DIRECTION('center_axis',(-0.999988423688198,0.,0.00481170339831271));
#6499=DIRECTION('ref_axis',(-0.00481170339831271,0.,-0.999988423688198));
#6500=DIRECTION('',(0.00481170339831271,0.,0.999988423688198));
#6501=DIRECTION('',(-0.00481170339831271,0.,-0.999988423688198));
#6502=DIRECTION('',(0.,-1.,0.));
#6503=DIRECTION('center_axis',(-0.495827154465685,0.,0.868421230103492));
#6504=DIRECTION('ref_axis',(-0.868421230103492,0.,-0.495827154465685));
#6505=DIRECTION('',(0.868421230103492,0.,0.495827154465685));
#6506=DIRECTION('',(-0.868421230103492,0.,-0.495827154465685));
#6507=DIRECTION('',(0.,-1.,0.));
#6508=DIRECTION('center_axis',(0.504161269222513,0.,0.86360952670518));
#6509=DIRECTION('ref_axis',(-0.86360952670518,0.,0.504161269222513));
#6510=DIRECTION('',(0.86360952670518,0.,-0.504161269222513));
#6511=DIRECTION('',(-0.86360952670518,0.,0.504161269222513));
#6512=DIRECTION('center_axis',(0.999988423688198,0.,-0.00481170339831271));
#6513=DIRECTION('ref_axis',(0.00481170339831271,0.,0.999988423688198));
#6514=DIRECTION('',(-0.00481170339831271,0.,-0.999988423688198));
#6515=DIRECTION('',(0.,-1.,0.));
#6516=DIRECTION('',(0.00481170339831271,0.,0.999988423688198));
#6517=DIRECTION('',(0.,-1.,0.));
#6518=DIRECTION('center_axis',(0.495827154465685,0.,-0.868421230103492));
#6519=DIRECTION('ref_axis',(0.868421230103492,0.,0.495827154465685));
#6520=DIRECTION('',(-0.868421230103492,0.,-0.495827154465685));
#6521=DIRECTION('',(0.868421230103492,0.,0.495827154465685));
#6522=DIRECTION('',(0.,-1.,0.));
#6523=DIRECTION('center_axis',(-0.504161269222513,0.,-0.86360952670518));
#6524=DIRECTION('ref_axis',(0.86360952670518,0.,-0.504161269222513));
#6525=DIRECTION('',(-0.86360952670518,0.,0.504161269222513));
#6526=DIRECTION('',(0.86360952670518,0.,-0.504161269222513));
#6527=DIRECTION('',(0.,-1.,0.));
#6528=DIRECTION('center_axis',(-0.999988423688198,0.,0.00481170339831271));
#6529=DIRECTION('ref_axis',(-0.00481170339831271,0.,-0.999988423688198));
#6530=DIRECTION('',(0.00481170339831271,0.,0.999988423688198));
#6531=DIRECTION('',(-0.00481170339831271,0.,-0.999988423688198));
#6532=DIRECTION('',(0.,-1.,0.));
#6533=DIRECTION('center_axis',(-0.495827154465685,0.,0.868421230103492));
#6534=DIRECTION('ref_axis',(-0.868421230103492,0.,-0.495827154465685));
#6535=DIRECTION('',(0.868421230103492,0.,0.495827154465685));
#6536=DIRECTION('',(-0.868421230103492,0.,-0.495827154465685));
#6537=DIRECTION('',(0.,-1.,0.));
#6538=DIRECTION('center_axis',(0.504161269222513,0.,0.86360952670518));
#6539=DIRECTION('ref_axis',(-0.86360952670518,0.,0.504161269222513));
#6540=DIRECTION('',(0.86360952670518,0.,-0.504161269222513));
#6541=DIRECTION('',(-0.86360952670518,0.,0.504161269222513));
#6542=DIRECTION('center_axis',(0.999988423688198,0.,-0.00481170339831271));
#6543=DIRECTION('ref_axis',(0.00481170339831271,0.,0.999988423688198));
#6544=DIRECTION('',(-0.00481170339831271,0.,-0.999988423688198));
#6545=DIRECTION('',(0.,-1.,0.));
#6546=DIRECTION('',(0.00481170339831271,0.,0.999988423688198));
#6547=DIRECTION('',(0.,-1.,0.));
#6548=DIRECTION('center_axis',(0.495827154465685,0.,-0.868421230103492));
#6549=DIRECTION('ref_axis',(0.868421230103492,0.,0.495827154465685));
#6550=DIRECTION('',(-0.868421230103492,0.,-0.495827154465685));
#6551=DIRECTION('',(0.868421230103492,0.,0.495827154465685));
#6552=DIRECTION('',(0.,-1.,0.));
#6553=DIRECTION('center_axis',(-0.504161269222513,0.,-0.86360952670518));
#6554=DIRECTION('ref_axis',(0.86360952670518,0.,-0.504161269222513));
#6555=DIRECTION('',(-0.86360952670518,0.,0.504161269222513));
#6556=DIRECTION('',(0.86360952670518,0.,-0.504161269222513));
#6557=DIRECTION('',(0.,-1.,0.));
#6558=DIRECTION('center_axis',(-0.999988423688198,0.,0.00481170339831271));
#6559=DIRECTION('ref_axis',(-0.00481170339831271,0.,-0.999988423688198));
#6560=DIRECTION('',(0.00481170339831271,0.,0.999988423688198));
#6561=DIRECTION('',(-0.00481170339831271,0.,-0.999988423688198));
#6562=DIRECTION('',(0.,-1.,0.));
#6563=DIRECTION('center_axis',(-0.495827154465685,0.,0.868421230103492));
#6564=DIRECTION('ref_axis',(-0.868421230103492,0.,-0.495827154465685));
#6565=DIRECTION('',(0.868421230103492,0.,0.495827154465685));
#6566=DIRECTION('',(-0.868421230103492,0.,-0.495827154465685));
#6567=DIRECTION('',(0.,-1.,0.));
#6568=DIRECTION('center_axis',(0.504161269222513,0.,0.86360952670518));
#6569=DIRECTION('ref_axis',(-0.86360952670518,0.,0.504161269222513));
#6570=DIRECTION('',(0.86360952670518,0.,-0.504161269222513));
#6571=DIRECTION('',(-0.86360952670518,0.,0.504161269222513));
#6572=DIRECTION('center_axis',(0.999988423688198,0.,-0.00481170339831271));
#6573=DIRECTION('ref_axis',(0.00481170339831271,0.,0.999988423688198));
#6574=DIRECTION('',(-0.00481170339831271,0.,-0.999988423688198));
#6575=DIRECTION('',(0.,-1.,0.));
#6576=DIRECTION('',(0.00481170339831271,0.,0.999988423688198));
#6577=DIRECTION('',(0.,-1.,0.));
#6578=DIRECTION('center_axis',(0.495827154465685,0.,-0.868421230103492));
#6579=DIRECTION('ref_axis',(0.868421230103492,0.,0.495827154465685));
#6580=DIRECTION('',(-0.868421230103492,0.,-0.495827154465685));
#6581=DIRECTION('',(0.868421230103492,0.,0.495827154465685));
#6582=DIRECTION('',(0.,-1.,0.));
#6583=DIRECTION('center_axis',(-0.504161269222513,0.,-0.86360952670518));
#6584=DIRECTION('ref_axis',(0.86360952670518,0.,-0.504161269222513));
#6585=DIRECTION('',(-0.86360952670518,0.,0.504161269222513));
#6586=DIRECTION('',(0.86360952670518,0.,-0.504161269222513));
#6587=DIRECTION('',(0.,-1.,0.));
#6588=DIRECTION('center_axis',(-0.999988423688198,0.,0.00481170339831271));
#6589=DIRECTION('ref_axis',(-0.00481170339831271,0.,-0.999988423688198));
#6590=DIRECTION('',(0.00481170339831271,0.,0.999988423688198));
#6591=DIRECTION('',(-0.00481170339831271,0.,-0.999988423688198));
#6592=DIRECTION('',(0.,-1.,0.));
#6593=DIRECTION('center_axis',(-0.495827154465685,0.,0.868421230103492));
#6594=DIRECTION('ref_axis',(-0.868421230103492,0.,-0.495827154465685));
#6595=DIRECTION('',(0.868421230103492,0.,0.495827154465685));
#6596=DIRECTION('',(-0.868421230103492,0.,-0.495827154465685));
#6597=DIRECTION('',(0.,-1.,0.));
#6598=DIRECTION('center_axis',(0.504161269222513,0.,0.86360952670518));
#6599=DIRECTION('ref_axis',(-0.86360952670518,0.,0.504161269222513));
#6600=DIRECTION('',(0.86360952670518,0.,-0.504161269222513));
#6601=DIRECTION('',(-0.86360952670518,0.,0.504161269222513));
#6602=DIRECTION('center_axis',(0.999988423688198,0.,-0.00481170339831271));
#6603=DIRECTION('ref_axis',(0.00481170339831271,0.,0.999988423688198));
#6604=DIRECTION('',(-0.00481170339831271,0.,-0.999988423688198));
#6605=DIRECTION('',(0.,-1.,0.));
#6606=DIRECTION('',(0.00481170339831271,0.,0.999988423688198));
#6607=DIRECTION('',(0.,-1.,0.));
#6608=DIRECTION('center_axis',(0.495827154465685,0.,-0.868421230103492));
#6609=DIRECTION('ref_axis',(0.868421230103492,0.,0.495827154465685));
#6610=DIRECTION('',(-0.868421230103492,0.,-0.495827154465685));
#6611=DIRECTION('',(0.868421230103492,0.,0.495827154465685));
#6612=DIRECTION('',(0.,-1.,0.));
#6613=DIRECTION('center_axis',(-0.504161269222513,0.,-0.86360952670518));
#6614=DIRECTION('ref_axis',(0.86360952670518,0.,-0.504161269222513));
#6615=DIRECTION('',(-0.86360952670518,0.,0.504161269222513));
#6616=DIRECTION('',(0.86360952670518,0.,-0.504161269222513));
#6617=DIRECTION('',(0.,-1.,0.));
#6618=DIRECTION('center_axis',(-0.999988423688198,0.,0.00481170339831271));
#6619=DIRECTION('ref_axis',(-0.00481170339831271,0.,-0.999988423688198));
#6620=DIRECTION('',(0.00481170339831271,0.,0.999988423688198));
#6621=DIRECTION('',(-0.00481170339831271,0.,-0.999988423688198));
#6622=DIRECTION('',(0.,-1.,0.));
#6623=DIRECTION('center_axis',(-0.495827154465685,0.,0.868421230103492));
#6624=DIRECTION('ref_axis',(-0.868421230103492,0.,-0.495827154465685));
#6625=DIRECTION('',(0.868421230103492,0.,0.495827154465685));
#6626=DIRECTION('',(-0.868421230103492,0.,-0.495827154465685));
#6627=DIRECTION('',(0.,-1.,0.));
#6628=DIRECTION('center_axis',(0.504161269222513,0.,0.86360952670518));
#6629=DIRECTION('ref_axis',(-0.86360952670518,0.,0.504161269222513));
#6630=DIRECTION('',(0.86360952670518,0.,-0.504161269222513));
#6631=DIRECTION('',(-0.86360952670518,0.,0.504161269222513));
#6632=DIRECTION('center_axis',(0.999988423688198,0.,-0.00481170339831271));
#6633=DIRECTION('ref_axis',(0.00481170339831271,0.,0.999988423688198));
#6634=DIRECTION('',(-0.00481170339831271,0.,-0.999988423688198));
#6635=DIRECTION('',(0.,-1.,0.));
#6636=DIRECTION('',(0.00481170339831271,0.,0.999988423688198));
#6637=DIRECTION('',(0.,-1.,0.));
#6638=DIRECTION('center_axis',(0.495827154465685,0.,-0.868421230103492));
#6639=DIRECTION('ref_axis',(0.868421230103492,0.,0.495827154465685));
#6640=DIRECTION('',(-0.868421230103492,0.,-0.495827154465685));
#6641=DIRECTION('',(0.868421230103492,0.,0.495827154465685));
#6642=DIRECTION('',(0.,-1.,0.));
#6643=DIRECTION('center_axis',(-0.504161269222513,0.,-0.86360952670518));
#6644=DIRECTION('ref_axis',(0.86360952670518,0.,-0.504161269222513));
#6645=DIRECTION('',(-0.86360952670518,0.,0.504161269222513));
#6646=DIRECTION('',(0.86360952670518,0.,-0.504161269222513));
#6647=DIRECTION('',(0.,-1.,0.));
#6648=DIRECTION('center_axis',(-0.999988423688198,0.,0.00481170339831271));
#6649=DIRECTION('ref_axis',(-0.00481170339831271,0.,-0.999988423688198));
#6650=DIRECTION('',(0.00481170339831271,0.,0.999988423688198));
#6651=DIRECTION('',(-0.00481170339831271,0.,-0.999988423688198));
#6652=DIRECTION('',(0.,-1.,0.));
#6653=DIRECTION('center_axis',(-0.495827154465685,0.,0.868421230103492));
#6654=DIRECTION('ref_axis',(-0.868421230103492,0.,-0.495827154465685));
#6655=DIRECTION('',(0.868421230103492,0.,0.495827154465685));
#6656=DIRECTION('',(-0.868421230103492,0.,-0.495827154465685));
#6657=DIRECTION('',(0.,-1.,0.));
#6658=DIRECTION('center_axis',(0.504161269222513,0.,0.86360952670518));
#6659=DIRECTION('ref_axis',(-0.86360952670518,0.,0.504161269222513));
#6660=DIRECTION('',(0.86360952670518,0.,-0.504161269222513));
#6661=DIRECTION('',(-0.86360952670518,0.,0.504161269222513));
#6662=DIRECTION('center_axis',(0.999988423688198,0.,-0.00481170339831271));
#6663=DIRECTION('ref_axis',(0.00481170339831271,0.,0.999988423688198));
#6664=DIRECTION('',(-0.00481170339831271,0.,-0.999988423688198));
#6665=DIRECTION('',(0.,-1.,0.));
#6666=DIRECTION('',(0.00481170339831271,0.,0.999988423688198));
#6667=DIRECTION('',(0.,-1.,0.));
#6668=DIRECTION('center_axis',(0.495827154465685,0.,-0.868421230103492));
#6669=DIRECTION('ref_axis',(0.868421230103492,0.,0.495827154465685));
#6670=DIRECTION('',(-0.868421230103492,0.,-0.495827154465685));
#6671=DIRECTION('',(0.868421230103492,0.,0.495827154465685));
#6672=DIRECTION('',(0.,-1.,0.));
#6673=DIRECTION('center_axis',(-0.504161269222513,0.,-0.86360952670518));
#6674=DIRECTION('ref_axis',(0.86360952670518,0.,-0.504161269222513));
#6675=DIRECTION('',(-0.86360952670518,0.,0.504161269222513));
#6676=DIRECTION('',(0.86360952670518,0.,-0.504161269222513));
#6677=DIRECTION('',(0.,-1.,0.));
#6678=DIRECTION('center_axis',(-0.999988423688198,0.,0.00481170339831271));
#6679=DIRECTION('ref_axis',(-0.00481170339831271,0.,-0.999988423688198));
#6680=DIRECTION('',(0.00481170339831271,0.,0.999988423688198));
#6681=DIRECTION('',(-0.00481170339831271,0.,-0.999988423688198));
#6682=DIRECTION('',(0.,-1.,0.));
#6683=DIRECTION('center_axis',(-0.495827154465685,0.,0.868421230103492));
#6684=DIRECTION('ref_axis',(-0.868421230103492,0.,-0.495827154465685));
#6685=DIRECTION('',(0.868421230103492,0.,0.495827154465685));
#6686=DIRECTION('',(-0.868421230103492,0.,-0.495827154465685));
#6687=DIRECTION('',(0.,-1.,0.));
#6688=DIRECTION('center_axis',(0.504161269222513,0.,0.86360952670518));
#6689=DIRECTION('ref_axis',(-0.86360952670518,0.,0.504161269222513));
#6690=DIRECTION('',(0.86360952670518,0.,-0.504161269222513));
#6691=DIRECTION('',(-0.86360952670518,0.,0.504161269222513));
#6692=DIRECTION('center_axis',(0.999988423688198,0.,-0.00481170339831271));
#6693=DIRECTION('ref_axis',(0.00481170339831271,0.,0.999988423688198));
#6694=DIRECTION('',(-0.00481170339831271,0.,-0.999988423688198));
#6695=DIRECTION('',(0.,-1.,0.));
#6696=DIRECTION('',(0.00481170339831271,0.,0.999988423688198));
#6697=DIRECTION('',(0.,-1.,0.));
#6698=DIRECTION('center_axis',(0.495827154465685,0.,-0.868421230103492));
#6699=DIRECTION('ref_axis',(0.868421230103492,0.,0.495827154465685));
#6700=DIRECTION('',(-0.868421230103492,0.,-0.495827154465685));
#6701=DIRECTION('',(0.868421230103492,0.,0.495827154465685));
#6702=DIRECTION('',(0.,-1.,0.));
#6703=DIRECTION('center_axis',(-0.504161269222513,0.,-0.86360952670518));
#6704=DIRECTION('ref_axis',(0.86360952670518,0.,-0.504161269222513));
#6705=DIRECTION('',(-0.86360952670518,0.,0.504161269222513));
#6706=DIRECTION('',(0.86360952670518,0.,-0.504161269222513));
#6707=DIRECTION('',(0.,-1.,0.));
#6708=DIRECTION('center_axis',(-0.999988423688198,0.,0.00481170339831271));
#6709=DIRECTION('ref_axis',(-0.00481170339831271,0.,-0.999988423688198));
#6710=DIRECTION('',(0.00481170339831271,0.,0.999988423688198));
#6711=DIRECTION('',(-0.00481170339831271,0.,-0.999988423688198));
#6712=DIRECTION('',(0.,-1.,0.));
#6713=DIRECTION('center_axis',(-0.495827154465685,0.,0.868421230103492));
#6714=DIRECTION('ref_axis',(-0.868421230103492,0.,-0.495827154465685));
#6715=DIRECTION('',(0.868421230103492,0.,0.495827154465685));
#6716=DIRECTION('',(-0.868421230103492,0.,-0.495827154465685));
#6717=DIRECTION('',(0.,-1.,0.));
#6718=DIRECTION('center_axis',(0.504161269222513,0.,0.86360952670518));
#6719=DIRECTION('ref_axis',(-0.86360952670518,0.,0.504161269222513));
#6720=DIRECTION('',(0.86360952670518,0.,-0.504161269222513));
#6721=DIRECTION('',(-0.86360952670518,0.,0.504161269222513));
#6722=DIRECTION('center_axis',(0.999988423688198,0.,-0.00481170339831271));
#6723=DIRECTION('ref_axis',(0.00481170339831271,0.,0.999988423688198));
#6724=DIRECTION('',(-0.00481170339831271,0.,-0.999988423688198));
#6725=DIRECTION('',(0.,-1.,0.));
#6726=DIRECTION('',(0.00481170339831271,0.,0.999988423688198));
#6727=DIRECTION('',(0.,-1.,0.));
#6728=DIRECTION('center_axis',(0.495827154465685,0.,-0.868421230103492));
#6729=DIRECTION('ref_axis',(0.868421230103492,0.,0.495827154465685));
#6730=DIRECTION('',(-0.868421230103492,0.,-0.495827154465685));
#6731=DIRECTION('',(0.868421230103492,0.,0.495827154465685));
#6732=DIRECTION('',(0.,-1.,0.));
#6733=DIRECTION('center_axis',(-0.504161269222513,0.,-0.86360952670518));
#6734=DIRECTION('ref_axis',(0.86360952670518,0.,-0.504161269222513));
#6735=DIRECTION('',(-0.86360952670518,0.,0.504161269222513));
#6736=DIRECTION('',(0.86360952670518,0.,-0.504161269222513));
#6737=DIRECTION('',(0.,-1.,0.));
#6738=DIRECTION('center_axis',(-0.999988423688198,0.,0.00481170339831271));
#6739=DIRECTION('ref_axis',(-0.00481170339831271,0.,-0.999988423688198));
#6740=DIRECTION('',(0.00481170339831271,0.,0.999988423688198));
#6741=DIRECTION('',(-0.00481170339831271,0.,-0.999988423688198));
#6742=DIRECTION('',(0.,-1.,0.));
#6743=DIRECTION('center_axis',(-0.495827154465685,0.,0.868421230103492));
#6744=DIRECTION('ref_axis',(-0.868421230103492,0.,-0.495827154465685));
#6745=DIRECTION('',(0.868421230103492,0.,0.495827154465685));
#6746=DIRECTION('',(-0.868421230103492,0.,-0.495827154465685));
#6747=DIRECTION('',(0.,-1.,0.));
#6748=DIRECTION('center_axis',(0.504161269222513,0.,0.86360952670518));
#6749=DIRECTION('ref_axis',(-0.86360952670518,0.,0.504161269222513));
#6750=DIRECTION('',(0.86360952670518,0.,-0.504161269222513));
#6751=DIRECTION('',(-0.86360952670518,0.,0.504161269222513));
#6752=DIRECTION('center_axis',(0.999988423688198,0.,-0.00481170339831271));
#6753=DIRECTION('ref_axis',(0.00481170339831271,0.,0.999988423688198));
#6754=DIRECTION('',(-0.00481170339831271,0.,-0.999988423688198));
#6755=DIRECTION('',(0.,-1.,0.));
#6756=DIRECTION('',(0.00481170339831271,0.,0.999988423688198));
#6757=DIRECTION('',(0.,-1.,0.));
#6758=DIRECTION('center_axis',(0.495827154465685,0.,-0.868421230103492));
#6759=DIRECTION('ref_axis',(0.868421230103492,0.,0.495827154465685));
#6760=DIRECTION('',(-0.868421230103492,0.,-0.495827154465685));
#6761=DIRECTION('',(0.868421230103492,0.,0.495827154465685));
#6762=DIRECTION('',(0.,-1.,0.));
#6763=DIRECTION('center_axis',(-0.504161269222513,0.,-0.86360952670518));
#6764=DIRECTION('ref_axis',(0.86360952670518,0.,-0.504161269222513));
#6765=DIRECTION('',(-0.86360952670518,0.,0.504161269222513));
#6766=DIRECTION('',(0.86360952670518,0.,-0.504161269222513));
#6767=DIRECTION('',(0.,-1.,0.));
#6768=DIRECTION('center_axis',(-0.999988423688198,0.,0.00481170339831271));
#6769=DIRECTION('ref_axis',(-0.00481170339831271,0.,-0.999988423688198));
#6770=DIRECTION('',(0.00481170339831271,0.,0.999988423688198));
#6771=DIRECTION('',(-0.00481170339831271,0.,-0.999988423688198));
#6772=DIRECTION('',(0.,-1.,0.));
#6773=DIRECTION('center_axis',(-0.495827154465685,0.,0.868421230103492));
#6774=DIRECTION('ref_axis',(-0.868421230103492,0.,-0.495827154465685));
#6775=DIRECTION('',(0.868421230103492,0.,0.495827154465685));
#6776=DIRECTION('',(-0.868421230103492,0.,-0.495827154465685));
#6777=DIRECTION('',(0.,-1.,0.));
#6778=DIRECTION('center_axis',(0.504161269222513,0.,0.86360952670518));
#6779=DIRECTION('ref_axis',(-0.86360952670518,0.,0.504161269222513));
#6780=DIRECTION('',(0.86360952670518,0.,-0.504161269222513));
#6781=DIRECTION('',(-0.86360952670518,0.,0.504161269222513));
#6782=DIRECTION('center_axis',(0.999988423688198,0.,-0.00481170339831271));
#6783=DIRECTION('ref_axis',(0.00481170339831271,0.,0.999988423688198));
#6784=DIRECTION('',(-0.00481170339831271,0.,-0.999988423688198));
#6785=DIRECTION('',(0.,-1.,0.));
#6786=DIRECTION('',(0.00481170339831271,0.,0.999988423688198));
#6787=DIRECTION('',(0.,-1.,0.));
#6788=DIRECTION('center_axis',(0.495827154465685,0.,-0.868421230103492));
#6789=DIRECTION('ref_axis',(0.868421230103492,0.,0.495827154465685));
#6790=DIRECTION('',(-0.868421230103492,0.,-0.495827154465685));
#6791=DIRECTION('',(0.868421230103492,0.,0.495827154465685));
#6792=DIRECTION('',(0.,-1.,0.));
#6793=DIRECTION('center_axis',(-0.504161269222513,0.,-0.86360952670518));
#6794=DIRECTION('ref_axis',(0.86360952670518,0.,-0.504161269222513));
#6795=DIRECTION('',(-0.86360952670518,0.,0.504161269222513));
#6796=DIRECTION('',(0.86360952670518,0.,-0.504161269222513));
#6797=DIRECTION('',(0.,-1.,0.));
#6798=DIRECTION('center_axis',(-0.999988423688198,0.,0.00481170339831271));
#6799=DIRECTION('ref_axis',(-0.00481170339831271,0.,-0.999988423688198));
#6800=DIRECTION('',(0.00481170339831271,0.,0.999988423688198));
#6801=DIRECTION('',(-0.00481170339831271,0.,-0.999988423688198));
#6802=DIRECTION('',(0.,-1.,0.));
#6803=DIRECTION('center_axis',(-0.495827154465685,0.,0.868421230103492));
#6804=DIRECTION('ref_axis',(-0.868421230103492,0.,-0.495827154465685));
#6805=DIRECTION('',(0.868421230103492,0.,0.495827154465685));
#6806=DIRECTION('',(-0.868421230103492,0.,-0.495827154465685));
#6807=DIRECTION('',(0.,-1.,0.));
#6808=DIRECTION('center_axis',(0.504161269222513,0.,0.86360952670518));
#6809=DIRECTION('ref_axis',(-0.86360952670518,0.,0.504161269222513));
#6810=DIRECTION('',(0.86360952670518,0.,-0.504161269222513));
#6811=DIRECTION('',(-0.86360952670518,0.,0.504161269222513));
#6812=DIRECTION('center_axis',(0.,-0.999972579643699,0.0074054007809279));
#6813=DIRECTION('ref_axis',(0.,0.00740540078092789,0.999972579643699));
#6814=DIRECTION('',(-1.,0.,0.));
#6815=DIRECTION('',(-1.,0.,0.));
#6816=DIRECTION('center_axis',(0.,-0.506399555023338,-0.862298956668837));
#6817=DIRECTION('ref_axis',(0.,-0.862298956668837,0.506399555023338));
#6818=DIRECTION('',(-1.,0.,0.));
#6819=DIRECTION('center_axis',(0.,0.493573024620361,-0.869704357449765));
#6820=DIRECTION('ref_axis',(0.,-0.869704357449765,-0.493573024620361));
#6821=DIRECTION('',(-1.,0.,0.));
#6822=DIRECTION('center_axis',(0.,0.999972579643699,-0.00740540078092725));
#6823=DIRECTION('ref_axis',(0.,-0.00740540078092725,-0.999972579643699));
#6824=DIRECTION('',(-1.,0.,0.));
#6825=DIRECTION('center_axis',(0.,0.506399555023338,0.862298956668837));
#6826=DIRECTION('ref_axis',(0.,0.862298956668837,-0.506399555023338));
#6827=DIRECTION('',(-1.,0.,0.));
#6828=DIRECTION('center_axis',(0.,-0.493573024620361,0.869704357449765));
#6829=DIRECTION('ref_axis',(0.,0.869704357449765,0.493573024620361));
#6830=DIRECTION('center_axis',(0.,-0.999937979174914,0.011137226027614));
#6831=DIRECTION('ref_axis',(0.,0.011137226027614,0.999937979174913));
#6832=DIRECTION('',(-1.,0.,0.));
#6833=DIRECTION('',(-1.,0.,0.));
#6834=DIRECTION('center_axis',(0.,-0.509614110255062,-0.860403079160542));
#6835=DIRECTION('ref_axis',(0.,-0.860403079160542,0.509614110255062));
#6836=DIRECTION('',(-1.,0.,0.));
#6837=DIRECTION('center_axis',(0.,0.490323868919853,-0.871540305188157));
#6838=DIRECTION('ref_axis',(0.,-0.871540305188158,-0.490323868919853));
#6839=DIRECTION('',(-1.,0.,0.));
#6840=DIRECTION('center_axis',(0.,0.999937979174914,-0.011137226027614));
#6841=DIRECTION('ref_axis',(0.,-0.011137226027614,-0.999937979174913));
#6842=DIRECTION('',(-1.,0.,0.));
#6843=DIRECTION('center_axis',(0.,0.509614110255061,0.860403079160542));
#6844=DIRECTION('ref_axis',(0.,0.860403079160542,-0.509614110255061));
#6845=DIRECTION('',(-1.,0.,0.));
#6846=DIRECTION('center_axis',(0.,-0.490323868919854,0.871540305188157));
#6847=DIRECTION('ref_axis',(0.,0.871540305188157,0.490323868919854));
#6848=DIRECTION('center_axis',(0.,-0.999937979174914,0.011137226027614));
#6849=DIRECTION('ref_axis',(0.,0.011137226027614,0.999937979174913));
#6850=DIRECTION('',(-1.,0.,0.));
#6851=DIRECTION('',(-1.,0.,0.));
#6852=DIRECTION('center_axis',(0.,-0.509614110255062,-0.860403079160542));
#6853=DIRECTION('ref_axis',(0.,-0.860403079160542,0.509614110255062));
#6854=DIRECTION('',(-1.,0.,0.));
#6855=DIRECTION('center_axis',(0.,0.490323868919853,-0.871540305188157));
#6856=DIRECTION('ref_axis',(0.,-0.871540305188158,-0.490323868919853));
#6857=DIRECTION('',(-1.,0.,0.));
#6858=DIRECTION('center_axis',(0.,0.999937979174914,-0.011137226027614));
#6859=DIRECTION('ref_axis',(0.,-0.011137226027614,-0.999937979174913));
#6860=DIRECTION('',(-1.,0.,0.));
#6861=DIRECTION('center_axis',(0.,0.509614110255061,0.860403079160542));
#6862=DIRECTION('ref_axis',(0.,0.860403079160542,-0.509614110255061));
#6863=DIRECTION('',(-1.,0.,0.));
#6864=DIRECTION('center_axis',(0.,-0.490323868919854,0.871540305188157));
#6865=DIRECTION('ref_axis',(0.,0.871540305188157,0.490323868919854));
#6866=DIRECTION('center_axis',(0.,-0.999937979174914,0.011137226027614));
#6867=DIRECTION('ref_axis',(0.,0.011137226027614,0.999937979174913));
#6868=DIRECTION('',(-1.,0.,0.));
#6869=DIRECTION('',(-1.,0.,0.));
#6870=DIRECTION('center_axis',(0.,-0.509614110255062,-0.860403079160542));
#6871=DIRECTION('ref_axis',(0.,-0.860403079160542,0.509614110255062));
#6872=DIRECTION('',(-1.,0.,0.));
#6873=DIRECTION('center_axis',(0.,0.490323868919853,-0.871540305188157));
#6874=DIRECTION('ref_axis',(0.,-0.871540305188158,-0.490323868919853));
#6875=DIRECTION('',(-1.,0.,0.));
#6876=DIRECTION('center_axis',(0.,0.999937979174914,-0.011137226027614));
#6877=DIRECTION('ref_axis',(0.,-0.011137226027614,-0.999937979174913));
#6878=DIRECTION('',(-1.,0.,0.));
#6879=DIRECTION('center_axis',(0.,0.509614110255061,0.860403079160542));
#6880=DIRECTION('ref_axis',(0.,0.860403079160542,-0.509614110255061));
#6881=DIRECTION('',(-1.,0.,0.));
#6882=DIRECTION('center_axis',(0.,-0.490323868919854,0.871540305188157));
#6883=DIRECTION('ref_axis',(0.,0.871540305188157,0.490323868919854));
#6884=DIRECTION('center_axis',(0.,-0.999937979174914,0.011137226027614));
#6885=DIRECTION('ref_axis',(0.,0.011137226027614,0.999937979174913));
#6886=DIRECTION('',(-1.,0.,0.));
#6887=DIRECTION('',(-1.,0.,0.));
#6888=DIRECTION('center_axis',(0.,-0.509614110255062,-0.860403079160542));
#6889=DIRECTION('ref_axis',(0.,-0.860403079160542,0.509614110255062));
#6890=DIRECTION('',(-1.,0.,0.));
#6891=DIRECTION('center_axis',(0.,0.490323868919853,-0.871540305188157));
#6892=DIRECTION('ref_axis',(0.,-0.871540305188158,-0.490323868919853));
#6893=DIRECTION('',(-1.,0.,0.));
#6894=DIRECTION('center_axis',(0.,0.999937979174914,-0.011137226027614));
#6895=DIRECTION('ref_axis',(0.,-0.011137226027614,-0.999937979174913));
#6896=DIRECTION('',(-1.,0.,0.));
#6897=DIRECTION('center_axis',(0.,0.509614110255061,0.860403079160542));
#6898=DIRECTION('ref_axis',(0.,0.860403079160542,-0.509614110255061));
#6899=DIRECTION('',(-1.,0.,0.));
#6900=DIRECTION('center_axis',(0.,-0.490323868919854,0.871540305188157));
#6901=DIRECTION('ref_axis',(0.,0.871540305188157,0.490323868919854));
#6902=DIRECTION('center_axis',(0.,-0.999937979174914,0.011137226027614));
#6903=DIRECTION('ref_axis',(0.,0.011137226027614,0.999937979174913));
#6904=DIRECTION('',(-1.,0.,0.));
#6905=DIRECTION('',(-1.,0.,0.));
#6906=DIRECTION('center_axis',(0.,-0.509614110255062,-0.860403079160542));
#6907=DIRECTION('ref_axis',(0.,-0.860403079160542,0.509614110255062));
#6908=DIRECTION('',(-1.,0.,0.));
#6909=DIRECTION('center_axis',(0.,0.490323868919853,-0.871540305188157));
#6910=DIRECTION('ref_axis',(0.,-0.871540305188158,-0.490323868919853));
#6911=DIRECTION('',(-1.,0.,0.));
#6912=DIRECTION('center_axis',(0.,0.999937979174914,-0.011137226027614));
#6913=DIRECTION('ref_axis',(0.,-0.011137226027614,-0.999937979174913));
#6914=DIRECTION('',(-1.,0.,0.));
#6915=DIRECTION('center_axis',(0.,0.509614110255061,0.860403079160542));
#6916=DIRECTION('ref_axis',(0.,0.860403079160542,-0.509614110255061));
#6917=DIRECTION('',(-1.,0.,0.));
#6918=DIRECTION('center_axis',(0.,-0.490323868919854,0.871540305188157));
#6919=DIRECTION('ref_axis',(0.,0.871540305188157,0.490323868919854));
#6920=DIRECTION('center_axis',(0.,-0.999937979174914,0.011137226027614));
#6921=DIRECTION('ref_axis',(0.,0.011137226027614,0.999937979174913));
#6922=DIRECTION('',(-1.,0.,0.));
#6923=DIRECTION('',(-1.,0.,0.));
#6924=DIRECTION('center_axis',(0.,-0.509614110255062,-0.860403079160542));
#6925=DIRECTION('ref_axis',(0.,-0.860403079160542,0.509614110255062));
#6926=DIRECTION('',(-1.,0.,0.));
#6927=DIRECTION('center_axis',(0.,0.490323868919853,-0.871540305188157));
#6928=DIRECTION('ref_axis',(0.,-0.871540305188158,-0.490323868919853));
#6929=DIRECTION('',(-1.,0.,0.));
#6930=DIRECTION('center_axis',(0.,0.999937979174914,-0.011137226027614));
#6931=DIRECTION('ref_axis',(0.,-0.011137226027614,-0.999937979174913));
#6932=DIRECTION('',(-1.,0.,0.));
#6933=DIRECTION('center_axis',(0.,0.509614110255061,0.860403079160542));
#6934=DIRECTION('ref_axis',(0.,0.860403079160542,-0.509614110255061));
#6935=DIRECTION('',(-1.,0.,0.));
#6936=DIRECTION('center_axis',(0.,-0.490323868919854,0.871540305188157));
#6937=DIRECTION('ref_axis',(0.,0.871540305188157,0.490323868919854));
#6938=DIRECTION('center_axis',(0.,-0.500120198686602,0.865955995917618));
#6939=DIRECTION('ref_axis',(0.,0.865955995917618,0.500120198686602));
#6940=DIRECTION('',(-1.,0.,0.));
#6941=DIRECTION('',(-1.,0.,0.));
#6942=DIRECTION('center_axis',(0.,-0.999999990367412,-0.000138799049508813));
#6943=DIRECTION('ref_axis',(0.,-0.000138799049508813,0.999999990367412));
#6944=DIRECTION('',(-1.,0.,0.));
#6945=DIRECTION('center_axis',(0.,-0.49987979168081,-0.866094794967127));
#6946=DIRECTION('ref_axis',(0.,-0.866094794967127,0.49987979168081));
#6947=DIRECTION('',(-1.,0.,0.));
#6948=DIRECTION('center_axis',(0.,0.500120198686602,-0.865955995917618));
#6949=DIRECTION('ref_axis',(0.,-0.865955995917618,-0.500120198686602));
#6950=DIRECTION('',(-1.,0.,0.));
#6951=DIRECTION('center_axis',(0.,0.999999990367412,0.000138799049508813));
#6952=DIRECTION('ref_axis',(0.,0.000138799049508813,-0.999999990367412));
#6953=DIRECTION('',(-1.,0.,0.));
#6954=DIRECTION('center_axis',(0.,0.49987979168081,0.866094794967127));
#6955=DIRECTION('ref_axis',(0.,0.866094794967127,-0.49987979168081));
#6956=DIRECTION('center_axis',(0.,-0.500120198686602,0.865955995917618));
#6957=DIRECTION('ref_axis',(0.,0.865955995917618,0.500120198686602));
#6958=DIRECTION('',(-1.,0.,0.));
#6959=DIRECTION('',(-1.,0.,0.));
#6960=DIRECTION('center_axis',(0.,-0.999999990367412,-0.000138799049508813));
#6961=DIRECTION('ref_axis',(0.,-0.000138799049508813,0.999999990367412));
#6962=DIRECTION('',(-1.,0.,0.));
#6963=DIRECTION('center_axis',(0.,-0.49987979168081,-0.866094794967127));
#6964=DIRECTION('ref_axis',(0.,-0.866094794967127,0.49987979168081));
#6965=DIRECTION('',(-1.,0.,0.));
#6966=DIRECTION('center_axis',(0.,0.500120198686602,-0.865955995917618));
#6967=DIRECTION('ref_axis',(0.,-0.865955995917618,-0.500120198686602));
#6968=DIRECTION('',(-1.,0.,0.));
#6969=DIRECTION('center_axis',(0.,0.999999990367412,0.000138799049508813));
#6970=DIRECTION('ref_axis',(0.,0.000138799049508813,-0.999999990367412));
#6971=DIRECTION('',(-1.,0.,0.));
#6972=DIRECTION('center_axis',(0.,0.49987979168081,0.866094794967127));
#6973=DIRECTION('ref_axis',(0.,0.866094794967127,-0.49987979168081));
#6974=DIRECTION('center_axis',(0.,-0.500120198686602,0.865955995917618));
#6975=DIRECTION('ref_axis',(0.,0.865955995917618,0.500120198686602));
#6976=DIRECTION('',(-1.,0.,0.));
#6977=DIRECTION('',(-1.,0.,0.));
#6978=DIRECTION('center_axis',(0.,-0.999999990367412,-0.000138799049508813));
#6979=DIRECTION('ref_axis',(0.,-0.000138799049508813,0.999999990367412));
#6980=DIRECTION('',(-1.,0.,0.));
#6981=DIRECTION('center_axis',(0.,-0.49987979168081,-0.866094794967127));
#6982=DIRECTION('ref_axis',(0.,-0.866094794967127,0.49987979168081));
#6983=DIRECTION('',(-1.,0.,0.));
#6984=DIRECTION('center_axis',(0.,0.500120198686602,-0.865955995917618));
#6985=DIRECTION('ref_axis',(0.,-0.865955995917618,-0.500120198686602));
#6986=DIRECTION('',(-1.,0.,0.));
#6987=DIRECTION('center_axis',(0.,0.999999990367412,0.000138799049508813));
#6988=DIRECTION('ref_axis',(0.,0.000138799049508813,-0.999999990367412));
#6989=DIRECTION('',(-1.,0.,0.));
#6990=DIRECTION('center_axis',(0.,0.49987979168081,0.866094794967127));
#6991=DIRECTION('ref_axis',(0.,0.866094794967127,-0.49987979168081));
#6992=DIRECTION('center_axis',(0.,-0.500120198686602,0.865955995917618));
#6993=DIRECTION('ref_axis',(0.,0.865955995917618,0.500120198686602));
#6994=DIRECTION('',(-1.,0.,0.));
#6995=DIRECTION('',(-1.,0.,0.));
#6996=DIRECTION('center_axis',(0.,-0.999999990367412,-0.000138799049508813));
#6997=DIRECTION('ref_axis',(0.,-0.000138799049508813,0.999999990367412));
#6998=DIRECTION('',(-1.,0.,0.));
#6999=DIRECTION('center_axis',(0.,-0.49987979168081,-0.866094794967127));
#7000=DIRECTION('ref_axis',(0.,-0.866094794967127,0.49987979168081));
#7001=DIRECTION('',(-1.,0.,0.));
#7002=DIRECTION('center_axis',(0.,0.500120198686602,-0.865955995917618));
#7003=DIRECTION('ref_axis',(0.,-0.865955995917618,-0.500120198686602));
#7004=DIRECTION('',(-1.,0.,0.));
#7005=DIRECTION('center_axis',(0.,0.999999990367412,0.000138799049508813));
#7006=DIRECTION('ref_axis',(0.,0.000138799049508813,-0.999999990367412));
#7007=DIRECTION('',(-1.,0.,0.));
#7008=DIRECTION('center_axis',(0.,0.49987979168081,0.866094794967127));
#7009=DIRECTION('ref_axis',(0.,0.866094794967127,-0.49987979168081));
#7010=DIRECTION('center_axis',(0.,-0.500120198686602,0.865955995917618));
#7011=DIRECTION('ref_axis',(0.,0.865955995917618,0.500120198686602));
#7012=DIRECTION('',(-1.,0.,0.));
#7013=DIRECTION('',(-1.,0.,0.));
#7014=DIRECTION('center_axis',(0.,-0.999999990367412,-0.000138799049508813));
#7015=DIRECTION('ref_axis',(0.,-0.000138799049508813,0.999999990367412));
#7016=DIRECTION('',(-1.,0.,0.));
#7017=DIRECTION('center_axis',(0.,-0.49987979168081,-0.866094794967127));
#7018=DIRECTION('ref_axis',(0.,-0.866094794967127,0.49987979168081));
#7019=DIRECTION('',(-1.,0.,0.));
#7020=DIRECTION('center_axis',(0.,0.500120198686602,-0.865955995917618));
#7021=DIRECTION('ref_axis',(0.,-0.865955995917618,-0.500120198686602));
#7022=DIRECTION('',(-1.,0.,0.));
#7023=DIRECTION('center_axis',(0.,0.999999990367412,0.000138799049508813));
#7024=DIRECTION('ref_axis',(0.,0.000138799049508813,-0.999999990367412));
#7025=DIRECTION('',(-1.,0.,0.));
#7026=DIRECTION('center_axis',(0.,0.49987979168081,0.866094794967127));
#7027=DIRECTION('ref_axis',(0.,0.866094794967127,-0.49987979168081));
#7028=DIRECTION('center_axis',(0.,-0.500120198686602,0.865955995917618));
#7029=DIRECTION('ref_axis',(0.,0.865955995917618,0.500120198686602));
#7030=DIRECTION('',(-1.,0.,0.));
#7031=DIRECTION('',(-1.,0.,0.));
#7032=DIRECTION('center_axis',(0.,-0.999999990367412,-0.000138799049508813));
#7033=DIRECTION('ref_axis',(0.,-0.000138799049508813,0.999999990367412));
#7034=DIRECTION('',(-1.,0.,0.));
#7035=DIRECTION('center_axis',(0.,-0.49987979168081,-0.866094794967127));
#7036=DIRECTION('ref_axis',(0.,-0.866094794967127,0.49987979168081));
#7037=DIRECTION('',(-1.,0.,0.));
#7038=DIRECTION('center_axis',(0.,0.500120198686602,-0.865955995917618));
#7039=DIRECTION('ref_axis',(0.,-0.865955995917618,-0.500120198686602));
#7040=DIRECTION('',(-1.,0.,0.));
#7041=DIRECTION('center_axis',(0.,0.999999990367412,0.000138799049508813));
#7042=DIRECTION('ref_axis',(0.,0.000138799049508813,-0.999999990367412));
#7043=DIRECTION('',(-1.,0.,0.));
#7044=DIRECTION('center_axis',(0.,0.49987979168081,0.866094794967127));
#7045=DIRECTION('ref_axis',(0.,0.866094794967127,-0.49987979168081));
#7046=DIRECTION('center_axis',(0.,-0.999937979174914,0.011137226027614));
#7047=DIRECTION('ref_axis',(0.,0.011137226027614,0.999937979174913));
#7048=DIRECTION('',(-1.,0.,0.));
#7049=DIRECTION('',(-1.,0.,0.));
#7050=DIRECTION('center_axis',(0.,-0.509614110255062,-0.860403079160542));
#7051=DIRECTION('ref_axis',(0.,-0.860403079160542,0.509614110255062));
#7052=DIRECTION('',(-1.,0.,0.));
#7053=DIRECTION('center_axis',(0.,0.490323868919853,-0.871540305188157));
#7054=DIRECTION('ref_axis',(0.,-0.871540305188158,-0.490323868919853));
#7055=DIRECTION('',(-1.,0.,0.));
#7056=DIRECTION('center_axis',(0.,0.999937979174914,-0.011137226027614));
#7057=DIRECTION('ref_axis',(0.,-0.011137226027614,-0.999937979174913));
#7058=DIRECTION('',(-1.,0.,0.));
#7059=DIRECTION('center_axis',(0.,0.509614110255061,0.860403079160542));
#7060=DIRECTION('ref_axis',(0.,0.860403079160542,-0.509614110255061));
#7061=DIRECTION('',(-1.,0.,0.));
#7062=DIRECTION('center_axis',(0.,-0.490323868919854,0.871540305188157));
#7063=DIRECTION('ref_axis',(0.,0.871540305188157,0.490323868919854));
#7064=DIRECTION('center_axis',(0.,-0.500120198686602,0.865955995917618));
#7065=DIRECTION('ref_axis',(0.,0.865955995917618,0.500120198686602));
#7066=DIRECTION('',(-1.,0.,0.));
#7067=DIRECTION('',(-1.,0.,0.));
#7068=DIRECTION('center_axis',(0.,-0.999999990367412,-0.000138799049508813));
#7069=DIRECTION('ref_axis',(0.,-0.000138799049508813,0.999999990367412));
#7070=DIRECTION('',(-1.,0.,0.));
#7071=DIRECTION('center_axis',(0.,-0.49987979168081,-0.866094794967127));
#7072=DIRECTION('ref_axis',(0.,-0.866094794967127,0.49987979168081));
#7073=DIRECTION('',(-1.,0.,0.));
#7074=DIRECTION('center_axis',(0.,0.500120198686602,-0.865955995917618));
#7075=DIRECTION('ref_axis',(0.,-0.865955995917618,-0.500120198686602));
#7076=DIRECTION('center_axis',(0.,0.49987979168081,0.866094794967127));
#7077=DIRECTION('ref_axis',(0.,0.866094794967127,-0.49987979168081));
#7078=DIRECTION('center_axis',(0.,0.,1.));
#7079=DIRECTION('ref_axis',(0.,1.,0.));
#7080=DIRECTION('',(0.,1.,0.));
#7081=DIRECTION('',(1.,0.,0.));
#7082=DIRECTION('',(0.,1.,0.));
#7083=DIRECTION('',(-1.,0.,0.));
#7084=DIRECTION('center_axis',(0.,0.,-1.));
#7085=DIRECTION('ref_axis',(0.,-1.,0.));
#7086=DIRECTION('',(0.,-1.,0.));
#7087=DIRECTION('',(1.,0.,0.));
#7088=DIRECTION('',(0.,-1.,0.));
#7089=DIRECTION('',(-1.,0.,0.));
#7090=DIRECTION('center_axis',(-1.,0.,0.));
#7091=DIRECTION('ref_axis',(0.,0.,1.));
#7092=DIRECTION('',(0.,0.,-1.));
#7093=DIRECTION('',(0.,0.,1.));
#7094=DIRECTION('center_axis',(0.,0.,-1.));
#7095=DIRECTION('ref_axis',(0.,-1.,0.));
#7096=DIRECTION('',(1.,0.,0.));
#7097=DIRECTION('',(0.,-1.,0.));
#7098=DIRECTION('',(-1.,0.,0.));
#7099=DIRECTION('',(0.,-1.,0.));
#7100=DIRECTION('center_axis',(0.,0.,1.));
#7101=DIRECTION('ref_axis',(0.,1.,0.));
#7102=DIRECTION('',(-1.,0.,0.));
#7103=DIRECTION('',(0.,1.,0.));
#7104=DIRECTION('',(1.,0.,0.));
#7105=DIRECTION('',(0.,1.,0.));
#7106=DIRECTION('center_axis',(-1.,0.,0.));
#7107=DIRECTION('ref_axis',(0.,0.,1.));
#7108=DIRECTION('',(0.,0.,-1.));
#7109=DIRECTION('',(0.,0.,1.));
#7110=DIRECTION('center_axis',(1.,0.,0.));
#7111=DIRECTION('ref_axis',(0.,0.,-1.));
#7112=DIRECTION('',(0.,0.,1.));
#7113=DIRECTION('',(0.,-1.,0.));
#7114=DIRECTION('',(0.,0.,-1.));
#7115=DIRECTION('center_axis',(1.,0.,0.));
#7116=DIRECTION('ref_axis',(0.,0.,-1.));
#7117=DIRECTION('',(0.,0.,-1.));
#7118=DIRECTION('',(0.,1.,0.));
#7119=DIRECTION('',(0.,0.,1.));
#7120=DIRECTION('center_axis',(0.,-1.,0.));
#7121=DIRECTION('ref_axis',(0.,0.,-1.));
#7122=DIRECTION('',(1.,0.,0.));
#7123=DIRECTION('',(1.,0.,0.));
#7124=DIRECTION('center_axis',(0.,-1.,0.));
#7125=DIRECTION('ref_axis',(0.,0.,-1.));
#7126=DIRECTION('',(0.,0.,-1.));
#7127=DIRECTION('',(1.,0.,0.));
#7128=DIRECTION('',(1.,0.,0.));
#7129=DIRECTION('',(0.,0.,-1.));
#7130=DIRECTION('center_axis',(1.,0.,0.));
#7131=DIRECTION('ref_axis',(0.,0.,-1.));
#7132=DIRECTION('',(0.,0.,1.));
#7133=DIRECTION('',(0.,-1.,0.));
#7134=DIRECTION('center_axis',(0.,-1.,0.));
#7135=DIRECTION('ref_axis',(0.,0.,-1.));
#7136=DIRECTION('',(1.,0.,0.));
#7137=DIRECTION('',(0.,0.,-1.));
#7138=DIRECTION('',(1.,0.,0.));
#7139=DIRECTION('center_axis',(0.,0.,1.));
#7140=DIRECTION('ref_axis',(0.,-1.,0.));
#7141=DIRECTION('',(0.,-1.,0.));
#7142=DIRECTION('',(1.,0.,0.));
#7143=DIRECTION('center_axis',(0.,1.,0.));
#7144=DIRECTION('ref_axis',(0.,0.,1.));
#7145=DIRECTION('',(0.,0.,1.));
#7146=DIRECTION('',(1.,0.,0.));
#7147=DIRECTION('center_axis',(0.,0.,-1.));
#7148=DIRECTION('ref_axis',(0.,1.,0.));
#7149=DIRECTION('',(0.,1.,0.));
#7150=DIRECTION('center_axis',(1.,0.,0.));
#7151=DIRECTION('ref_axis',(0.,0.,-1.));
#7152=DIRECTION('center_axis',(0.,0.,-1.));
#7153=DIRECTION('ref_axis',(0.,1.,0.));
#7154=DIRECTION('',(1.,0.,0.));
#7155=DIRECTION('center_axis',(0.,0.,1.));
#7156=DIRECTION('ref_axis',(0.,-1.,0.));
#7157=DIRECTION('',(1.,0.,0.));
#7158=DIRECTION('center_axis',(0.,1.,0.));
#7159=DIRECTION('ref_axis',(0.,0.,1.));
#7160=DIRECTION('center_axis',(0.,0.,1.));
#7161=DIRECTION('ref_axis',(0.,-1.,0.));
#7162=DIRECTION('',(1.,0.,0.));
#7163=DIRECTION('center_axis',(0.,1.,0.));
#7164=DIRECTION('ref_axis',(0.,0.,1.));
#7165=DIRECTION('',(0.,0.,1.));
#7166=DIRECTION('',(1.,0.,0.));
#7167=DIRECTION('center_axis',(0.,0.,-1.));
#7168=DIRECTION('ref_axis',(0.,1.,0.));
#7169=DIRECTION('',(0.,1.,0.));
#7170=DIRECTION('center_axis',(1.,0.,0.));
#7171=DIRECTION('ref_axis',(0.,0.,-1.));
#7172=DIRECTION('center_axis',(0.,-1.,0.));
#7173=DIRECTION('ref_axis',(0.,0.,-1.));
#7174=DIRECTION('',(1.,0.,0.));
#7175=DIRECTION('',(0.,0.,-1.));
#7176=DIRECTION('',(1.,0.,0.));
#7177=DIRECTION('center_axis',(0.,0.,1.));
#7178=DIRECTION('ref_axis',(0.,-1.,0.));
#7179=DIRECTION('',(0.,-1.,0.));
#7180=DIRECTION('',(1.,0.,0.));
#7181=DIRECTION('center_axis',(0.,1.,0.));
#7182=DIRECTION('ref_axis',(0.,0.,1.));
#7183=DIRECTION('',(0.,0.,1.));
#7184=DIRECTION('',(1.,0.,0.));
#7185=DIRECTION('center_axis',(0.,0.,-1.));
#7186=DIRECTION('ref_axis',(0.,1.,0.));
#7187=DIRECTION('',(0.,1.,0.));
#7188=DIRECTION('center_axis',(1.,0.,0.));
#7189=DIRECTION('ref_axis',(0.,0.,-1.));
#7190=DIRECTION('center_axis',(1.,0.,0.));
#7191=DIRECTION('ref_axis',(0.,1.,0.));
#7192=DIRECTION('',(0.,0.,1.));
#7193=DIRECTION('',(0.,1.,0.));
#7194=DIRECTION('',(0.,0.,1.));
#7195=DIRECTION('center_axis',(0.,-1.,0.));
#7196=DIRECTION('ref_axis',(1.,0.,0.));
#7197=DIRECTION('',(1.,0.,0.));
#7198=DIRECTION('',(0.,0.,1.));
#7199=DIRECTION('center_axis',(-1.,0.,0.));
#7200=DIRECTION('ref_axis',(0.,-1.,0.));
#7201=DIRECTION('',(0.,-1.,0.));
#7202=DIRECTION('',(0.,0.,1.));
#7203=DIRECTION('center_axis',(0.,1.,0.));
#7204=DIRECTION('ref_axis',(-1.,0.,0.));
#7205=DIRECTION('',(-1.,0.,0.));
#7206=DIRECTION('center_axis',(0.,0.,1.));
#7207=DIRECTION('ref_axis',(1.,0.,0.));
#7208=DIRECTION('center_axis',(0.,-1.,0.));
#7209=DIRECTION('ref_axis',(1.,0.,0.));
#7210=DIRECTION('',(0.,0.,-1.));
#7211=DIRECTION('',(1.,0.,0.));
#7212=DIRECTION('center_axis',(0.,-1.,0.));
#7213=DIRECTION('ref_axis',(1.,0.,0.));
#7214=DIRECTION('',(0.,0.,1.));
#7215=DIRECTION('center_axis',(7.76101006379255E-7,-0.999999999999699,0.));
#7216=DIRECTION('ref_axis',(0.999999999999699,7.76101006379254E-7,0.));
#7217=DIRECTION('center_axis',(0.,0.,1.));
#7218=DIRECTION('ref_axis',(1.,0.,0.));
#7219=DIRECTION('',(0.,-1.,0.));
#7220=DIRECTION('',(-1.,0.,0.));
#7221=DIRECTION('center_axis',(0.,0.,-1.));
#7222=DIRECTION('ref_axis',(1.,0.,0.));
#7223=DIRECTION('center_axis',(0.,0.,-1.));
#7224=DIRECTION('ref_axis',(1.,0.,0.));
#7225=DIRECTION('',(0.,0.,-1.));
#7226=DIRECTION('center_axis',(0.,0.,-1.));
#7227=DIRECTION('ref_axis',(1.,0.,0.));
#7228=DIRECTION('center_axis',(0.,0.,-1.));
#7229=DIRECTION('ref_axis',(1.,0.,0.));
#7230=DIRECTION('center_axis',(0.,0.,1.));
#7231=DIRECTION('ref_axis',(1.,0.,0.));
#7232=DIRECTION('',(1.,0.,0.));
#7233=DIRECTION('',(0.,1.,0.));
#7234=DIRECTION('',(-1.,0.,0.));
#7235=DIRECTION('',(-0.78086880944303,0.624695047554424,0.));
#7236=DIRECTION('',(0.,1.,0.));
#7237=DIRECTION('',(-1.,0.,0.));
#7238=DIRECTION('',(0.,-1.,0.));
#7239=DIRECTION('center_axis',(-1.,0.,0.));
#7240=DIRECTION('ref_axis',(0.,1.,0.));
#7241=DIRECTION('center_axis',(-1.,0.,0.));
#7242=DIRECTION('ref_axis',(0.,1.,0.));
#7243=DIRECTION('',(-1.,0.,0.));
#7244=DIRECTION('center_axis',(-1.,0.,0.));
#7245=DIRECTION('ref_axis',(0.,1.,0.));
#7246=DIRECTION('center_axis',(-1.,0.,0.));
#7247=DIRECTION('ref_axis',(0.,1.,0.));
#7248=DIRECTION('center_axis',(-1.,0.,0.));
#7249=DIRECTION('ref_axis',(0.,1.,0.));
#7250=DIRECTION('center_axis',(-1.,0.,0.));
#7251=DIRECTION('ref_axis',(0.,1.,0.));
#7252=DIRECTION('',(-1.,0.,0.));
#7253=DIRECTION('center_axis',(-1.,0.,0.));
#7254=DIRECTION('ref_axis',(0.,1.,0.));
#7255=DIRECTION('center_axis',(-1.,0.,0.));
#7256=DIRECTION('ref_axis',(0.,1.,0.));
#7257=DIRECTION('center_axis',(-1.,0.,0.));
#7258=DIRECTION('ref_axis',(0.,1.,0.));
#7259=DIRECTION('center_axis',(-1.,0.,0.));
#7260=DIRECTION('ref_axis',(0.,1.,0.));
#7261=DIRECTION('',(-1.,0.,0.));
#7262=DIRECTION('center_axis',(-1.,0.,0.));
#7263=DIRECTION('ref_axis',(0.,1.,0.));
#7264=DIRECTION('center_axis',(-1.,0.,0.));
#7265=DIRECTION('ref_axis',(0.,1.,0.));
#7266=DIRECTION('center_axis',(-1.,0.,0.));
#7267=DIRECTION('ref_axis',(0.,1.,0.));
#7268=DIRECTION('center_axis',(-1.,0.,0.));
#7269=DIRECTION('ref_axis',(0.,1.,0.));
#7270=DIRECTION('',(-1.,0.,0.));
#7271=DIRECTION('center_axis',(-1.,0.,0.));
#7272=DIRECTION('ref_axis',(0.,1.,0.));
#7273=DIRECTION('center_axis',(-1.,0.,0.));
#7274=DIRECTION('ref_axis',(0.,1.,0.));
#7275=DIRECTION('center_axis',(1.,0.,0.));
#7276=DIRECTION('ref_axis',(0.,1.,0.));
#7277=DIRECTION('center_axis',(1.,0.,0.));
#7278=DIRECTION('ref_axis',(0.,1.,0.));
#7279=DIRECTION('',(-1.,0.,0.));
#7280=DIRECTION('center_axis',(1.,0.,0.));
#7281=DIRECTION('ref_axis',(0.,1.,0.));
#7282=DIRECTION('center_axis',(1.,0.,0.));
#7283=DIRECTION('ref_axis',(0.,1.,0.));
#7284=DIRECTION('center_axis',(1.,0.,0.));
#7285=DIRECTION('ref_axis',(0.,1.,0.));
#7286=DIRECTION('',(-1.,0.,0.));
#7287=DIRECTION('center_axis',(1.,0.,0.));
#7288=DIRECTION('ref_axis',(0.,1.,0.));
#7289=DIRECTION('center_axis',(1.,0.,0.));
#7290=DIRECTION('ref_axis',(0.,1.,0.));
#7291=DIRECTION('center_axis',(1.,0.,0.));
#7292=DIRECTION('ref_axis',(0.,1.,0.));
#7293=DIRECTION('',(-1.,0.,0.));
#7294=DIRECTION('center_axis',(1.,0.,0.));
#7295=DIRECTION('ref_axis',(0.,1.,0.));
#7296=DIRECTION('center_axis',(1.,0.,0.));
#7297=DIRECTION('ref_axis',(0.,1.,0.));
#7298=DIRECTION('center_axis',(1.,0.,0.));
#7299=DIRECTION('ref_axis',(0.,1.,0.));
#7300=DIRECTION('',(-1.,0.,0.));
#7301=DIRECTION('center_axis',(1.,0.,0.));
#7302=DIRECTION('ref_axis',(0.,1.,0.));
#7303=DIRECTION('center_axis',(0.,0.548356962220241,0.836244367385867));
#7304=DIRECTION('ref_axis',(1.25887150786493E-16,-0.836244367385867,0.548356962220241));
#7305=DIRECTION('',(1.,0.,0.));
#7306=DIRECTION('',(-1.25887150786493E-16,0.836244367385867,-0.548356962220241));
#7307=DIRECTION('center_axis',(0.,-1.,0.));
#7308=DIRECTION('ref_axis',(0.,0.,-1.));
#7309=DIRECTION('',(0.,0.,-1.));
#7310=DIRECTION('center_axis',(1.,0.,0.));
#7311=DIRECTION('ref_axis',(0.,1.,0.));
#7312=DIRECTION('',(-2.96059468821745E-16,0.,1.));
#7313=DIRECTION('center_axis',(-1.,0.,0.));
#7314=DIRECTION('ref_axis',(0.,1.,0.));
#7315=DIRECTION('',(0.,0.,-1.));
#7316=DIRECTION('center_axis',(-1.,0.,0.));
#7317=DIRECTION('ref_axis',(0.,-1.,0.));
#7318=DIRECTION('',(0.,0.,1.));
#7319=DIRECTION('center_axis',(-8.11385605007964E-10,1.,0.));
#7320=DIRECTION('ref_axis',(-1.,-8.11385605007964E-10,0.));
#7321=DIRECTION('center_axis',(8.11385605007964E-10,-1.,0.));
#7322=DIRECTION('ref_axis',(0.,0.,1.));
#7323=DIRECTION('center_axis',(8.11385605007964E-10,-1.,0.));
#7324=DIRECTION('ref_axis',(0.,0.,1.));
#7325=DIRECTION('center_axis',(8.11385605007964E-10,-1.,0.));
#7326=DIRECTION('ref_axis',(0.,0.,1.));
#7327=DIRECTION('center_axis',(8.11385605007964E-10,-1.,0.));
#7328=DIRECTION('ref_axis',(0.,0.,1.));
#7329=DIRECTION('',(-1.,-8.11385605007964E-10,0.));
#7330=DIRECTION('',(0.,0.,-1.));
#7331=DIRECTION('',(1.,8.11385605007964E-10,0.));
#7332=DIRECTION('',(0.,0.,1.));
#7333=DIRECTION('center_axis',(0.,-1.,0.));
#7334=DIRECTION('ref_axis',(0.,0.,-1.));
#7335=DIRECTION('',(-1.,0.,0.));
#7336=DIRECTION('center_axis',(0.,0.,1.));
#7337=DIRECTION('ref_axis',(1.,0.,0.));
#7338=DIRECTION('center_axis',(8.11385605007964E-10,-1.,0.));
#7339=DIRECTION('ref_axis',(0.,0.,1.));
#7340=DIRECTION('',(8.11385605007964E-10,-1.,0.));
#7341=DIRECTION('center_axis',(8.11385605007964E-10,-1.,0.));
#7342=DIRECTION('ref_axis',(0.,0.,1.));
#7343=DIRECTION('center_axis',(8.11385605007964E-10,-1.,0.));
#7344=DIRECTION('ref_axis',(0.,0.,1.));
#7345=DIRECTION('center_axis',(8.11385605007964E-10,-1.,0.));
#7346=DIRECTION('ref_axis',(0.,0.,1.));
#7347=DIRECTION('',(8.11385605007964E-10,-1.,0.));
#7348=DIRECTION('center_axis',(8.11385605007964E-10,-1.,0.));
#7349=DIRECTION('ref_axis',(0.,0.,1.));
#7350=DIRECTION('center_axis',(8.11385605007964E-10,-1.,0.));
#7351=DIRECTION('ref_axis',(0.,0.,1.));
#7352=DIRECTION('center_axis',(8.11385605007964E-10,-1.,0.));
#7353=DIRECTION('ref_axis',(0.,0.,1.));
#7354=DIRECTION('',(8.11385605007964E-10,-1.,0.));
#7355=DIRECTION('center_axis',(8.11385605007964E-10,-1.,0.));
#7356=DIRECTION('ref_axis',(0.,0.,1.));
#7357=DIRECTION('center_axis',(8.11385605007964E-10,-1.,0.));
#7358=DIRECTION('ref_axis',(0.,0.,1.));
#7359=DIRECTION('center_axis',(8.11385605007964E-10,-1.,0.));
#7360=DIRECTION('ref_axis',(0.,0.,1.));
#7361=DIRECTION('',(8.11385605007964E-10,-1.,0.));
#7362=DIRECTION('center_axis',(8.11385605007964E-10,-1.,0.));
#7363=DIRECTION('ref_axis',(0.,0.,1.));
#7364=DIRECTION('center_axis',(8.11385605007964E-10,-1.,0.));
#7365=DIRECTION('ref_axis',(0.,0.,1.));
#7366=DIRECTION('center_axis',(1.,0.,0.));
#7367=DIRECTION('ref_axis',(0.,0.,-1.));
#7368=DIRECTION('',(0.,1.,0.));
#7369=DIRECTION('',(0.,0.,-1.));
#7370=DIRECTION('',(0.,1.,0.));
#7371=DIRECTION('center_axis',(0.,0.,-1.));
#7372=DIRECTION('ref_axis',(-1.,0.,0.));
#7373=DIRECTION('',(0.,1.,0.));
#7374=DIRECTION('',(-1.,0.,0.));
#7375=DIRECTION('center_axis',(0.,0.,1.));
#7376=DIRECTION('ref_axis',(1.,0.,0.));
#7377=DIRECTION('',(1.,0.,0.));
#7378=DIRECTION('',(0.,1.,0.));
#7379=DIRECTION('center_axis',(-1.,0.,0.));
#7380=DIRECTION('ref_axis',(0.,0.,1.));
#7381=DIRECTION('',(0.,0.,1.));
#7382=DIRECTION('center_axis',(0.624695047554424,0.78086880944303,0.));
#7383=DIRECTION('ref_axis',(-0.78086880944303,0.624695047554424,0.));
#7384=DIRECTION('',(0.,0.,1.));
#7385=DIRECTION('',(0.,0.,1.));
#7386=DIRECTION('center_axis',(0.,1.,0.));
#7387=DIRECTION('ref_axis',(-1.,0.,0.));
#7388=DIRECTION('',(0.,0.,1.));
#7389=DIRECTION('center_axis',(1.,0.,0.));
#7390=DIRECTION('ref_axis',(0.,1.,0.));
#7391=DIRECTION('',(0.,0.,1.));
#7392=DIRECTION('center_axis',(0.,-1.,0.));
#7393=DIRECTION('ref_axis',(1.,0.,0.));
#7394=DIRECTION('',(0.,0.,1.));
#7395=DIRECTION('center_axis',(-1.,0.,0.));
#7396=DIRECTION('ref_axis',(0.,-1.,0.));
#7397=DIRECTION('',(0.,0.,1.));
#7398=DIRECTION('center_axis',(0.,1.,0.));
#7399=DIRECTION('ref_axis',(-1.,0.,0.));
#7400=DIRECTION('',(0.,0.,1.));
#7401=DIRECTION('center_axis',(1.,0.,0.));
#7402=DIRECTION('ref_axis',(0.,1.,0.));
#7403=DIRECTION('center_axis',(0.,1.,0.));
#7404=DIRECTION('ref_axis',(-1.,0.,0.));
#7405=DIRECTION('center_axis',(0.,-1.,0.));
#7406=DIRECTION('ref_axis',(1.,0.,0.));
#7407=CARTESIAN_POINT('',(0.,0.,0.));
#7408=CARTESIAN_POINT('Origin',(4.,4.,0.));
#7409=CARTESIAN_POINT('',(7.5852010117405E-33,4.,0.));
#7410=CARTESIAN_POINT('',(4.,0.,0.));
#7411=CARTESIAN_POINT('Origin',(4.,4.,0.));
#7412=CARTESIAN_POINT('',(4.,0.,3.));
#7413=CARTESIAN_POINT('',(4.,0.,0.));
#7414=CARTESIAN_POINT('',(0.,4.00000005960464,3.00000004470348));
#7415=CARTESIAN_POINT('Origin',(4.,4.,3.));
#7416=CARTESIAN_POINT('',(0.,4.,0.));
#7417=CARTESIAN_POINT('Origin',(60.,32.5,0.));
#7418=CARTESIAN_POINT('',(1.15674315429043E-31,61.,0.));
#7419=CARTESIAN_POINT('',(1.23259516440783E-31,65.,0.));
#7420=CARTESIAN_POINT('',(4.,65.,0.));
#7421=CARTESIAN_POINT('Origin',(4.,61.,0.));
#7422=CARTESIAN_POINT('',(116.,65.,0.));
#7423=CARTESIAN_POINT('',(120.,65.,0.));
#7424=CARTESIAN_POINT('',(120.,61.,0.));
#7425=CARTESIAN_POINT('Origin',(116.,61.,0.));
#7426=CARTESIAN_POINT('',(120.,4.,0.));
#7427=CARTESIAN_POINT('',(120.,0.,0.));
#7428=CARTESIAN_POINT('',(116.,0.,0.));
#7429=CARTESIAN_POINT('Origin',(116.,4.,0.));
#7430=CARTESIAN_POINT('',(0.,0.,0.));
#7431=CARTESIAN_POINT('Origin',(1.23259516440783E-31,65.,0.));
#7432=CARTESIAN_POINT('',(0.,4.00000005960464,73.0000010877848));
#7433=CARTESIAN_POINT('',(0.,4.00000005960464,73.0000010877848));
#7434=CARTESIAN_POINT('',(0.,61.,35.6229519465419));
#7435=CARTESIAN_POINT('',(0.,65.0000009685755,33.0000004917383));
#7436=CARTESIAN_POINT('',(0.,61.,0.));
#7437=CARTESIAN_POINT('Origin',(4.00097780126177,4.,1.5));
#7438=CARTESIAN_POINT('',(4.00097780126178,0.,72.87));
#7439=CARTESIAN_POINT('',(0.000977801261774491,4.00000005960464,72.87));
#7440=CARTESIAN_POINT('Origin',(4.00097780126177,4.,72.87));
#7441=CARTESIAN_POINT('',(0.000977801261774491,4.00000005960464,3.00000004470348));
#7442=CARTESIAN_POINT('',(0.000977801261774491,4.00000005960464,38.0000005438924));
#7443=CARTESIAN_POINT('Origin',(4.00097780126177,4.,3.));
#7444=CARTESIAN_POINT('',(4.00097780126177,0.,3.));
#7445=CARTESIAN_POINT('',(0.,0.,3.));
#7446=CARTESIAN_POINT('',(4.00097780126177,0.,1.5));
#7447=CARTESIAN_POINT('Origin',(60.0004897947006,2.1,72.87));
#7448=CARTESIAN_POINT('',(116.,0.,72.87));
#7449=CARTESIAN_POINT('',(30.0002448973503,0.,72.87));
#7450=CARTESIAN_POINT('',(120.,4.,72.87));
#7451=CARTESIAN_POINT('Origin',(116.,4.,72.87));
#7452=CARTESIAN_POINT('',(120.000001788139,4.2,72.87));
#7453=CARTESIAN_POINT('',(120.,1.05,72.87));
#7454=CARTESIAN_POINT('',(0.000977801261772271,4.19999990263452,72.87));
#7455=CARTESIAN_POINT('',(90.000245790568,4.19999997565863,72.87));
#7456=CARTESIAN_POINT('',(0.000977801261774491,4.19825171847641,72.87));
#7457=CARTESIAN_POINT('',(0.000977801261776712,3.14999995131726,72.87));
#7458=CARTESIAN_POINT('',(0.000977801261774491,4.19999990263452,72.87));
#7459=CARTESIAN_POINT('Origin',(4.,61.,0.));
#7460=CARTESIAN_POINT('',(2.5,64.7080992435478,32.));
#7461=CARTESIAN_POINT('',(4.,65.,32.));
#7462=CARTESIAN_POINT('Origin',(4.,61.,32.));
#7463=CARTESIAN_POINT('',(4.,65.,0.));
#7464=CARTESIAN_POINT('',(2.5,64.7080992435478,33.1914114589696));
#7465=CARTESIAN_POINT('Origin',(4.,61.,35.6229519465419));
#7466=CARTESIAN_POINT('',(2.5,64.7080992435478,0.));
#7467=CARTESIAN_POINT('Origin',(2.5,34.5000005140901,38.0000005662441));
#7468=CARTESIAN_POINT('',(2.5,4.19999990466219,72.8688536484028));
#7469=CARTESIAN_POINT('',(2.5,65.0000009685755,33.0000004917383));
#7470=CARTESIAN_POINT('',(2.5,4.19999990466219,3.00000004470348));
#7471=CARTESIAN_POINT('',(2.5,4.19999990466219,20.5000002831221));
#7472=CARTESIAN_POINT('',(2.5,62.4999986030161,3.));
#7473=CARTESIAN_POINT('',(2.5,33.500000257045,3.));
#7474=CARTESIAN_POINT('',(2.5,62.4999986030161,32.));
#7475=CARTESIAN_POINT('',(2.5,62.4999986030161,20.5000002831221));
#7476=CARTESIAN_POINT('',(2.5,49.1249999077991,32.));
#7477=CARTESIAN_POINT('Origin',(0.,65.0000009685755,33.0000004917383));
#7478=CARTESIAN_POINT('',(0.000977801261774491,4.00000005960464,73.0000010877848));
#7479=CARTESIAN_POINT('',(0.,4.00000005960464,73.0000010877848));
#7480=CARTESIAN_POINT('',(0.000977801261774491,50.6195459068836,42.4298070895691));
#7481=CARTESIAN_POINT('',(0.000977801261772271,4.19999990263452,72.8688536497324));
#7482=CARTESIAN_POINT('',(0.000977801261774491,50.6195459068836,42.4298070895691));
#7483=CARTESIAN_POINT('',(60.0000009479291,4.19999995131686,72.8688536178095));
#7484=CARTESIAN_POINT('Origin',(116.,61.,0.));
#7485=CARTESIAN_POINT('',(120.,61.0002412423754,29.2683660681998));
#7486=CARTESIAN_POINT('',(120.,61.,29.2682267422002));
#7487=CARTESIAN_POINT('Origin',(116.,61.,29.2682267422002));
#7488=CARTESIAN_POINT('',(120.,61.,0.));
#7489=CARTESIAN_POINT('',(116.,65.,32.));
#7490=CARTESIAN_POINT('',(116.,65.,0.));
#7491=CARTESIAN_POINT('',(117.5,64.7080992435478,32.));
#7492=CARTESIAN_POINT('Origin',(116.,61.,32.));
#7493=CARTESIAN_POINT('',(117.5,64.7080992435478,33.1914114589696));
#7494=CARTESIAN_POINT('',(117.5,64.7080992435478,0.));
#7495=CARTESIAN_POINT('',(120.,61.,35.6229519465419));
#7496=CARTESIAN_POINT('Origin',(116.,61.,35.6229519465419));
#7497=CARTESIAN_POINT('',(120.,61.,31.0064354131639));
#7498=CARTESIAN_POINT('',(120.,61.,0.));
#7499=CARTESIAN_POINT('',(119.999999992775,61.0000008353696,31.0004168590845));
#7500=CARTESIAN_POINT('Origin',(120.,60.9997604283638,32.7324676499693));
#7501=CARTESIAN_POINT('',(120.,60.9997604283638,32.7324676499693));
#7502=CARTESIAN_POINT('',(120.,61.0020314584553,16.3704674946261));
#7503=CARTESIAN_POINT('',(117.5,60.9997604283638,32.7324676499693));
#7504=CARTESIAN_POINT('',(120.,60.9997604283638,32.7324676499693));
#7505=CARTESIAN_POINT('',(117.5,61.0002412423754,29.2683660681998));
#7506=CARTESIAN_POINT('',(117.5,60.9993991605732,35.3352793289323));
#7507=CARTESIAN_POINT('',(120.,61.0002412423754,29.2683660681998));
#7508=CARTESIAN_POINT('Origin',(120.,0.,0.));
#7509=CARTESIAN_POINT('',(120.,4.19999990466219,72.8688536484028));
#7510=CARTESIAN_POINT('',(120.,65.0000009685755,33.0000004917383));
#7511=CARTESIAN_POINT('',(120.000001788139,4.2,3.));
#7512=CARTESIAN_POINT('',(120.,4.,0.));
#7513=CARTESIAN_POINT('',(120.,58.0004816782789,27.5358988801665));
#7514=CARTESIAN_POINT('',(120.,31.7910147948216,12.3990052654573));
#7515=CARTESIAN_POINT('',(120.,55.0002413001709,29.2675332739027));
#7516=CARTESIAN_POINT('',(120.,42.2075566654925,36.6510258977836));
#7517=CARTESIAN_POINT('',(120.,54.9997604861593,32.7316348556722));
#7518=CARTESIAN_POINT('',(120.,55.0022719232566,14.6375839094443));
#7519=CARTESIAN_POINT('',(120.,57.9995200502558,34.4641020437055));
#7520=CARTESIAN_POINT('',(120.,27.2904138206538,16.7285076469463));
#7521=CARTESIAN_POINT('',(120.,43.7067152265233,42.7134118644544));
#7522=CARTESIAN_POINT('',(120.,51.0000008046627,4.50000006705523));
#7523=CARTESIAN_POINT('',(120.,54.0000008046627,7.50000015646219));
#7524=CARTESIAN_POINT('Origin',(120.,51.0000008046627,7.50000006705523));
#7525=CARTESIAN_POINT('',(120.,41.0000005662441,4.50000006705523));
#7526=CARTESIAN_POINT('',(120.,27.0000004023314,4.50000006705523));
#7527=CARTESIAN_POINT('',(120.,38.0000005662441,7.50000006705523));
#7528=CARTESIAN_POINT('Origin',(120.,41.0000005662441,7.50000006705523));
#7529=CARTESIAN_POINT('',(120.,41.0000005662441,10.5000001564622));
#7530=CARTESIAN_POINT('Origin',(120.,41.0000005662441,7.50000015646219));
#7531=CARTESIAN_POINT('',(120.,51.0000008046627,10.5000001564622));
#7532=CARTESIAN_POINT('',(120.,19.0000002831221,10.5000001564622));
#7533=CARTESIAN_POINT('Origin',(120.,51.0000008046627,7.50000015646219));
#7534=CARTESIAN_POINT('',(120.,18.0191050282261,26.6985321085972));
#7535=CARTESIAN_POINT('',(120.,17.9805245455557,23.2346453398998));
#7536=CARTESIAN_POINT('',(120.,17.8693229306428,13.25058666844));
#7537=CARTESIAN_POINT('',(120.,14.9614203666958,21.536113633634));
#7538=CARTESIAN_POINT('',(120.,6.18716663604426,16.5997658703843));
#7539=CARTESIAN_POINT('',(120.,11.9808966705063,23.3014686960655));
#7540=CARTESIAN_POINT('',(120.,14.145007647336,22.0196723884252));
#7541=CARTESIAN_POINT('',(120.,12.0194771531767,26.7653554647629));
#7542=CARTESIAN_POINT('',(120.,11.8504048142581,11.585466640257));
#7543=CARTESIAN_POINT('',(120.,15.0385813320366,28.4638871710287));
#7544=CARTESIAN_POINT('',(120.,1.73567133309518,20.9797418483803));
#7545=CARTESIAN_POINT('',(120.,15.7124304607716,28.0647683946043));
#7546=CARTESIAN_POINT('',(120.,24.6857716948928,26.6985321085972));
#7547=CARTESIAN_POINT('',(120.,24.6471912122224,23.2346453398998));
#7548=CARTESIAN_POINT('',(120.,24.5355761379642,13.2134648841478));
#7549=CARTESIAN_POINT('',(120.,21.6280870333624,21.536113633634));
#7550=CARTESIAN_POINT('',(120.,10.3218916241527,15.1753091558528));
#7551=CARTESIAN_POINT('',(120.,18.6475633371729,23.3014686960655));
#7552=CARTESIAN_POINT('',(120.,18.3440294519062,23.481250887249));
#7553=CARTESIAN_POINT('',(120.,18.6861438198433,26.7653554647629));
#7554=CARTESIAN_POINT('',(120.,18.5166580215795,11.5483448559648));
#7555=CARTESIAN_POINT('',(120.,21.7052479987033,28.4638871710287));
#7556=CARTESIAN_POINT('',(120.,5.87039632120363,19.5552851338488));
#7557=CARTESIAN_POINT('',(120.,19.9114522653418,29.526346893428));
#7558=CARTESIAN_POINT('',(120.,31.3524383615595,26.6985321085972));
#7559=CARTESIAN_POINT('',(120.,31.3138578788891,23.2346453398998));
#7560=CARTESIAN_POINT('',(120.,31.2018293452855,13.1763430998556));
#7561=CARTESIAN_POINT('',(120.,28.2947537000291,21.536113633634));
#7562=CARTESIAN_POINT('',(120.,14.4566166122612,13.7508524413213));
#7563=CARTESIAN_POINT('',(120.,25.3142300038396,23.3014686960655));
#7564=CARTESIAN_POINT('',(120.,22.5430512564764,24.9428293860727));
#7565=CARTESIAN_POINT('',(120.,25.35281048651,26.7653554647629));
#7566=CARTESIAN_POINT('',(120.,25.1829112289009,11.5112230716726));
#7567=CARTESIAN_POINT('',(120.,28.3719146653699,28.4638871710287));
#7568=CARTESIAN_POINT('',(120.,10.0051213093121,18.1308284193173));
#7569=CARTESIAN_POINT('',(120.,24.110474069912,30.9879253922517));
#7570=CARTESIAN_POINT('',(120.,38.0191050282261,26.6985321085972));
#7571=CARTESIAN_POINT('',(120.,37.9805245455557,23.2346453398998));
#7572=CARTESIAN_POINT('',(120.,37.8680825526069,13.1392213155633));
#7573=CARTESIAN_POINT('',(120.,34.9614203666958,21.536113633634));
#7574=CARTESIAN_POINT('',(120.,18.5913416003696,12.3263957267898));
#7575=CARTESIAN_POINT('',(120.,31.9808966705063,23.3014686960655));
#7576=CARTESIAN_POINT('',(120.,26.7420730610466,26.4044078848964));
#7577=CARTESIAN_POINT('',(120.,32.0194771531767,26.7653554647629));
#7578=CARTESIAN_POINT('',(120.,31.8491644362222,11.4741012873803));
#7579=CARTESIAN_POINT('',(120.,35.0385813320366,28.4638871710287));
#7580=CARTESIAN_POINT('',(120.,14.1398462974205,16.7063717047858));
#7581=CARTESIAN_POINT('',(120.,28.3094958744821,32.4495038910754));
#7582=CARTESIAN_POINT('',(120.,44.6857716948928,26.6985321085972));
#7583=CARTESIAN_POINT('',(120.,44.6471912122224,23.2346453398998));
#7584=CARTESIAN_POINT('',(120.,44.5343357599283,13.1020995312711));
#7585=CARTESIAN_POINT('',(120.,41.6280870333624,21.536113633634));
#7586=CARTESIAN_POINT('',(120.,22.726066588478,10.9019390122583));
#7587=CARTESIAN_POINT('',(120.,38.6475633371729,23.3014686960655));
#7588=CARTESIAN_POINT('',(120.,30.9410948656168,27.8659863837201));
#7589=CARTESIAN_POINT('',(120.,38.6861438198433,26.7653554647629));
#7590=CARTESIAN_POINT('',(120.,38.5154176435436,11.4369795030881));
#7591=CARTESIAN_POINT('',(120.,41.7052479987033,28.4638871710287));
#7592=CARTESIAN_POINT('',(120.,18.274571285529,15.2819149902543));
#7593=CARTESIAN_POINT('',(120.,32.5085176790523,33.9110823898991));
#7594=CARTESIAN_POINT('',(120.,51.3524383615595,26.6985321085972));
#7595=CARTESIAN_POINT('',(120.,51.3138578788891,23.2346453398998));
#7596=CARTESIAN_POINT('',(120.,51.2005889672496,13.0649777469789));
#7597=CARTESIAN_POINT('',(120.,48.2947537000291,21.536113633634));
#7598=CARTESIAN_POINT('',(120.,26.8607915765865,9.47748229772682));
#7599=CARTESIAN_POINT('',(120.,45.3142300038396,23.3014686960655));
#7600=CARTESIAN_POINT('',(120.,35.140116670187,29.3275648825438));
#7601=CARTESIAN_POINT('',(120.,45.35281048651,26.7653554647629));
#7602=CARTESIAN_POINT('',(120.,45.181670850865,11.3998577187959));
#7603=CARTESIAN_POINT('',(120.,48.3719146653699,28.4638871710287));
#7604=CARTESIAN_POINT('',(120.,22.4092962736374,13.8574582757228));
#7605=CARTESIAN_POINT('',(120.,36.7075394836225,35.3726608887228));
#7606=CARTESIAN_POINT('',(120.,58.0191050282261,26.6985321085972));
#7607=CARTESIAN_POINT('',(120.,57.9805245455557,23.2346453398998));
#7608=CARTESIAN_POINT('',(120.,57.866842174571,13.0278559626867));
#7609=CARTESIAN_POINT('',(120.,54.9614203666958,21.536113633634));
#7610=CARTESIAN_POINT('',(120.,30.9955165646949,8.05302558319533));
#7611=CARTESIAN_POINT('',(120.,51.9808966705063,23.3014686960655));
#7612=CARTESIAN_POINT('',(120.,39.3391384747572,30.7891433813675));
#7613=CARTESIAN_POINT('',(120.,52.0194771531767,26.7653554647629));
#7614=CARTESIAN_POINT('',(120.,51.8479240581863,11.3627359345037));
#7615=CARTESIAN_POINT('',(120.,55.0385813320366,28.4638871710287));
#7616=CARTESIAN_POINT('',(120.,26.5440212617459,12.4330015611913));
#7617=CARTESIAN_POINT('',(120.,40.9065612881927,36.8342393875466));
#7618=CARTESIAN_POINT('',(120.,54.3335745757087,29.2683660681998));
#7619=CARTESIAN_POINT('',(120.,51.3338150116123,27.5358988801665));
#7620=CARTESIAN_POINT('',(120.,27.6239474177072,13.8426122145645));
#7621=CARTESIAN_POINT('',(120.,48.3335746335042,29.2675332739027));
#7622=CARTESIAN_POINT('',(120.,38.0412906450563,35.2078816121702));
#7623=CARTESIAN_POINT('',(120.,48.3330938194926,32.7316348556722));
#7624=CARTESIAN_POINT('',(120.,48.3356053208072,14.6371212459504));
#7625=CARTESIAN_POINT('',(120.,51.3328533835891,34.4641020437055));
#7626=CARTESIAN_POINT('',(120.,23.1233464435394,18.1721145960536));
#7627=CARTESIAN_POINT('',(120.,54.3330937616971,32.7324676499693));
#7628=CARTESIAN_POINT('',(120.,39.5404492060871,41.2702675788411));
#7629=CARTESIAN_POINT('',(120.,54.3353648560059,16.3700048311322));
#7630=CARTESIAN_POINT('',(120.,47.666907909042,29.2683660681998));
#7631=CARTESIAN_POINT('',(120.,44.6671483449456,27.5358988801665));
#7632=CARTESIAN_POINT('',(120.,23.4568800405928,15.2862191636718));
#7633=CARTESIAN_POINT('',(120.,41.6669079668376,29.2675332739027));
#7634=CARTESIAN_POINT('',(120.,33.8750246246201,33.7647373265569));
#7635=CARTESIAN_POINT('',(120.,41.666427152826,32.7316348556722));
#7636=CARTESIAN_POINT('',(120.,41.6689387183578,14.6366585824565));
#7637=CARTESIAN_POINT('',(120.,44.6661867169224,34.4641020437055));
#7638=CARTESIAN_POINT('',(120.,18.9562790664249,19.6157215451608));
#7639=CARTESIAN_POINT('',(120.,47.6664270950305,32.7324676499693));
#7640=CARTESIAN_POINT('',(120.,35.374183185651,39.8271232932278));
#7641=CARTESIAN_POINT('',(120.,47.6686982535565,16.3695421676383));
#7642=CARTESIAN_POINT('',(120.,41.0002412423754,29.2683660681998));
#7643=CARTESIAN_POINT('',(120.,38.0004816782789,27.5358988801665));
#7644=CARTESIAN_POINT('',(120.,19.2898126634784,16.729826112779));
#7645=CARTESIAN_POINT('',(120.,35.0002413001709,29.2675332739027));
#7646=CARTESIAN_POINT('',(120.,29.708758604184,32.3215930409435));
#7647=CARTESIAN_POINT('',(120.,34.9997604861593,32.7316348556722));
#7648=CARTESIAN_POINT('',(120.,35.0022721159084,14.6361959189626));
#7649=CARTESIAN_POINT('',(120.,37.9995200502558,34.4641020437055));
#7650=CARTESIAN_POINT('',(120.,14.7892116893105,21.0593284942681));
#7651=CARTESIAN_POINT('',(120.,40.9997604283638,32.7324676499693));
#7652=CARTESIAN_POINT('',(120.,31.2079171652148,38.3839790076144));
#7653=CARTESIAN_POINT('',(120.,41.0020316511071,16.3690795041444));
#7654=CARTESIAN_POINT('',(120.,34.3335745757087,29.2683660681998));
#7655=CARTESIAN_POINT('',(120.,31.3338150116123,27.5358988801665));
#7656=CARTESIAN_POINT('',(120.,15.1227452863639,18.1734330618862));
#7657=CARTESIAN_POINT('',(120.,28.3335746335042,29.2675332739027));
#7658=CARTESIAN_POINT('',(120.,25.5424925837478,30.8784487553302));
#7659=CARTESIAN_POINT('',(120.,28.3330938194927,32.7316348556722));
#7660=CARTESIAN_POINT('',(120.,28.335605513459,14.6357332554687));
#7661=CARTESIAN_POINT('',(120.,31.3328533835891,34.4641020437055));
#7662=CARTESIAN_POINT('',(120.,10.6221443121961,22.5029354433753));
#7663=CARTESIAN_POINT('',(120.,34.3330937616971,32.7324676499693));
#7664=CARTESIAN_POINT('',(120.,27.0416511447786,36.9408347220011));
#7665=CARTESIAN_POINT('',(120.,34.3353650486576,16.3686168406505));
#7666=CARTESIAN_POINT('',(120.,27.666907909042,29.2683660681998));
#7667=CARTESIAN_POINT('',(120.,24.6671483449456,27.5358988801665));
#7668=CARTESIAN_POINT('',(120.,10.9556779092495,19.6170400109935));
#7669=CARTESIAN_POINT('',(120.,21.6669079668376,29.2675332739027));
#7670=CARTESIAN_POINT('',(120.,21.3762265633116,29.4353044697169));
#7671=CARTESIAN_POINT('',(120.,21.666427152826,32.7316348556722));
#7672=CARTESIAN_POINT('',(120.,21.6689389110096,14.6352705919748));
#7673=CARTESIAN_POINT('',(120.,24.6661867169224,34.4641020437055));
#7674=CARTESIAN_POINT('',(120.,6.45507693508169,23.9465423924826));
#7675=CARTESIAN_POINT('',(120.,27.6664270950305,32.7324676499693));
#7676=CARTESIAN_POINT('',(120.,22.8753851243425,35.4976904363877));
#7677=CARTESIAN_POINT('',(120.,27.6686984462082,16.3681541771566));
#7678=CARTESIAN_POINT('',(120.,21.0002412423754,29.2683660681998));
#7679=CARTESIAN_POINT('',(120.,18.0004816782789,27.5358988801665));
#7680=CARTESIAN_POINT('',(120.,6.7886105321351,21.0606469601007));
#7681=CARTESIAN_POINT('',(120.,15.0002413001709,29.2675332739027));
#7682=CARTESIAN_POINT('',(120.,17.2099605428755,27.9921601841035));
#7683=CARTESIAN_POINT('',(120.,14.9997604861593,32.7316348556722));
#7684=CARTESIAN_POINT('',(120.,15.0022723085601,14.6348079284809));
#7685=CARTESIAN_POINT('',(120.,17.9995200502558,34.4641020437055));
#7686=CARTESIAN_POINT('',(120.,2.28800955796727,25.3901493415898));
#7687=CARTESIAN_POINT('',(120.,20.9997604283638,32.7324676499693));
#7688=CARTESIAN_POINT('',(120.,18.7091191039063,34.0545461507744));
#7689=CARTESIAN_POINT('',(120.,21.0020318437588,16.3676915136627));
#7690=CARTESIAN_POINT('',(120.,14.512744358741,32.7097876035141));
#7691=CARTESIAN_POINT('',(120.,14.4870912979351,29.2457809752769));
#7692=CARTESIAN_POINT('',(120.,14.3912351972481,16.3020558327567));
#7693=CARTESIAN_POINT('',(120.,11.474347028601,27.5359938635011));
#7694=CARTESIAN_POINT('',(120.,2.73111703378937,22.5740519846024));
#7695=CARTESIAN_POINT('',(120.,8.4872558200729,29.2902133799625));
#7696=CARTESIAN_POINT('',(120.,13.2204582525174,26.5105607002414));
#7697=CARTESIAN_POINT('',(120.,8.51290888087885,32.7542200081997));
#7698=CARTESIAN_POINT('',(120.,8.37857318898295,14.6144849233237));
#7699=CARTESIAN_POINT('',(120.,11.5256531502129,34.4640071199755));
#7700=CARTESIAN_POINT('',(120.,-1.73669324859983,26.9373845734131));
#7701=CARTESIAN_POINT('',(120.,14.7653099783934,32.5614641984851));
#7702=CARTESIAN_POINT('',(120.,27.5100654978824,5.50067834530007));
#7703=CARTESIAN_POINT('',(120.,27.5100654978824,5.45494242501613));
#7704=CARTESIAN_POINT('',(120.,27.5100654978824,3.75033917265004));
#7705=CARTESIAN_POINT('',(120.,25.5100654978824,3.45494242501613));
#7706=CARTESIAN_POINT('Origin',(120.,25.5100654978824,5.45494242501613));
#7707=CARTESIAN_POINT('',(120.,22.1303434951422,3.45494242501613));
#7708=CARTESIAN_POINT('',(120.,13.7550327489412,3.45494242501613));
#7709=CARTESIAN_POINT('',(120.,20.1303434951422,5.45494242501613));
#7710=CARTESIAN_POINT('Origin',(120.,22.1303434951422,5.45494242501613));
#7711=CARTESIAN_POINT('',(120.,20.1303434951422,5.50067834530007));
#7712=CARTESIAN_POINT('',(120.,20.1303434951422,1.72747121250807));
#7713=CARTESIAN_POINT('',(120.,22.1303434951422,7.50067834530007));
#7714=CARTESIAN_POINT('Origin',(120.,22.1303434951422,5.50067834530007));
#7715=CARTESIAN_POINT('',(120.,25.5100654978824,7.50067834530007));
#7716=CARTESIAN_POINT('',(120.,10.0651717475711,7.50067834530007));
#7717=CARTESIAN_POINT('Origin',(120.,25.5100654978824,5.50067834530007));
#7718=CARTESIAN_POINT('Origin',(117.5,65.0000009685755,33.0000004917383));
#7719=CARTESIAN_POINT('',(117.5,4.19999990466219,72.8688536484028));
#7720=CARTESIAN_POINT('',(117.5,65.0000009685755,33.0000004917383));
#7721=CARTESIAN_POINT('',(118.750000947929,4.19999999898577,72.8688535865513));
#7722=CARTESIAN_POINT('Origin',(117.5,34.6000004366188,37.9344268465531));
#7723=CARTESIAN_POINT('',(117.5,62.4999989910687,32.));
#7724=CARTESIAN_POINT('',(117.5,49.1749998690635,32.));
#7725=CARTESIAN_POINT('',(117.5,62.4999989910687,3.));
#7726=CARTESIAN_POINT('',(117.5,62.4999989910687,20.4672134232766));
#7727=CARTESIAN_POINT('',(117.5,4.19999990466219,3.00000004470348));
#7728=CARTESIAN_POINT('',(117.5,33.5500002183094,3.));
#7729=CARTESIAN_POINT('',(117.5,4.19999999797153,20.4672134232766));
#7730=CARTESIAN_POINT('',(117.5,27.5100654978824,5.45494242501613));
#7731=CARTESIAN_POINT('',(117.5,27.5100654978824,5.50067834530007));
#7732=CARTESIAN_POINT('',(117.5,27.5100654978824,22.7175525959266));
#7733=CARTESIAN_POINT('',(117.5,25.5100654978824,7.50067834530007));
#7734=CARTESIAN_POINT('Origin',(117.5,25.5100654978824,5.50067834530007));
#7735=CARTESIAN_POINT('',(117.5,22.1303434951422,7.50067834530007));
#7736=CARTESIAN_POINT('',(117.5,27.3651719658805,7.50067834530007));
#7737=CARTESIAN_POINT('',(117.5,20.1303434951422,5.50067834530007));
#7738=CARTESIAN_POINT('Origin',(117.5,22.1303434951422,5.50067834530007));
#7739=CARTESIAN_POINT('',(117.5,20.1303434951422,5.45494242501613));
#7740=CARTESIAN_POINT('',(117.5,20.1303434951422,20.6946846357846));
#7741=CARTESIAN_POINT('',(117.5,22.1303434951422,3.45494242501613));
#7742=CARTESIAN_POINT('Origin',(117.5,22.1303434951422,5.45494242501613));
#7743=CARTESIAN_POINT('',(117.5,25.5100654978824,3.45494242501613));
#7744=CARTESIAN_POINT('',(117.5,31.0550329672506,3.45494242501613));
#7745=CARTESIAN_POINT('Origin',(117.5,25.5100654978824,5.45494242501613));
#7746=CARTESIAN_POINT('',(117.5,14.4870912979351,29.2457809752769));
#7747=CARTESIAN_POINT('',(117.5,14.512744358741,32.7097876035141));
#7748=CARTESIAN_POINT('',(117.5,14.5326398942192,35.3963390170047));
#7749=CARTESIAN_POINT('',(117.5,11.5256531502129,34.4640071199755));
#7750=CARTESIAN_POINT('',(117.5,19.3465178208064,29.8710728963437));
#7751=CARTESIAN_POINT('',(117.5,8.51290888087885,32.7542200081997));
#7752=CARTESIAN_POINT('',(117.5,19.4906945394802,38.9843128262213));
#7753=CARTESIAN_POINT('',(117.5,8.4872558200729,29.2902133799625));
#7754=CARTESIAN_POINT('',(117.5,8.51997788595401,33.7087681075717));
#7755=CARTESIAN_POINT('',(117.5,11.474347028601,27.5359938635011));
#7756=CARTESIAN_POINT('',(117.5,17.8016660949305,23.8201693981));
#7757=CARTESIAN_POINT('',(117.5,23.9585048218694,34.6209802374106));
#7758=CARTESIAN_POINT('',(117.5,18.0004816782789,27.5358988801665));
#7759=CARTESIAN_POINT('',(117.5,21.0002412423754,29.2683660681998));
#7760=CARTESIAN_POINT('',(117.5,27.9758913395298,33.2970505845074));
#7761=CARTESIAN_POINT('',(117.5,20.9997604283638,32.7324676499693));
#7762=CARTESIAN_POINT('',(117.5,20.9993995458767,35.3325033479688));
#7763=CARTESIAN_POINT('',(117.5,17.9995200502558,34.4641020437055));
#7764=CARTESIAN_POINT('',(117.5,23.4744709218578,31.3041508269764));
#7765=CARTESIAN_POINT('',(117.5,14.9997604861593,32.7316348556722));
#7766=CARTESIAN_POINT('',(117.5,23.4752903653619,37.6265529659965));
#7767=CARTESIAN_POINT('',(117.5,15.0002413001709,29.2675332739027));
#7768=CARTESIAN_POINT('',(117.5,14.9996400106781,33.599619762787));
#7769=CARTESIAN_POINT('',(117.5,21.975312360827,25.2417648603055));
#7770=CARTESIAN_POINT('',(117.5,24.6671483449456,27.5358988801665));
#7771=CARTESIAN_POINT('',(117.5,27.666907909042,29.2683660681998));
#7772=CARTESIAN_POINT('',(117.5,32.1429587166442,31.8534436354002));
#7773=CARTESIAN_POINT('',(117.5,27.6664270950305,32.7324676499693));
#7774=CARTESIAN_POINT('',(117.5,27.6660661483262,35.3329660114627));
#7775=CARTESIAN_POINT('',(117.5,24.6661867169224,34.4641020437055));
#7776=CARTESIAN_POINT('',(117.5,27.640736942294,32.7472951125897));
#7777=CARTESIAN_POINT('',(117.5,21.666427152826,32.7316348556722));
#7778=CARTESIAN_POINT('',(117.5,27.6423577424763,36.1829460168892));
#7779=CARTESIAN_POINT('',(117.5,21.6669079668376,29.2675332739027));
#7780=CARTESIAN_POINT('',(117.5,21.6663066131275,33.6000824262809));
#7781=CARTESIAN_POINT('',(117.5,26.1415783812632,26.6849091459189));
#7782=CARTESIAN_POINT('',(117.5,31.3338150116123,27.5358988801665));
#7783=CARTESIAN_POINT('',(117.5,34.3335745757087,29.2683660681998));
#7784=CARTESIAN_POINT('',(117.5,36.3100260937586,30.4098366862929));
#7785=CARTESIAN_POINT('',(117.5,34.3330937616971,32.7324676499693));
#7786=CARTESIAN_POINT('',(117.5,34.3327327507756,35.3334286749567));
#7787=CARTESIAN_POINT('',(117.5,31.3328533835891,34.4641020437055));
#7788=CARTESIAN_POINT('',(117.5,31.8070029627302,34.1904393982031));
#7789=CARTESIAN_POINT('',(117.5,28.3330938194927,32.7316348556722));
#7790=CARTESIAN_POINT('',(117.5,31.8094251195908,34.739339067782));
#7791=CARTESIAN_POINT('',(117.5,28.3335746335042,29.2675332739027));
#7792=CARTESIAN_POINT('',(117.5,28.3329732155769,33.6005450897749));
#7793=CARTESIAN_POINT('',(117.5,30.3078444016993,28.1280534315322));
#7794=CARTESIAN_POINT('',(117.5,38.0004816782789,27.5358988801665));
#7795=CARTESIAN_POINT('',(117.5,41.0002412423754,29.2683660681998));
#7796=CARTESIAN_POINT('',(117.5,40.477093470873,28.9662297371857));
#7797=CARTESIAN_POINT('',(117.5,40.9997604283638,32.7324676499693));
#7798=CARTESIAN_POINT('',(117.5,40.999399353225,35.3338913384506));
#7799=CARTESIAN_POINT('',(117.5,37.9995200502558,34.4641020437055));
#7800=CARTESIAN_POINT('',(117.5,35.9732689831663,35.6335836838164));
#7801=CARTESIAN_POINT('',(117.5,34.9997604861593,32.7316348556722));
#7802=CARTESIAN_POINT('',(117.5,35.9764924967052,33.2957321186748));
#7803=CARTESIAN_POINT('',(117.5,35.0002413001709,29.2675332739027));
#7804=CARTESIAN_POINT('',(117.5,34.9996398180263,33.6010077532688));
#7805=CARTESIAN_POINT('',(117.5,34.4741104221355,29.5711977171455));
#7806=CARTESIAN_POINT('',(117.5,44.6671483449456,27.5358988801665));
#7807=CARTESIAN_POINT('',(117.5,47.666907909042,29.2683660681998));
#7808=CARTESIAN_POINT('',(117.5,44.6441608479874,27.5226227880784));
#7809=CARTESIAN_POINT('',(117.5,47.6664270950305,32.7324676499693));
#7810=CARTESIAN_POINT('',(117.5,47.6660659556744,35.3343540019445));
#7811=CARTESIAN_POINT('',(117.5,44.6661867169224,34.4641020437055));
#7812=CARTESIAN_POINT('',(117.5,40.1395350036025,37.0767279694297));
#7813=CARTESIAN_POINT('',(117.5,41.666427152826,32.7316348556722));
#7814=CARTESIAN_POINT('',(117.5,40.1435598738196,31.8521251695675));
#7815=CARTESIAN_POINT('',(117.5,41.6669079668376,29.2675332739027));
#7816=CARTESIAN_POINT('',(117.5,41.6663064204757,33.6014704167627));
#7817=CARTESIAN_POINT('',(117.5,38.6403764425717,31.0143420027589));
#7818=CARTESIAN_POINT('',(117.5,51.3338150116123,27.5358988801665));
#7819=CARTESIAN_POINT('',(117.5,54.3335745757087,29.2683660681998));
#7820=CARTESIAN_POINT('',(117.5,48.8112282251019,26.0790158389712));
#7821=CARTESIAN_POINT('',(117.5,54.3330937616971,32.7324676499693));
#7822=CARTESIAN_POINT('',(117.5,54.3327325581238,35.3348166654384));
#7823=CARTESIAN_POINT('',(117.5,51.3328533835891,34.4641020437055));
#7824=CARTESIAN_POINT('',(117.5,44.3058010240387,38.5198722550431));
#7825=CARTESIAN_POINT('',(117.5,48.3330938194926,32.7316348556722));
#7826=CARTESIAN_POINT('',(117.5,44.310627250934,30.4085182204603));
#7827=CARTESIAN_POINT('',(117.5,48.3335746335042,29.2675332739027));
#7828=CARTESIAN_POINT('',(117.5,48.3329730229251,33.6019330802566));
#7829=CARTESIAN_POINT('',(117.5,42.8066424630078,32.4574862883722));
#7830=CARTESIAN_POINT('',(117.5,57.9805245455557,23.2346453398998));
#7831=CARTESIAN_POINT('',(117.5,58.0191050282261,26.6985321085972));
#7832=CARTESIAN_POINT('',(117.5,58.0802170701972,32.1853787973778));
#7833=CARTESIAN_POINT('',(117.5,55.0385813320366,28.4638871710287));
#7834=CARTESIAN_POINT('',(117.5,45.397016887468,34.1745562805344));
#7835=CARTESIAN_POINT('',(117.5,52.0194771531767,26.7653554647629));
#7836=CARTESIAN_POINT('',(117.5,47.7901910943085,24.3859819684272));
#7837=CARTESIAN_POINT('',(117.5,51.9808966705063,23.3014686960655));
#7838=CARTESIAN_POINT('',(117.5,52.0612989538125,30.5202587691948));
#7839=CARTESIAN_POINT('',(117.5,54.9614203666958,21.536113633634));
#7840=CARTESIAN_POINT('',(117.5,43.8295940740324,28.1294602743554));
#7841=CARTESIAN_POINT('',(117.5,52.2416863972575,20.0060059904311));
#7842=CARTESIAN_POINT('',(117.5,58.0004816782789,27.5358988801665));
#7843=CARTESIAN_POINT('',(117.5,52.9782956022163,24.6354088898639));
#7844=CARTESIAN_POINT('',(117.5,57.9995200502558,34.4641020437055));
#7845=CARTESIAN_POINT('',(117.5,48.4720670444748,39.9630165406564));
#7846=CARTESIAN_POINT('',(117.5,54.9997604861593,32.7316348556722));
#7847=CARTESIAN_POINT('',(117.5,48.4776946280484,28.964911271353));
#7848=CARTESIAN_POINT('',(117.5,55.0002413001709,29.2675332739027));
#7849=CARTESIAN_POINT('',(117.5,54.9996396253745,33.6023957437505));
#7850=CARTESIAN_POINT('',(117.5,46.972908483444,33.9006305739855));
#7851=CARTESIAN_POINT('',(117.5,51.3138578788891,23.2346453398998));
#7852=CARTESIAN_POINT('',(117.5,51.3524383615595,26.6985321085972));
#7853=CARTESIAN_POINT('',(117.5,51.4139638628758,32.2225005816701));
#7854=CARTESIAN_POINT('',(117.5,48.3719146653699,28.4638871710287));
#7855=CARTESIAN_POINT('',(117.5,41.1979950828978,32.7129777817107));
#7856=CARTESIAN_POINT('',(117.5,45.35281048651,26.7653554647629));
#7857=CARTESIAN_POINT('',(117.5,43.6554661062,25.8104386829586));
#7858=CARTESIAN_POINT('',(117.5,45.3142300038396,23.3014686960655));
#7859=CARTESIAN_POINT('',(117.5,45.3950457464912,30.557380553487));
#7860=CARTESIAN_POINT('',(117.5,48.2947537000291,21.536113633634));
#7861=CARTESIAN_POINT('',(117.5,39.6305722694622,26.6678817755317));
#7862=CARTESIAN_POINT('',(117.5,48.1069614091491,21.4304627049626));
#7863=CARTESIAN_POINT('',(117.5,44.6471912122224,23.2346453398998));
#7864=CARTESIAN_POINT('',(117.5,44.6857716948928,26.6985321085972));
#7865=CARTESIAN_POINT('',(117.5,44.7477106555545,32.2596223659623));
#7866=CARTESIAN_POINT('',(117.5,41.7052479987033,28.4638871710287));
#7867=CARTESIAN_POINT('',(117.5,36.9989732783276,31.251399282887));
#7868=CARTESIAN_POINT('',(117.5,38.6861438198433,26.7653554647629));
#7869=CARTESIAN_POINT('',(117.5,39.5207411180916,27.2348953974901));
#7870=CARTESIAN_POINT('',(117.5,38.6475633371729,23.3014686960655));
#7871=CARTESIAN_POINT('',(117.5,38.7287925391698,30.5945023377793));
#7872=CARTESIAN_POINT('',(117.5,41.6280870333624,21.536113633634));
#7873=CARTESIAN_POINT('',(117.5,35.431550464892,25.206303276708));
#7874=CARTESIAN_POINT('',(117.5,43.9722364210407,22.8549194194941));
#7875=CARTESIAN_POINT('',(117.5,37.9805245455557,23.2346453398998));
#7876=CARTESIAN_POINT('',(117.5,38.0191050282261,26.6985321085972));
#7877=CARTESIAN_POINT('',(117.5,38.0814574482331,32.2967441502545));
#7878=CARTESIAN_POINT('',(117.5,35.0385813320366,28.4638871710287));
#7879=CARTESIAN_POINT('',(117.5,32.7999514737574,29.7898207840633));
#7880=CARTESIAN_POINT('',(117.5,32.0194771531767,26.7653554647629));
#7881=CARTESIAN_POINT('',(117.5,35.3860161299831,28.6593521120216));
#7882=CARTESIAN_POINT('',(117.5,31.9808966705063,23.3014686960655));
#7883=CARTESIAN_POINT('',(117.5,32.0625393318484,30.6316241220715));
#7884=CARTESIAN_POINT('',(117.5,34.9614203666958,21.536113633634));
#7885=CARTESIAN_POINT('',(117.5,31.2325286603218,23.7447247778843));
#7886=CARTESIAN_POINT('',(117.5,39.8375114329322,24.2793761340256));
#7887=CARTESIAN_POINT('',(117.5,31.3138578788891,23.2346453398998));
#7888=CARTESIAN_POINT('',(117.5,31.3524383615595,26.6985321085972));
#7889=CARTESIAN_POINT('',(117.5,31.4152042409117,32.3338659345467));
#7890=CARTESIAN_POINT('',(117.5,28.3719146653699,28.4638871710287));
#7891=CARTESIAN_POINT('',(117.5,28.6009296691872,28.3282422852396));
#7892=CARTESIAN_POINT('',(117.5,25.35281048651,26.7653554647629));
#7893=CARTESIAN_POINT('',(117.5,31.2512911418747,30.0838088265531));
#7894=CARTESIAN_POINT('',(117.5,25.3142300038396,23.3014686960655));
#7895=CARTESIAN_POINT('',(117.5,25.3962861245271,30.6687459063637));
#7896=CARTESIAN_POINT('',(117.5,28.2947537000291,21.536113633634));
#7897=CARTESIAN_POINT('',(117.5,27.0335068557516,22.2831462790605));
#7898=CARTESIAN_POINT('',(117.5,35.7027864448238,25.7038328485571));
#7899=CARTESIAN_POINT('',(117.5,24.6471912122224,23.2346453398998));
#7900=CARTESIAN_POINT('',(117.5,24.6857716948928,26.6985321085972));
#7901=CARTESIAN_POINT('',(117.5,24.7489510335904,32.3709877188389));
#7902=CARTESIAN_POINT('',(117.5,21.7052479987033,28.4638871710287));
#7903=CARTESIAN_POINT('',(117.5,24.401907864617,26.8666637864158));
#7904=CARTESIAN_POINT('',(117.5,18.6861438198433,26.7653554647629));
#7905=CARTESIAN_POINT('',(117.5,27.1165661537662,31.5082655410846));
#7906=CARTESIAN_POINT('',(117.5,18.6475633371729,23.3014686960655));
#7907=CARTESIAN_POINT('',(117.5,18.7300329172057,30.7058676906559));
#7908=CARTESIAN_POINT('',(117.5,21.6280870333624,21.536113633634));
#7909=CARTESIAN_POINT('',(117.5,22.8344850511814,20.8215677802368));
#7910=CARTESIAN_POINT('',(117.5,31.5680614567153,27.1282895630886));
#7911=CARTESIAN_POINT('',(117.5,17.9805245455557,23.2346453398998));
#7912=CARTESIAN_POINT('',(117.5,18.0191050282261,26.6985321085972));
#7913=CARTESIAN_POINT('',(117.5,18.082697826269,32.4081095031312));
#7914=CARTESIAN_POINT('',(117.5,15.0385813320366,28.4638871710287));
#7915=CARTESIAN_POINT('',(117.5,20.2028860600468,25.4050852875921));
#7916=CARTESIAN_POINT('',(117.5,12.0194771531767,26.7653554647629));
#7917=CARTESIAN_POINT('',(117.5,22.9818411656578,32.9327222556161));
#7918=CARTESIAN_POINT('',(117.5,11.9808966705063,23.3014686960655));
#7919=CARTESIAN_POINT('',(117.5,12.0637797098844,30.7429894749482));
#7920=CARTESIAN_POINT('',(117.5,14.9614203666958,21.536113633634));
#7921=CARTESIAN_POINT('',(117.5,18.6354632466112,19.3599892814131));
#7922=CARTESIAN_POINT('',(117.5,27.4333364686069,28.5527462776201));
#7923=CARTESIAN_POINT('',(117.5,51.0000008046627,10.5000001564622));
#7924=CARTESIAN_POINT('',(117.5,54.0000008046627,7.50000015646219));
#7925=CARTESIAN_POINT('Origin',(117.5,51.0000008046627,7.50000015646219));
#7926=CARTESIAN_POINT('',(117.5,41.0000005662441,10.5000001564622));
#7927=CARTESIAN_POINT('',(117.5,36.3000005014315,10.5000001564622));
#7928=CARTESIAN_POINT('',(117.5,38.0000005662441,7.50000006705523));
#7929=CARTESIAN_POINT('Origin',(117.5,41.0000005662441,7.50000015646219));
#7930=CARTESIAN_POINT('',(117.5,41.0000005662441,4.50000006705523));
#7931=CARTESIAN_POINT('Origin',(117.5,41.0000005662441,7.50000006705523));
#7932=CARTESIAN_POINT('',(117.5,51.0000008046627,4.50000006705523));
#7933=CARTESIAN_POINT('',(117.5,44.3000006206408,4.50000006705523));
#7934=CARTESIAN_POINT('Origin',(117.5,51.0000008046627,7.50000006705523));
#7935=CARTESIAN_POINT('Origin',(60.0000008940697,63.7499993015081,32.));
#7936=CARTESIAN_POINT('',(33.5,65.,32.));
#7937=CARTESIAN_POINT('',(120.,65.,32.));
#7938=CARTESIAN_POINT('',(33.5,62.4999986030161,32.));
#7939=CARTESIAN_POINT('',(33.5,49.6249999152496,32.));
#7940=CARTESIAN_POINT('',(116.999997384846,62.4999986030161,32.));
#7941=CARTESIAN_POINT('',(116.999997384846,62.4999986030161,32.));
#7942=CARTESIAN_POINT('',(116.999997384846,62.4999986030161,32.));
#7943=CARTESIAN_POINT('Origin',(116.,4.,0.));
#7944=CARTESIAN_POINT('',(116.,0.,0.));
#7945=CARTESIAN_POINT('Origin',(19.3834348360376,47.4999993015081,4.));
#7946=CARTESIAN_POINT('',(19.3834348360376,62.4999986030161,3.));
#7947=CARTESIAN_POINT('',(20.3834348360376,62.4999986030161,4.));
#7948=CARTESIAN_POINT('Origin',(19.3834348360376,62.4999986030161,4.));
#7949=CARTESIAN_POINT('',(20.3834348360376,65.,4.));
#7950=CARTESIAN_POINT('',(20.3834348360376,47.4999993015081,4.));
#7951=CARTESIAN_POINT('',(19.3834348360376,65.,3.));
#7952=CARTESIAN_POINT('Origin',(19.3834348360376,65.,4.));
#7953=CARTESIAN_POINT('',(19.3834348360376,47.4999993015081,3.));
#7954=CARTESIAN_POINT('Origin',(20.3834348360376,62.4999986030161,6.08220063702906));
#7955=CARTESIAN_POINT('',(20.3834348360376,62.4999986030161,5.08220063702906));
#7956=CARTESIAN_POINT('',(20.3834348360376,62.4999986030161,4.54110031851453));
#7957=CARTESIAN_POINT('',(20.3834348360376,65.,5.08220063702906));
#7958=CARTESIAN_POINT('',(20.3834348360376,62.4999986030161,5.08220063702906));
#7959=CARTESIAN_POINT('',(20.3834348360376,65.,3.04110031851453));
#7960=CARTESIAN_POINT('Origin',(12.3834348360376,47.4999993015081,4.));
#7961=CARTESIAN_POINT('',(11.3834348360376,62.4999986030161,4.));
#7962=CARTESIAN_POINT('',(12.3834348360376,62.4999986030161,3.));
#7963=CARTESIAN_POINT('Origin',(12.3834348360376,62.4999986030161,4.));
#7964=CARTESIAN_POINT('',(12.3834348360376,65.,3.));
#7965=CARTESIAN_POINT('',(12.3834348360376,47.4999993015081,3.));
#7966=CARTESIAN_POINT('',(11.3834348360376,65.,4.));
#7967=CARTESIAN_POINT('Origin',(12.3834348360376,65.,4.));
#7968=CARTESIAN_POINT('',(11.3834348360376,47.4999993015081,4.));
#7969=CARTESIAN_POINT('Origin',(60.,32.5,3.));
#7970=CARTESIAN_POINT('',(70.1917174180188,65.,3.));
#7971=CARTESIAN_POINT('',(30.,62.4999986030161,3.));
#7972=CARTESIAN_POINT('',(90.0000009055508,4.19999997565843,3.));
#7973=CARTESIAN_POINT('',(116.999997384846,62.4999986030161,3.));
#7974=CARTESIAN_POINT('',(88.4999870509257,62.4999764841294,3.));
#7975=CARTESIAN_POINT('',(33.5,62.4999986030161,3.));
#7976=CARTESIAN_POINT('',(30.,62.4999986030161,3.));
#7977=CARTESIAN_POINT('',(33.5,14.0000002086163,3.00000004470348));
#7978=CARTESIAN_POINT('',(33.5,34.0000002644956,3.));
#7979=CARTESIAN_POINT('',(29.5,14.0000002086163,3.00000004470348));
#7980=CARTESIAN_POINT('',(44.75,14.0000002086163,3.));
#7981=CARTESIAN_POINT('',(29.5,62.4999986030161,3.));
#7982=CARTESIAN_POINT('',(29.5,34.0000002644956,3.));
#7983=CARTESIAN_POINT('',(30.,62.4999986030161,3.));
#7984=CARTESIAN_POINT('',(80.5000011995435,14.5286684026543,3.));
#7985=CARTESIAN_POINT('',(71.5032924173971,14.5286684026543,3.));
#7986=CARTESIAN_POINT('',(65.7516462086986,14.5286684026543,3.));
#7987=CARTESIAN_POINT('',(71.5032924173971,22.5000003352761,3.));
#7988=CARTESIAN_POINT('',(71.5032924173971,27.5000001676381,3.));
#7989=CARTESIAN_POINT('',(74.0000011026859,22.5000003352761,3.));
#7990=CARTESIAN_POINT('',(67.000000551343,22.5000003352761,3.));
#7991=CARTESIAN_POINT('',(74.0000011026859,19.5000002905726,3.));
#7992=CARTESIAN_POINT('',(74.0000011026859,26.0000001452863,3.));
#7993=CARTESIAN_POINT('',(76.5000011399388,17.5000002607703,3.));
#7994=CARTESIAN_POINT('',(67.8109764657551,24.4512200001173,3.));
#7995=CARTESIAN_POINT('',(80.5000011995435,17.5000002607703,3.));
#7996=CARTESIAN_POINT('',(70.2500005997717,17.5000002607703,3.));
#7997=CARTESIAN_POINT('',(80.5000011995435,23.5143342013272,3.));
#7998=CARTESIAN_POINT('',(24.5000003650784,11.5000001713634,3.));
#7999=CARTESIAN_POINT('',(24.5000003650784,10.0000001490116,3.));
#8000=CARTESIAN_POINT('',(24.5000003650784,21.2500000745058,3.));
#8001=CARTESIAN_POINT('',(6.50000009685755,10.0000001490116,3.));
#8002=CARTESIAN_POINT('',(33.2500000484288,10.0000001490116,3.));
#8003=CARTESIAN_POINT('',(6.50000009685755,11.5000001713634,3.));
#8004=CARTESIAN_POINT('',(6.50000009685755,22.0000000856817,3.));
#8005=CARTESIAN_POINT('',(42.2500001825392,11.5000001713634,3.));
#8006=CARTESIAN_POINT('Origin',(12.3834348360376,62.4999986030161,5.08220063702906));
#8007=CARTESIAN_POINT('',(12.3834348360376,62.4999986030161,6.08220063702906));
#8008=CARTESIAN_POINT('',(11.3834348360376,62.4999986030161,5.08220063702906));
#8009=CARTESIAN_POINT('Origin',(12.3834348360376,62.4999986030161,5.08220063702906));
#8010=CARTESIAN_POINT('',(11.3834348360376,65.,5.08220063702906));
#8011=CARTESIAN_POINT('',(11.3834348360376,62.4999986030161,5.08220063702906));
#8012=CARTESIAN_POINT('',(12.3834348360376,65.,6.08220063702906));
#8013=CARTESIAN_POINT('Origin',(12.3834348360376,65.,5.08220063702906));
#8014=CARTESIAN_POINT('',(12.3834348360376,62.4999986030161,6.08220063702906));
#8015=CARTESIAN_POINT('Origin',(11.3834348360376,62.4999986030161,3.));
#8016=CARTESIAN_POINT('',(11.3834348360376,65.,1.5));
#8017=CARTESIAN_POINT('',(11.3834348360376,62.4999986030161,3.));
#8018=CARTESIAN_POINT('Origin',(19.3834348360376,62.4999986030161,5.08220063702906));
#8019=CARTESIAN_POINT('',(19.3834348360376,62.4999986030161,6.08220063702906));
#8020=CARTESIAN_POINT('Origin',(19.3834348360376,62.4999986030161,5.08220063702906));
#8021=CARTESIAN_POINT('',(19.3834348360376,65.,6.08220063702906));
#8022=CARTESIAN_POINT('',(19.3834348360376,62.4999986030161,6.08220063702906));
#8023=CARTESIAN_POINT('Origin',(19.3834348360376,65.,5.08220063702906));
#8024=CARTESIAN_POINT('Origin',(11.3834348360376,62.4999986030161,6.08220063702906));
#8025=CARTESIAN_POINT('',(65.6917174180188,65.,6.08220063702906));
#8026=CARTESIAN_POINT('',(5.69171741801881,62.4999986030161,6.08220063702906));
#8027=CARTESIAN_POINT('Origin',(120.,51.0000008046627,7.50000006705523));
#8028=CARTESIAN_POINT('',(120.,54.0000008046627,7.50000015646219));
#8029=CARTESIAN_POINT('',(120.,51.0000008046627,4.50000006705523));
#8030=CARTESIAN_POINT('Origin',(120.,51.0000008046627,7.50000015646219));
#8031=CARTESIAN_POINT('',(120.,51.0000008046627,10.5000001564622));
#8032=CARTESIAN_POINT('Origin',(120.,38.0000005662441,10.5000001564622));
#8033=CARTESIAN_POINT('',(120.,41.0000005662441,10.5000001564622));
#8034=CARTESIAN_POINT('Origin',(120.,41.0000005662441,7.50000015646219));
#8035=CARTESIAN_POINT('',(120.,38.0000005662441,7.50000006705523));
#8036=CARTESIAN_POINT('Origin',(120.,41.0000005662441,7.50000006705523));
#8037=CARTESIAN_POINT('',(120.,41.0000005662441,4.50000006705523));
#8038=CARTESIAN_POINT('Origin',(120.,54.0000008046627,4.50000006705523));
#8039=CARTESIAN_POINT('Origin',(120.,25.5100654978824,5.45494242501613));
#8040=CARTESIAN_POINT('',(120.,27.5100654978824,5.45494242501613));
#8041=CARTESIAN_POINT('',(120.,25.5100654978824,3.45494242501613));
#8042=CARTESIAN_POINT('Origin',(120.,27.5100654978824,7.50067834530007));
#8043=CARTESIAN_POINT('',(120.,27.5100654978824,5.50067834530007));
#8044=CARTESIAN_POINT('Origin',(120.,25.5100654978824,5.50067834530007));
#8045=CARTESIAN_POINT('',(120.,25.5100654978824,7.50067834530007));
#8046=CARTESIAN_POINT('Origin',(120.,20.1303434951422,7.50067834530007));
#8047=CARTESIAN_POINT('',(120.,22.1303434951422,7.50067834530007));
#8048=CARTESIAN_POINT('Origin',(120.,22.1303434951422,5.50067834530007));
#8049=CARTESIAN_POINT('',(120.,20.1303434951422,5.50067834530007));
#8050=CARTESIAN_POINT('Origin',(120.,20.1303434951422,3.45494242501613));
#8051=CARTESIAN_POINT('',(120.,20.1303434951422,5.45494242501613));
#8052=CARTESIAN_POINT('Origin',(120.,22.1303434951422,5.45494242501613));
#8053=CARTESIAN_POINT('',(120.,22.1303434951422,3.45494242501613));
#8054=CARTESIAN_POINT('Origin',(120.,27.5100654978824,3.45494242501613));
#8055=CARTESIAN_POINT('Origin',(29.5,11.000000089407,71.6885256584062));
#8056=CARTESIAN_POINT('',(29.5,11.000000089407,68.409837133816));
#8057=CARTESIAN_POINT('',(33.5,11.000000089407,68.409837133816));
#8058=CARTESIAN_POINT('',(29.5,11.000000089407,68.409837133816));
#8059=CARTESIAN_POINT('',(29.5,11.000000089407,16.0000002384186));
#8060=CARTESIAN_POINT('',(29.5,11.000000089407,54.5163942549805));
#8061=CARTESIAN_POINT('',(33.5,11.000000089407,16.0000002384186));
#8062=CARTESIAN_POINT('',(29.5,11.000000089407,16.0000002384186));
#8063=CARTESIAN_POINT('',(33.5,11.000000089407,54.5163942549805));
#8064=CARTESIAN_POINT('Origin',(33.5,35.5000005289912,37.3442628515548));
#8065=CARTESIAN_POINT('',(33.5,14.0000002086163,16.0000002384186));
#8066=CARTESIAN_POINT('',(33.5,6.00000008940697,16.0000002384186));
#8067=CARTESIAN_POINT('',(33.5,14.0000002086163,16.0000002384186));
#8068=CARTESIAN_POINT('',(33.5,62.4999986030161,20.1721314257774));
#8069=CARTESIAN_POINT('',(33.5,65.0000009685755,33.0000004917383));
#8070=CARTESIAN_POINT('',(33.5,65.0000009685755,3.00000004470348));
#8071=CARTESIAN_POINT('',(33.5,6.00000008940697,71.6885256584062));
#8072=CARTESIAN_POINT('',(33.5,45.0000006705523,7.78317522082052));
#8073=CARTESIAN_POINT('',(33.5,45.0000006705523,8.59918112812619));
#8074=CARTESIAN_POINT('',(33.5,45.0000006705523,22.9717219898405));
#8075=CARTESIAN_POINT('',(33.5,56.9999987259507,8.59918112812619));
#8076=CARTESIAN_POINT('',(33.5,46.249999627471,8.59918112812619));
#8077=CARTESIAN_POINT('',(33.5,56.9999987259507,7.78317522082052));
#8078=CARTESIAN_POINT('',(33.5,56.9999987259507,22.5637190361877));
#8079=CARTESIAN_POINT('',(33.5,40.2500005997717,7.78317522082052));
#8080=CARTESIAN_POINT('',(33.5,43.0000006407499,12.853949277772));
#8081=CARTESIAN_POINT('',(33.5,41.6076262151113,12.853949277772));
#8082=CARTESIAN_POINT('',(33.5,38.5538133720513,12.853949277772));
#8083=CARTESIAN_POINT('',(33.5,41.6076262151113,30.4365423923766));
#8084=CARTESIAN_POINT('',(33.5,41.6076262151113,33.8904026219657));
#8085=CARTESIAN_POINT('',(33.5,43.0000006407499,30.4365423923766));
#8086=CARTESIAN_POINT('',(33.5,39.2500005848706,30.4365423923766));
#8087=CARTESIAN_POINT('',(33.5,43.0000006407499,25.0991060646634));
#8088=CARTESIAN_POINT('',(33.5,58.0000008642673,12.853949277772));
#8089=CARTESIAN_POINT('',(33.5,58.0000008642673,30.7936993812956));
#8090=CARTESIAN_POINT('',(33.5,58.0000008642673,34.0689811164252));
#8091=CARTESIAN_POINT('',(33.5,59.4869462139253,30.7936993812956));
#8092=CARTESIAN_POINT('',(33.5,47.4934733714583,30.7936993812956));
#8093=CARTESIAN_POINT('',(33.5,59.4869462139253,12.853949277772));
#8094=CARTESIAN_POINT('',(33.5,59.4869462139253,25.0991060646634));
#8095=CARTESIAN_POINT('',(33.5,46.7500006966293,12.853949277772));
#8096=CARTESIAN_POINT('',(33.5,46.0000006854534,31.000000461936));
#8097=CARTESIAN_POINT('',(33.5,46.0000006854534,32.0000004768372));
#8098=CARTESIAN_POINT('',(33.5,46.0000006854534,34.672131664196));
#8099=CARTESIAN_POINT('',(33.5,55.0000008195639,32.0000004768372));
#8100=CARTESIAN_POINT('',(33.5,45.2500006742775,32.0000004768372));
#8101=CARTESIAN_POINT('',(33.5,55.0000008195639,31.000000461936));
#8102=CARTESIAN_POINT('',(33.5,55.0000008195639,34.1721316567454));
#8103=CARTESIAN_POINT('',(33.5,40.7500006072223,31.000000461936));
#8104=CARTESIAN_POINT('',(33.5,32.7416656574594,32.4588919812061));
#8105=CARTESIAN_POINT('Origin',(33.5,35.2416656574594,32.4588919812061));
#8106=CARTESIAN_POINT('',(33.5,20.0397440206747,12.1368453454943));
#8107=CARTESIAN_POINT('Origin',(33.5,22.5397440206747,12.1368453454943));
#8108=CARTESIAN_POINT('',(33.5,20.0397440206747,32.4588919812061));
#8109=CARTESIAN_POINT('Origin',(33.5,22.5397440206747,32.4588919812061));
#8110=CARTESIAN_POINT('',(33.5,32.7416656574594,12.1368453454943));
#8111=CARTESIAN_POINT('Origin',(33.5,35.2416656574594,12.1368453454943));
#8112=CARTESIAN_POINT('Origin',(29.5,6.00000008940697,16.0000002384186));
#8113=CARTESIAN_POINT('',(29.5,14.0000002086163,16.0000002384186));
#8114=CARTESIAN_POINT('',(29.5,6.00000008940697,16.0000002384186));
#8115=CARTESIAN_POINT('',(29.5,14.0000002086163,16.0000002384186));
#8116=CARTESIAN_POINT('Origin',(39.9916328699413,65.,23.2535345502289));
#8117=CARTESIAN_POINT('',(40.008301099455,62.4999986030161,26.7175960638463));
#8118=CARTESIAN_POINT('',(39.9916328699413,62.4999986030161,23.2535345502289));
#8119=CARTESIAN_POINT('',(39.9424434805767,62.4999986030161,13.0307889108988));
#8120=CARTESIAN_POINT('',(40.008301099455,65.,26.7175960638463));
#8121=CARTESIAN_POINT('',(40.008301099455,65.,26.7175960638463));
#8122=CARTESIAN_POINT('',(39.9916328699413,65.,23.2535345502289));
#8123=CARTESIAN_POINT('',(39.9366151584075,65.,11.8195225014252));
#8124=CARTESIAN_POINT('',(39.9916328699413,65.,23.2535345502289));
#8125=CARTESIAN_POINT('Origin',(36.9833334841199,65.,21.5359389036152));
#8126=CARTESIAN_POINT('',(36.9833334841199,62.4999986030161,21.5359389036152));
#8127=CARTESIAN_POINT('',(19.0470769846294,62.4999986030161,11.2951908499901));
#8128=CARTESIAN_POINT('',(36.9833334841199,65.,21.5359389036152));
#8129=CARTESIAN_POINT('',(63.6505227171974,65.,36.7616336433201));
#8130=CARTESIAN_POINT('',(36.9833334841199,65.,21.5359389036152));
#8131=CARTESIAN_POINT('Origin',(33.9917023278121,65.,23.2824047706188));
#8132=CARTESIAN_POINT('',(33.9917023278121,62.4999986030161,23.2824047706188));
#8133=CARTESIAN_POINT('',(25.7312966243527,62.4999986030161,28.1046959739564));
#8134=CARTESIAN_POINT('',(33.9917023278121,65.,23.2824047706188));
#8135=CARTESIAN_POINT('',(71.1336792139539,65.,1.59951959010013));
#8136=CARTESIAN_POINT('',(33.9917023278121,65.,23.2824047706188));
#8137=CARTESIAN_POINT('Origin',(34.0083705573258,65.,26.7464662842361));
#8138=CARTESIAN_POINT('',(34.0083705573258,62.4999986030161,26.7464662842361));
#8139=CARTESIAN_POINT('',(33.9508470532044,62.4999986030161,14.7916898880973));
#8140=CARTESIAN_POINT('',(34.0083705573258,65.,26.7464662842361));
#8141=CARTESIAN_POINT('',(33.9450187310352,65.,13.5804234786237));
#8142=CARTESIAN_POINT('',(34.0083705573258,65.,26.7464662842361));
#8143=CARTESIAN_POINT('Origin',(37.0166699431472,65.,28.4640619308499));
#8144=CARTESIAN_POINT('',(37.0166699431472,62.4999986030161,28.4640619308499));
#8145=CARTESIAN_POINT('',(17.576263750746,62.4999986030161,17.3645160539179));
#8146=CARTESIAN_POINT('',(37.0166699431472,65.,28.4640619308499));
#8147=CARTESIAN_POINT('',(62.179709483314,65.,42.8309588472479));
#8148=CARTESIAN_POINT('',(37.0166699431472,65.,28.4640619308499));
#8149=CARTESIAN_POINT('Origin',(40.008301099455,65.,26.7175960638463));
#8150=CARTESIAN_POINT('',(30.2520798178416,62.4999986030161,32.4131202006857));
#8151=CARTESIAN_POINT('',(75.6544624074429,65.,5.90794381682941));
#8152=CARTESIAN_POINT('Origin',(47.3916328699413,65.,23.2535345502289));
#8153=CARTESIAN_POINT('',(47.408301099455,62.4999986030161,26.7175960638463));
#8154=CARTESIAN_POINT('',(47.3916328699413,62.4999986030161,23.2535345502289));
#8155=CARTESIAN_POINT('',(47.3423578163652,62.4999986030161,13.0129858144216));
#8156=CARTESIAN_POINT('',(47.408301099455,65.,26.7175960638463));
#8157=CARTESIAN_POINT('',(47.408301099455,65.,26.7175960638463));
#8158=CARTESIAN_POINT('',(47.3916328699413,65.,23.2535345502289));
#8159=CARTESIAN_POINT('',(47.336529494196,65.,11.801719404948));
#8160=CARTESIAN_POINT('',(47.3916328699413,65.,23.2535345502289));
#8161=CARTESIAN_POINT('Origin',(44.3833334841199,65.,21.5359389036152));
#8162=CARTESIAN_POINT('',(44.3833334841199,62.4999986030161,21.5359389036152));
#8163=CARTESIAN_POINT('',(23.6567018829199,62.4999986030161,9.70201958861086));
#8164=CARTESIAN_POINT('',(44.3833334841199,65.,21.5359389036152));
#8165=CARTESIAN_POINT('',(68.2601476154879,65.,35.1684623819408));
#8166=CARTESIAN_POINT('',(44.3833334841199,65.,21.5359389036152));
#8167=CARTESIAN_POINT('Origin',(41.3917023278121,65.,23.2824047706188));
#8168=CARTESIAN_POINT('',(41.3917023278121,62.4999986030161,23.2824047706188));
#8169=CARTESIAN_POINT('',(30.3717573902737,62.4999986030161,29.7156703318129));
#8170=CARTESIAN_POINT('',(41.3917023278121,65.,23.2824047706188));
#8171=CARTESIAN_POINT('',(75.7741399798749,65.,3.21049394795658));
#8172=CARTESIAN_POINT('',(41.3917023278121,65.,23.2824047706188));
#8173=CARTESIAN_POINT('Origin',(41.4083705573258,65.,26.7464662842361));
#8174=CARTESIAN_POINT('',(41.4083705573258,62.4999986030161,26.7464662842361));
#8175=CARTESIAN_POINT('',(41.3507613889929,62.4999986030161,14.7738867916201));
#8176=CARTESIAN_POINT('',(41.4083705573258,65.,26.7464662842361));
#8177=CARTESIAN_POINT('',(41.3449330668237,65.,13.5626203821466));
#8178=CARTESIAN_POINT('',(41.4083705573258,65.,26.7464662842361));
#8179=CARTESIAN_POINT('Origin',(44.4166699431472,65.,28.4640619308499));
#8180=CARTESIAN_POINT('',(44.4166699431472,62.4999986030161,28.4640619308499));
#8181=CARTESIAN_POINT('',(22.1858886490365,62.4999986030161,15.7713447925387));
#8182=CARTESIAN_POINT('',(44.4166699431472,65.,28.4640619308499));
#8183=CARTESIAN_POINT('',(66.7893343816045,65.,41.2377875858686));
#8184=CARTESIAN_POINT('',(44.4166699431472,65.,28.4640619308499));
#8185=CARTESIAN_POINT('Origin',(47.408301099455,65.,26.7175960638463));
#8186=CARTESIAN_POINT('',(34.8925405837626,62.4999986030161,34.0240945585422));
#8187=CARTESIAN_POINT('',(80.2949231733639,65.,7.51891817468585));
#8188=CARTESIAN_POINT('Origin',(54.7916328699413,65.,23.2535345502289));
#8189=CARTESIAN_POINT('',(54.808301099455,62.4999986030161,26.7175960638463));
#8190=CARTESIAN_POINT('',(54.7916328699413,62.4999986030161,23.2535345502289));
#8191=CARTESIAN_POINT('',(54.7422721521537,62.4999986030161,12.9951827179444));
#8192=CARTESIAN_POINT('',(54.808301099455,65.,26.7175960638463));
#8193=CARTESIAN_POINT('',(54.808301099455,65.,26.7175960638463));
#8194=CARTESIAN_POINT('',(54.7916328699413,65.,23.2535345502289));
#8195=CARTESIAN_POINT('',(54.7364438299845,65.,11.7839163084708));
#8196=CARTESIAN_POINT('',(54.7916328699413,65.,23.2535345502289));
#8197=CARTESIAN_POINT('Origin',(51.7833334841199,65.,21.5359389036152));
#8198=CARTESIAN_POINT('',(51.7833334841199,62.4999986030161,21.5359389036152));
#8199=CARTESIAN_POINT('',(28.2663267812104,62.4999986030161,8.10884832723158));
#8200=CARTESIAN_POINT('',(51.7833334841199,65.,21.5359389036152));
#8201=CARTESIAN_POINT('',(72.8697725137784,65.,33.5752911205615));
#8202=CARTESIAN_POINT('',(51.7833334841199,65.,21.5359389036152));
#8203=CARTESIAN_POINT('Origin',(48.7917023278121,65.,23.2824047706188));
#8204=CARTESIAN_POINT('',(48.7917023278121,62.4999986030161,23.2824047706188));
#8205=CARTESIAN_POINT('',(35.0122181561947,62.4999986030161,31.3266446896693));
#8206=CARTESIAN_POINT('',(48.7917023278121,65.,23.2824047706188));
#8207=CARTESIAN_POINT('',(80.4146007457959,65.,4.82146830581303));
#8208=CARTESIAN_POINT('',(48.7917023278121,65.,23.2824047706188));
#8209=CARTESIAN_POINT('Origin',(48.8083705573258,65.,26.7464662842361));
#8210=CARTESIAN_POINT('',(48.8083705573258,62.4999986030161,26.7464662842361));
#8211=CARTESIAN_POINT('',(48.7506757247814,62.4999986030161,14.756083695143));
#8212=CARTESIAN_POINT('',(48.8083705573258,65.,26.7464662842361));
#8213=CARTESIAN_POINT('',(48.7448474026122,65.,13.5448172856694));
#8214=CARTESIAN_POINT('',(48.8083705573258,65.,26.7464662842361));
#8215=CARTESIAN_POINT('Origin',(51.8166699431472,65.,28.4640619308499));
#8216=CARTESIAN_POINT('',(51.8166699431472,62.4999986030161,28.4640619308499));
#8217=CARTESIAN_POINT('',(26.795513547327,62.4999986030161,14.1781735311594));
#8218=CARTESIAN_POINT('',(51.8166699431472,65.,28.4640619308499));
#8219=CARTESIAN_POINT('',(71.398959279895,65.,39.6446163244893));
#8220=CARTESIAN_POINT('',(51.8166699431472,65.,28.4640619308499));
#8221=CARTESIAN_POINT('Origin',(54.808301099455,65.,26.7175960638463));
#8222=CARTESIAN_POINT('',(39.5330013496837,62.4999986030161,35.6350689163986));
#8223=CARTESIAN_POINT('',(84.9353839392849,65.,9.1298925325423));
#8224=CARTESIAN_POINT('Origin',(62.1916328699413,65.,23.2535345502289));
#8225=CARTESIAN_POINT('',(62.208301099455,62.4999986030161,26.7175960638463));
#8226=CARTESIAN_POINT('',(62.1916328699413,62.4999986030161,23.2535345502289));
#8227=CARTESIAN_POINT('',(62.1421864879423,62.4999986030161,12.9773796214672));
#8228=CARTESIAN_POINT('',(62.208301099455,65.,26.7175960638463));
#8229=CARTESIAN_POINT('',(62.208301099455,65.,26.7175960638463));
#8230=CARTESIAN_POINT('',(62.1916328699413,65.,23.2535345502289));
#8231=CARTESIAN_POINT('',(62.1363581657731,65.,11.7661132119937));
#8232=CARTESIAN_POINT('',(62.1916328699413,65.,23.2535345502289));
#8233=CARTESIAN_POINT('Origin',(59.1833334841199,65.,21.5359389036152));
#8234=CARTESIAN_POINT('',(59.1833334841199,62.4999986030161,21.5359389036152));
#8235=CARTESIAN_POINT('',(32.8759516795009,62.4999986030161,6.51567706585231));
#8236=CARTESIAN_POINT('',(59.1833334841199,65.,21.5359389036152));
#8237=CARTESIAN_POINT('',(77.4793974120689,65.,31.9821198591822));
#8238=CARTESIAN_POINT('',(59.1833334841199,65.,21.5359389036152));
#8239=CARTESIAN_POINT('Origin',(56.1917023278121,65.,23.2824047706188));
#8240=CARTESIAN_POINT('',(56.1917023278121,62.4999986030161,23.2824047706188));
#8241=CARTESIAN_POINT('',(39.6526789221157,62.4999986030161,32.9376190475258));
#8242=CARTESIAN_POINT('',(56.1917023278121,65.,23.2824047706188));
#8243=CARTESIAN_POINT('',(85.0550615117169,65.,6.43244266366948));
#8244=CARTESIAN_POINT('',(56.1917023278121,65.,23.2824047706188));
#8245=CARTESIAN_POINT('Origin',(56.2083705573258,65.,26.7464662842361));
#8246=CARTESIAN_POINT('',(56.2083705573258,62.4999986030161,26.7464662842361));
#8247=CARTESIAN_POINT('',(56.1505900605699,62.4999986030161,14.7382805986658));
#8248=CARTESIAN_POINT('',(56.2083705573258,65.,26.7464662842361));
#8249=CARTESIAN_POINT('',(56.1447617384007,65.,13.5270141891922));
#8250=CARTESIAN_POINT('',(56.2083705573258,65.,26.7464662842361));
#8251=CARTESIAN_POINT('Origin',(59.2166699431472,65.,28.4640619308499));
#8252=CARTESIAN_POINT('',(59.2166699431472,62.4999986030161,28.4640619308499));
#8253=CARTESIAN_POINT('',(31.4051384456175,62.4999986030161,12.5850022697801));
#8254=CARTESIAN_POINT('',(59.2166699431472,65.,28.4640619308499));
#8255=CARTESIAN_POINT('',(76.0085841781855,65.,38.0514450631101));
#8256=CARTESIAN_POINT('',(59.2166699431472,65.,28.4640619308499));
#8257=CARTESIAN_POINT('Origin',(62.208301099455,65.,26.7175960638463));
#8258=CARTESIAN_POINT('',(44.1734621156047,62.4999986030161,37.2460432742551));
#8259=CARTESIAN_POINT('',(89.5758447052059,65.,10.7408668903987));
#8260=CARTESIAN_POINT('Origin',(69.5916328699413,65.,23.2535345502289));
#8261=CARTESIAN_POINT('',(69.608301099455,62.4999986030161,26.7175960638463));
#8262=CARTESIAN_POINT('',(69.5916328699413,62.4999986030161,23.2535345502289));
#8263=CARTESIAN_POINT('',(69.5421008237307,62.4999986030161,12.9595765249901));
#8264=CARTESIAN_POINT('',(69.608301099455,65.,26.7175960638463));
#8265=CARTESIAN_POINT('',(69.608301099455,65.,26.7175960638463));
#8266=CARTESIAN_POINT('',(69.5916328699413,65.,23.2535345502289));
#8267=CARTESIAN_POINT('',(69.5362725015616,65.,11.7483101155165));
#8268=CARTESIAN_POINT('',(69.5916328699413,65.,23.2535345502289));
#8269=CARTESIAN_POINT('Origin',(66.5833334841199,65.,21.5359389036152));
#8270=CARTESIAN_POINT('',(66.5833334841199,62.4999986030161,21.5359389036152));
#8271=CARTESIAN_POINT('',(37.4855765777914,62.4999986030161,4.92250580447303));
#8272=CARTESIAN_POINT('',(66.5833334841199,65.,21.5359389036152));
#8273=CARTESIAN_POINT('',(82.0890223103594,65.,30.388948597803));
#8274=CARTESIAN_POINT('',(66.5833334841199,65.,21.5359389036152));
#8275=CARTESIAN_POINT('Origin',(63.5917023278121,65.,23.2824047706188));
#8276=CARTESIAN_POINT('',(63.5917023278121,62.4999986030161,23.2824047706188));
#8277=CARTESIAN_POINT('',(44.2931396880367,62.4999986030161,34.5485934053822));
#8278=CARTESIAN_POINT('',(63.5917023278121,65.,23.2824047706188));
#8279=CARTESIAN_POINT('',(89.6955222776379,65.,8.04341702152592));
#8280=CARTESIAN_POINT('',(63.5917023278121,65.,23.2824047706188));
#8281=CARTESIAN_POINT('Origin',(63.6083705573258,65.,26.7464662842361));
#8282=CARTESIAN_POINT('',(63.6083705573258,62.4999986030161,26.7464662842361));
#8283=CARTESIAN_POINT('',(63.5505043963584,62.4999986030161,14.7204775021886));
#8284=CARTESIAN_POINT('',(63.6083705573258,65.,26.7464662842361));
#8285=CARTESIAN_POINT('',(63.5446760741892,65.,13.509211092715));
#8286=CARTESIAN_POINT('',(63.6083705573258,65.,26.7464662842361));
#8287=CARTESIAN_POINT('Origin',(66.6166699431472,65.,28.4640619308499));
#8288=CARTESIAN_POINT('',(66.6166699431472,62.4999986030161,28.4640619308499));
#8289=CARTESIAN_POINT('',(36.014763343908,62.4999986030161,10.9918310084008));
#8290=CARTESIAN_POINT('',(66.6166699431472,65.,28.4640619308499));
#8291=CARTESIAN_POINT('',(80.618209076476,65.,36.4582738017308));
#8292=CARTESIAN_POINT('',(66.6166699431472,65.,28.4640619308499));
#8293=CARTESIAN_POINT('Origin',(69.608301099455,65.,26.7175960638463));
#8294=CARTESIAN_POINT('',(48.8139228815257,62.4999986030161,38.8570176321115));
#8295=CARTESIAN_POINT('',(94.2163054711269,65.,12.3518412482552));
#8296=CARTESIAN_POINT('Origin',(76.9916328699413,65.,23.2535345502289));
#8297=CARTESIAN_POINT('',(77.0083010994549,62.4999986030161,26.7175960638463));
#8298=CARTESIAN_POINT('',(76.9916328699413,62.4999986030161,23.2535345502289));
#8299=CARTESIAN_POINT('',(76.9420151595193,62.4999986030161,12.9417734285129));
#8300=CARTESIAN_POINT('',(77.0083010994549,65.,26.7175960638463));
#8301=CARTESIAN_POINT('',(77.0083010994549,65.,26.7175960638463));
#8302=CARTESIAN_POINT('',(76.9916328699413,65.,23.2535345502289));
#8303=CARTESIAN_POINT('',(76.93618683735,65.,11.7305070190393));
#8304=CARTESIAN_POINT('',(76.9916328699413,65.,23.2535345502289));
#8305=CARTESIAN_POINT('Origin',(73.9833334841199,65.,21.5359389036152));
#8306=CARTESIAN_POINT('',(73.9833334841199,62.4999986030161,21.5359389036152));
#8307=CARTESIAN_POINT('',(42.0952014760818,62.4999986030161,3.32933454309376));
#8308=CARTESIAN_POINT('',(73.9833334841199,65.,21.5359389036152));
#8309=CARTESIAN_POINT('',(86.6986472086499,65.,28.7957773364237));
#8310=CARTESIAN_POINT('',(73.9833334841199,65.,21.5359389036152));
#8311=CARTESIAN_POINT('Origin',(70.9917023278121,65.,23.2824047706188));
#8312=CARTESIAN_POINT('',(70.9917023278121,62.4999986030161,23.2824047706188));
#8313=CARTESIAN_POINT('',(48.9336004539577,62.4999986030161,36.1595677632387));
#8314=CARTESIAN_POINT('',(70.9917023278121,65.,23.2824047706188));
#8315=CARTESIAN_POINT('',(94.3359830435589,65.,9.65439137938237));
#8316=CARTESIAN_POINT('',(70.9917023278121,65.,23.2824047706188));
#8317=CARTESIAN_POINT('Origin',(71.0083705573258,65.,26.7464662842361));
#8318=CARTESIAN_POINT('',(71.0083705573258,62.4999986030161,26.7464662842361));
#8319=CARTESIAN_POINT('',(70.9504187321469,62.4999986030161,14.7026744057114));
#8320=CARTESIAN_POINT('',(71.0083705573258,65.,26.7464662842361));
#8321=CARTESIAN_POINT('',(70.9445904099777,65.,13.4914079962379));
#8322=CARTESIAN_POINT('',(71.0083705573258,65.,26.7464662842361));
#8323=CARTESIAN_POINT('Origin',(74.0166699431472,65.,28.4640619308499));
#8324=CARTESIAN_POINT('',(74.0166699431472,62.4999986030161,28.4640619308499));
#8325=CARTESIAN_POINT('',(40.6243882421985,62.4999986030161,9.39865974702157));
#8326=CARTESIAN_POINT('',(74.0166699431472,65.,28.4640619308499));
#8327=CARTESIAN_POINT('',(85.2278339747665,65.,34.8651025403515));
#8328=CARTESIAN_POINT('',(74.0166699431472,65.,28.4640619308499));
#8329=CARTESIAN_POINT('Origin',(77.0083010994549,65.,26.7175960638463));
#8330=CARTESIAN_POINT('',(53.4543836474467,62.4999986030161,40.4679919899679));
#8331=CARTESIAN_POINT('',(98.8567662370479,65.,13.9628156061116));
#8332=CARTESIAN_POINT('Origin',(84.3916328699413,65.,23.2535345502289));
#8333=CARTESIAN_POINT('',(84.408301099455,62.4999986030161,26.7175960638463));
#8334=CARTESIAN_POINT('',(84.3916328699413,62.4999986030161,23.2535345502289));
#8335=CARTESIAN_POINT('',(84.3419294953078,62.4999986030161,12.9239703320357));
#8336=CARTESIAN_POINT('',(84.408301099455,65.,26.7175960638463));
#8337=CARTESIAN_POINT('',(84.408301099455,65.,26.7175960638463));
#8338=CARTESIAN_POINT('',(84.3916328699413,65.,23.2535345502289));
#8339=CARTESIAN_POINT('',(84.3361011731386,65.,11.7127039225621));
#8340=CARTESIAN_POINT('',(84.3916328699413,65.,23.2535345502289));
#8341=CARTESIAN_POINT('Origin',(81.3833334841199,65.,21.5359389036152));
#8342=CARTESIAN_POINT('',(81.3833334841199,62.4999986030161,21.5359389036152));
#8343=CARTESIAN_POINT('',(46.7048263743724,62.4999986030161,1.73616328171448));
#8344=CARTESIAN_POINT('',(81.3833334841199,65.,21.5359389036152));
#8345=CARTESIAN_POINT('',(91.3082721069404,65.,27.2026060750444));
#8346=CARTESIAN_POINT('',(81.3833334841199,65.,21.5359389036152));
#8347=CARTESIAN_POINT('Origin',(78.3917023278121,65.,23.2824047706188));
#8348=CARTESIAN_POINT('',(78.3917023278121,62.4999986030161,23.2824047706188));
#8349=CARTESIAN_POINT('',(53.5740612198787,62.4999986030161,37.7705421210951));
#8350=CARTESIAN_POINT('',(78.3917023278121,65.,23.2824047706188));
#8351=CARTESIAN_POINT('',(98.9764438094799,65.,11.2653657372388));
#8352=CARTESIAN_POINT('',(78.3917023278121,65.,23.2824047706188));
#8353=CARTESIAN_POINT('Origin',(78.4083705573258,65.,26.7464662842361));
#8354=CARTESIAN_POINT('',(78.4083705573258,62.4999986030161,26.7464662842361));
#8355=CARTESIAN_POINT('',(78.3503330679354,62.4999986030161,14.6848713092343));
#8356=CARTESIAN_POINT('',(78.4083705573258,65.,26.7464662842361));
#8357=CARTESIAN_POINT('',(78.3445047457662,65.,13.4736048997607));
#8358=CARTESIAN_POINT('',(78.4083705573258,65.,26.7464662842361));
#8359=CARTESIAN_POINT('Origin',(81.4166699431472,65.,28.4640619308499));
#8360=CARTESIAN_POINT('',(81.4166699431472,62.4999986030161,28.4640619308499));
#8361=CARTESIAN_POINT('',(45.234013140489,62.4999986030161,7.80548848564229));
#8362=CARTESIAN_POINT('',(81.4166699431472,65.,28.4640619308499));
#8363=CARTESIAN_POINT('',(89.837458873057,65.,33.2719312789722));
#8364=CARTESIAN_POINT('',(81.4166699431472,65.,28.4640619308499));
#8365=CARTESIAN_POINT('Origin',(84.408301099455,65.,26.7175960638463));
#8366=CARTESIAN_POINT('',(58.0948444133677,62.4999986030161,42.0789663478244));
#8367=CARTESIAN_POINT('',(103.497227002969,65.,15.5737899639681));
#8368=CARTESIAN_POINT('Origin',(91.7916328699413,65.,23.2535345502289));
#8369=CARTESIAN_POINT('',(91.808301099455,62.4999986030161,26.7175960638463));
#8370=CARTESIAN_POINT('',(91.7916328699413,62.4999986030161,23.2535345502289));
#8371=CARTESIAN_POINT('',(91.7418438310963,62.4999986030161,12.9061672355585));
#8372=CARTESIAN_POINT('',(91.808301099455,65.,26.7175960638463));
#8373=CARTESIAN_POINT('',(91.808301099455,65.,26.7175960638463));
#8374=CARTESIAN_POINT('',(91.7916328699413,65.,23.2535345502289));
#8375=CARTESIAN_POINT('',(91.7360155089271,65.,11.694900826085));
#8376=CARTESIAN_POINT('',(91.7916328699413,65.,23.2535345502289));
#8377=CARTESIAN_POINT('Origin',(88.7833334841199,65.,21.5359389036152));
#8378=CARTESIAN_POINT('',(88.7833334841199,62.4999986030161,21.5359389036152));
#8379=CARTESIAN_POINT('',(51.3144512726628,62.4999986030161,0.142992020335209));
#8380=CARTESIAN_POINT('',(88.7833334841199,65.,21.5359389036152));
#8381=CARTESIAN_POINT('',(95.9178970052308,65.,25.6094348136651));
#8382=CARTESIAN_POINT('',(88.7833334841199,65.,21.5359389036152));
#8383=CARTESIAN_POINT('Origin',(85.7917023278121,65.,23.2824047706188));
#8384=CARTESIAN_POINT('',(85.7917023278121,62.4999986030161,23.2824047706188));
#8385=CARTESIAN_POINT('',(58.2145219857997,62.4999986030161,39.3815164789516));
#8386=CARTESIAN_POINT('',(85.7917023278121,65.,23.2824047706188));
#8387=CARTESIAN_POINT('',(103.616904575401,65.,12.8763400950953));
#8388=CARTESIAN_POINT('',(85.7917023278121,65.,23.2824047706188));
#8389=CARTESIAN_POINT('Origin',(85.8083705573258,65.,26.7464662842361));
#8390=CARTESIAN_POINT('',(85.8083705573258,62.4999986030161,26.7464662842361));
#8391=CARTESIAN_POINT('',(85.7502474037239,62.4999986030161,14.6670682127571));
#8392=CARTESIAN_POINT('',(85.8083705573258,65.,26.7464662842361));
#8393=CARTESIAN_POINT('',(85.7444190815547,65.,13.4558018032835));
#8394=CARTESIAN_POINT('',(85.8083705573258,65.,26.7464662842361));
#8395=CARTESIAN_POINT('Origin',(88.8166699431472,65.,28.4640619308499));
#8396=CARTESIAN_POINT('',(88.8166699431472,62.4999986030161,28.4640619308499));
#8397=CARTESIAN_POINT('',(49.8436380387794,62.4999986030161,6.21231722426302));
#8398=CARTESIAN_POINT('',(88.8166699431472,65.,28.4640619308499));
#8399=CARTESIAN_POINT('',(94.4470837713475,65.,31.678760017593));
#8400=CARTESIAN_POINT('',(88.8166699431472,65.,28.4640619308499));
#8401=CARTESIAN_POINT('Origin',(91.808301099455,65.,26.7175960638463));
#8402=CARTESIAN_POINT('',(62.7353051792887,62.4999986030161,43.6899407056808));
#8403=CARTESIAN_POINT('',(108.13768776889,65.,17.1847643218245));
#8404=CARTESIAN_POINT('Origin',(99.1916328699413,65.,23.2535345502289));
#8405=CARTESIAN_POINT('',(99.208301099455,62.4999986030161,26.7175960638463));
#8406=CARTESIAN_POINT('',(99.1916328699413,62.4999986030161,23.2535345502289));
#8407=CARTESIAN_POINT('',(99.1417581668848,62.4999986030161,12.8883641390814));
#8408=CARTESIAN_POINT('',(99.208301099455,65.,26.7175960638463));
#8409=CARTESIAN_POINT('',(99.208301099455,65.,26.7175960638463));
#8410=CARTESIAN_POINT('',(99.1916328699413,65.,23.2535345502289));
#8411=CARTESIAN_POINT('',(99.1359298447156,65.,11.6770977296078));
#8412=CARTESIAN_POINT('',(99.1916328699413,65.,23.2535345502289));
#8413=CARTESIAN_POINT('Origin',(96.1833334841199,65.,21.5359389036152));
#8414=CARTESIAN_POINT('',(96.1833334841199,62.4999986030161,21.5359389036152));
#8415=CARTESIAN_POINT('',(55.9240761709533,62.4999986030161,-1.45017924104407));
#8416=CARTESIAN_POINT('',(96.1833334841199,65.,21.5359389036152));
#8417=CARTESIAN_POINT('',(100.527521903521,65.,24.0162635522859));
#8418=CARTESIAN_POINT('',(96.1833334841199,65.,21.5359389036152));
#8419=CARTESIAN_POINT('Origin',(93.1917023278121,65.,23.2824047706188));
#8420=CARTESIAN_POINT('',(93.1917023278121,62.4999986030161,23.2824047706188));
#8421=CARTESIAN_POINT('',(62.8549827517207,62.4999986030161,40.992490836808));
#8422=CARTESIAN_POINT('',(93.1917023278121,65.,23.2824047706188));
#8423=CARTESIAN_POINT('',(108.257365341322,65.,14.4873144529517));
#8424=CARTESIAN_POINT('',(93.1917023278121,65.,23.2824047706188));
#8425=CARTESIAN_POINT('Origin',(93.2083705573258,65.,26.7464662842361));
#8426=CARTESIAN_POINT('',(93.2083705573258,62.4999986030161,26.7464662842361));
#8427=CARTESIAN_POINT('',(93.1501617395124,62.4999986030161,14.6492651162799));
#8428=CARTESIAN_POINT('',(93.2083705573258,65.,26.7464662842361));
#8429=CARTESIAN_POINT('',(93.1443334173432,65.,13.4379987068063));
#8430=CARTESIAN_POINT('',(93.2083705573258,65.,26.7464662842361));
#8431=CARTESIAN_POINT('Origin',(96.2166699431472,65.,28.4640619308499));
#8432=CARTESIAN_POINT('',(96.2166699431472,62.4999986030161,28.4640619308499));
#8433=CARTESIAN_POINT('',(54.4532629370699,62.4999986030161,4.61914596288374));
#8434=CARTESIAN_POINT('',(96.2166699431472,65.,28.4640619308499));
#8435=CARTESIAN_POINT('',(99.056708669638,65.,30.0855887562137));
#8436=CARTESIAN_POINT('',(96.2166699431472,65.,28.4640619308499));
#8437=CARTESIAN_POINT('Origin',(99.208301099455,65.,26.7175960638463));
#8438=CARTESIAN_POINT('',(67.3757659452097,62.4999986030161,45.3009150635373));
#8439=CARTESIAN_POINT('',(112.778148534811,65.,18.795738679681));
#8440=CARTESIAN_POINT('Origin',(106.591632869941,65.,23.2535345502289));
#8441=CARTESIAN_POINT('',(106.608301099455,62.4999986030161,26.7175960638463));
#8442=CARTESIAN_POINT('',(106.591632869941,62.4999986030161,23.2535345502289));
#8443=CARTESIAN_POINT('',(106.541672502673,62.4999986030161,12.8705610426042));
#8444=CARTESIAN_POINT('',(106.608301099455,65.,26.7175960638463));
#8445=CARTESIAN_POINT('',(106.608301099455,65.,26.7175960638463));
#8446=CARTESIAN_POINT('',(106.591632869941,65.,23.2535345502289));
#8447=CARTESIAN_POINT('',(106.535844180504,65.,11.6592946331306));
#8448=CARTESIAN_POINT('',(106.591632869941,65.,23.2535345502289));
#8449=CARTESIAN_POINT('Origin',(103.58333348412,65.,21.5359389036152));
#8450=CARTESIAN_POINT('',(103.58333348412,62.4999986030161,21.5359389036152));
#8451=CARTESIAN_POINT('',(60.5337010692438,62.4999986030161,-3.04335050242334));
#8452=CARTESIAN_POINT('',(103.58333348412,65.,21.5359389036152));
#8453=CARTESIAN_POINT('',(105.137146801812,65.,22.4230922909066));
#8454=CARTESIAN_POINT('',(103.58333348412,65.,21.5359389036152));
#8455=CARTESIAN_POINT('Origin',(100.591702327812,65.,23.2824047706188));
#8456=CARTESIAN_POINT('',(100.591702327812,62.4999986030161,23.2824047706188));
#8457=CARTESIAN_POINT('',(67.4954435176417,62.4999986030161,42.6034651946645));
#8458=CARTESIAN_POINT('',(100.591702327812,65.,23.2824047706188));
#8459=CARTESIAN_POINT('',(112.897826107243,65.,16.0982888108082));
#8460=CARTESIAN_POINT('',(100.591702327812,65.,23.2824047706188));
#8461=CARTESIAN_POINT('Origin',(100.608370557326,65.,26.7464662842361));
#8462=CARTESIAN_POINT('',(100.608370557326,62.4999986030161,26.7464662842361));
#8463=CARTESIAN_POINT('',(100.550076075301,62.4999986030161,14.6314620198027));
#8464=CARTESIAN_POINT('',(100.608370557326,65.,26.7464662842361));
#8465=CARTESIAN_POINT('',(100.544247753132,65.,13.4201956103292));
#8466=CARTESIAN_POINT('',(100.608370557326,65.,26.7464662842361));
#8467=CARTESIAN_POINT('Origin',(103.616669943147,65.,28.4640619308499));
#8468=CARTESIAN_POINT('',(103.616669943147,62.4999986030161,28.4640619308499));
#8469=CARTESIAN_POINT('',(59.0628878353604,62.4999986030161,3.02597470150447));
#8470=CARTESIAN_POINT('',(103.616669943147,65.,28.4640619308499));
#8471=CARTESIAN_POINT('',(103.666333567928,65.,28.4924174948344));
#8472=CARTESIAN_POINT('',(103.616669943147,65.,28.4640619308499));
#8473=CARTESIAN_POINT('Origin',(106.608301099455,65.,26.7175960638463));
#8474=CARTESIAN_POINT('',(72.0162267111307,62.4999986030161,46.9118894213937));
#8475=CARTESIAN_POINT('',(117.418609300732,65.,20.4067130375374));
#8476=CARTESIAN_POINT('Origin',(113.991632869941,65.,23.2535345502289));
#8477=CARTESIAN_POINT('',(114.008301099455,62.4999986030161,26.7175960638463));
#8478=CARTESIAN_POINT('',(113.991632869941,62.4999986030161,23.2535345502289));
#8479=CARTESIAN_POINT('',(113.941586838462,62.4999986030161,12.852757946127));
#8480=CARTESIAN_POINT('',(114.008301099455,65.,26.7175960638463));
#8481=CARTESIAN_POINT('',(114.008301099455,65.,26.7175960638463));
#8482=CARTESIAN_POINT('',(113.991632869941,65.,23.2535345502289));
#8483=CARTESIAN_POINT('',(113.935758516293,65.,11.6414915366534));
#8484=CARTESIAN_POINT('',(113.991632869941,65.,23.2535345502289));
#8485=CARTESIAN_POINT('Origin',(110.98333348412,65.,21.5359389036152));
#8486=CARTESIAN_POINT('',(110.98333348412,62.4999986030161,21.5359389036152));
#8487=CARTESIAN_POINT('',(65.1433259675343,62.4999986030161,-4.63652176380261));
#8488=CARTESIAN_POINT('',(110.98333348412,65.,21.5359389036152));
#8489=CARTESIAN_POINT('',(109.746771700102,65.,20.8299210295273));
#8490=CARTESIAN_POINT('',(110.98333348412,65.,21.5359389036152));
#8491=CARTESIAN_POINT('Origin',(107.991702327812,65.,23.2824047706188));
#8492=CARTESIAN_POINT('',(107.991702327812,62.4999986030161,23.2824047706188));
#8493=CARTESIAN_POINT('',(72.1359042835627,62.4999986030161,44.2144395525209));
#8494=CARTESIAN_POINT('',(107.991702327812,65.,23.2824047706188));
#8495=CARTESIAN_POINT('',(117.538286873164,65.,17.7092631686646));
#8496=CARTESIAN_POINT('',(107.991702327812,65.,23.2824047706188));
#8497=CARTESIAN_POINT('Origin',(108.008370557326,65.,26.7464662842361));
#8498=CARTESIAN_POINT('',(108.008370557326,62.4999986030161,26.7464662842361));
#8499=CARTESIAN_POINT('',(107.949990411089,62.4999986030161,14.6136589233256));
#8500=CARTESIAN_POINT('',(108.008370557326,65.,26.7464662842361));
#8501=CARTESIAN_POINT('',(107.94416208892,65.,13.402392513852));
#8502=CARTESIAN_POINT('',(108.008370557326,65.,26.7464662842361));
#8503=CARTESIAN_POINT('Origin',(111.016669943147,65.,28.4640619308499));
#8504=CARTESIAN_POINT('',(111.016669943147,62.4999986030161,28.4640619308499));
#8505=CARTESIAN_POINT('',(63.6725127336509,62.4999986030161,1.43280344012519));
#8506=CARTESIAN_POINT('',(111.016669943147,65.,28.4640619308499));
#8507=CARTESIAN_POINT('',(108.275958466219,65.,26.8992462334551));
#8508=CARTESIAN_POINT('',(111.016669943147,65.,28.4640619308499));
#8509=CARTESIAN_POINT('Origin',(114.008301099455,65.,26.7175960638463));
#8510=CARTESIAN_POINT('',(76.6566874770517,62.4999986030161,48.5228637792502));
#8511=CARTESIAN_POINT('',(122.059070066653,65.,22.0176873953939));
#8512=CARTESIAN_POINT('Origin',(120.,8.4872558200729,29.2902133799625));
#8513=CARTESIAN_POINT('',(120.,8.51290888087885,32.7542200081997));
#8514=CARTESIAN_POINT('',(120.,8.4872558200729,29.2902133799625));
#8515=CARTESIAN_POINT('Origin',(120.,11.474347028601,27.5359938635011));
#8516=CARTESIAN_POINT('',(120.,11.474347028601,27.5359938635011));
#8517=CARTESIAN_POINT('Origin',(120.,14.4870912979351,29.2457809752769));
#8518=CARTESIAN_POINT('',(120.,14.4870912979351,29.2457809752769));
#8519=CARTESIAN_POINT('Origin',(120.,14.512744358741,32.7097876035141));
#8520=CARTESIAN_POINT('',(120.,14.512744358741,32.7097876035141));
#8521=CARTESIAN_POINT('Origin',(120.,11.5256531502129,34.4640071199755));
#8522=CARTESIAN_POINT('',(120.,11.5256531502129,34.4640071199755));
#8523=CARTESIAN_POINT('Origin',(120.,8.51290888087885,32.7542200081997));
#8524=CARTESIAN_POINT('Origin',(120.,11.9808966705063,23.3014686960655));
#8525=CARTESIAN_POINT('',(120.,12.0194771531767,26.7653554647629));
#8526=CARTESIAN_POINT('',(120.,11.9808966705063,23.3014686960655));
#8527=CARTESIAN_POINT('Origin',(120.,14.9614203666958,21.536113633634));
#8528=CARTESIAN_POINT('',(120.,14.9614203666958,21.536113633634));
#8529=CARTESIAN_POINT('Origin',(120.,17.9805245455557,23.2346453398998));
#8530=CARTESIAN_POINT('',(120.,17.9805245455557,23.2346453398998));
#8531=CARTESIAN_POINT('Origin',(120.,18.0191050282261,26.6985321085972));
#8532=CARTESIAN_POINT('',(120.,18.0191050282261,26.6985321085972));
#8533=CARTESIAN_POINT('Origin',(120.,15.0385813320366,28.4638871710287));
#8534=CARTESIAN_POINT('',(120.,15.0385813320366,28.4638871710287));
#8535=CARTESIAN_POINT('Origin',(120.,12.0194771531767,26.7653554647629));
#8536=CARTESIAN_POINT('Origin',(120.,18.6475633371729,23.3014686960655));
#8537=CARTESIAN_POINT('',(120.,18.6861438198433,26.7653554647629));
#8538=CARTESIAN_POINT('',(120.,18.6475633371729,23.3014686960655));
#8539=CARTESIAN_POINT('Origin',(120.,21.6280870333624,21.536113633634));
#8540=CARTESIAN_POINT('',(120.,21.6280870333624,21.536113633634));
#8541=CARTESIAN_POINT('Origin',(120.,24.6471912122224,23.2346453398998));
#8542=CARTESIAN_POINT('',(120.,24.6471912122224,23.2346453398998));
#8543=CARTESIAN_POINT('Origin',(120.,24.6857716948928,26.6985321085972));
#8544=CARTESIAN_POINT('',(120.,24.6857716948928,26.6985321085972));
#8545=CARTESIAN_POINT('Origin',(120.,21.7052479987033,28.4638871710287));
#8546=CARTESIAN_POINT('',(120.,21.7052479987033,28.4638871710287));
#8547=CARTESIAN_POINT('Origin',(120.,18.6861438198433,26.7653554647629));
#8548=CARTESIAN_POINT('Origin',(120.,25.3142300038396,23.3014686960655));
#8549=CARTESIAN_POINT('',(120.,25.35281048651,26.7653554647629));
#8550=CARTESIAN_POINT('',(120.,25.3142300038396,23.3014686960655));
#8551=CARTESIAN_POINT('Origin',(120.,28.2947537000291,21.536113633634));
#8552=CARTESIAN_POINT('',(120.,28.2947537000291,21.536113633634));
#8553=CARTESIAN_POINT('Origin',(120.,31.3138578788891,23.2346453398998));
#8554=CARTESIAN_POINT('',(120.,31.3138578788891,23.2346453398998));
#8555=CARTESIAN_POINT('Origin',(120.,31.3524383615595,26.6985321085972));
#8556=CARTESIAN_POINT('',(120.,31.3524383615595,26.6985321085972));
#8557=CARTESIAN_POINT('Origin',(120.,28.3719146653699,28.4638871710287));
#8558=CARTESIAN_POINT('',(120.,28.3719146653699,28.4638871710287));
#8559=CARTESIAN_POINT('Origin',(120.,25.35281048651,26.7653554647629));
#8560=CARTESIAN_POINT('Origin',(120.,31.9808966705063,23.3014686960655));
#8561=CARTESIAN_POINT('',(120.,32.0194771531767,26.7653554647629));
#8562=CARTESIAN_POINT('',(120.,31.9808966705063,23.3014686960655));
#8563=CARTESIAN_POINT('Origin',(120.,34.9614203666958,21.536113633634));
#8564=CARTESIAN_POINT('',(120.,34.9614203666958,21.536113633634));
#8565=CARTESIAN_POINT('Origin',(120.,37.9805245455557,23.2346453398998));
#8566=CARTESIAN_POINT('',(120.,37.9805245455557,23.2346453398998));
#8567=CARTESIAN_POINT('Origin',(120.,38.0191050282261,26.6985321085972));
#8568=CARTESIAN_POINT('',(120.,38.0191050282261,26.6985321085972));
#8569=CARTESIAN_POINT('Origin',(120.,35.0385813320366,28.4638871710287));
#8570=CARTESIAN_POINT('',(120.,35.0385813320366,28.4638871710287));
#8571=CARTESIAN_POINT('Origin',(120.,32.0194771531767,26.7653554647629));
#8572=CARTESIAN_POINT('Origin',(120.,38.6475633371729,23.3014686960655));
#8573=CARTESIAN_POINT('',(120.,38.6861438198433,26.7653554647629));
#8574=CARTESIAN_POINT('',(120.,38.6475633371729,23.3014686960655));
#8575=CARTESIAN_POINT('Origin',(120.,41.6280870333624,21.536113633634));
#8576=CARTESIAN_POINT('',(120.,41.6280870333624,21.536113633634));
#8577=CARTESIAN_POINT('Origin',(120.,44.6471912122224,23.2346453398998));
#8578=CARTESIAN_POINT('',(120.,44.6471912122224,23.2346453398998));
#8579=CARTESIAN_POINT('Origin',(120.,44.6857716948928,26.6985321085972));
#8580=CARTESIAN_POINT('',(120.,44.6857716948928,26.6985321085972));
#8581=CARTESIAN_POINT('Origin',(120.,41.7052479987033,28.4638871710287));
#8582=CARTESIAN_POINT('',(120.,41.7052479987033,28.4638871710287));
#8583=CARTESIAN_POINT('Origin',(120.,38.6861438198433,26.7653554647629));
#8584=CARTESIAN_POINT('Origin',(120.,45.3142300038396,23.3014686960655));
#8585=CARTESIAN_POINT('',(120.,45.35281048651,26.7653554647629));
#8586=CARTESIAN_POINT('',(120.,45.3142300038396,23.3014686960655));
#8587=CARTESIAN_POINT('Origin',(120.,48.2947537000291,21.536113633634));
#8588=CARTESIAN_POINT('',(120.,48.2947537000291,21.536113633634));
#8589=CARTESIAN_POINT('Origin',(120.,51.3138578788891,23.2346453398998));
#8590=CARTESIAN_POINT('',(120.,51.3138578788891,23.2346453398998));
#8591=CARTESIAN_POINT('Origin',(120.,51.3524383615595,26.6985321085972));
#8592=CARTESIAN_POINT('',(120.,51.3524383615595,26.6985321085972));
#8593=CARTESIAN_POINT('Origin',(120.,48.3719146653699,28.4638871710287));
#8594=CARTESIAN_POINT('',(120.,48.3719146653699,28.4638871710287));
#8595=CARTESIAN_POINT('Origin',(120.,45.35281048651,26.7653554647629));
#8596=CARTESIAN_POINT('Origin',(120.,14.9997604861593,32.7316348556722));
#8597=CARTESIAN_POINT('',(120.,17.9995200502558,34.4641020437055));
#8598=CARTESIAN_POINT('',(120.,14.9997604861593,32.7316348556722));
#8599=CARTESIAN_POINT('Origin',(120.,15.0002413001709,29.2675332739027));
#8600=CARTESIAN_POINT('',(120.,15.0002413001709,29.2675332739027));
#8601=CARTESIAN_POINT('Origin',(120.,18.0004816782789,27.5358988801665));
#8602=CARTESIAN_POINT('',(120.,18.0004816782789,27.5358988801665));
#8603=CARTESIAN_POINT('Origin',(120.,21.0002412423754,29.2683660681998));
#8604=CARTESIAN_POINT('',(120.,21.0002412423754,29.2683660681998));
#8605=CARTESIAN_POINT('Origin',(120.,20.9997604283638,32.7324676499693));
#8606=CARTESIAN_POINT('',(120.,20.9997604283638,32.7324676499693));
#8607=CARTESIAN_POINT('Origin',(120.,17.9995200502558,34.4641020437055));
#8608=CARTESIAN_POINT('Origin',(120.,21.666427152826,32.7316348556722));
#8609=CARTESIAN_POINT('',(120.,24.6661867169224,34.4641020437055));
#8610=CARTESIAN_POINT('',(120.,21.666427152826,32.7316348556722));
#8611=CARTESIAN_POINT('Origin',(120.,21.6669079668376,29.2675332739027));
#8612=CARTESIAN_POINT('',(120.,21.6669079668376,29.2675332739027));
#8613=CARTESIAN_POINT('Origin',(120.,24.6671483449456,27.5358988801665));
#8614=CARTESIAN_POINT('',(120.,24.6671483449456,27.5358988801665));
#8615=CARTESIAN_POINT('Origin',(120.,27.666907909042,29.2683660681998));
#8616=CARTESIAN_POINT('',(120.,27.666907909042,29.2683660681998));
#8617=CARTESIAN_POINT('Origin',(120.,27.6664270950305,32.7324676499693));
#8618=CARTESIAN_POINT('',(120.,27.6664270950305,32.7324676499693));
#8619=CARTESIAN_POINT('Origin',(120.,24.6661867169224,34.4641020437055));
#8620=CARTESIAN_POINT('Origin',(120.,28.3330938194927,32.7316348556722));
#8621=CARTESIAN_POINT('',(120.,31.3328533835891,34.4641020437055));
#8622=CARTESIAN_POINT('',(120.,28.3330938194927,32.7316348556722));
#8623=CARTESIAN_POINT('Origin',(120.,28.3335746335042,29.2675332739027));
#8624=CARTESIAN_POINT('',(120.,28.3335746335042,29.2675332739027));
#8625=CARTESIAN_POINT('Origin',(120.,31.3338150116123,27.5358988801665));
#8626=CARTESIAN_POINT('',(120.,31.3338150116123,27.5358988801665));
#8627=CARTESIAN_POINT('Origin',(120.,34.3335745757087,29.2683660681998));
#8628=CARTESIAN_POINT('',(120.,34.3335745757087,29.2683660681998));
#8629=CARTESIAN_POINT('Origin',(120.,34.3330937616971,32.7324676499693));
#8630=CARTESIAN_POINT('',(120.,34.3330937616971,32.7324676499693));
#8631=CARTESIAN_POINT('Origin',(120.,31.3328533835891,34.4641020437055));
#8632=CARTESIAN_POINT('Origin',(120.,34.9997604861593,32.7316348556722));
#8633=CARTESIAN_POINT('',(120.,37.9995200502558,34.4641020437055));
#8634=CARTESIAN_POINT('',(120.,34.9997604861593,32.7316348556722));
#8635=CARTESIAN_POINT('Origin',(120.,35.0002413001709,29.2675332739027));
#8636=CARTESIAN_POINT('',(120.,35.0002413001709,29.2675332739027));
#8637=CARTESIAN_POINT('Origin',(120.,38.0004816782789,27.5358988801665));
#8638=CARTESIAN_POINT('',(120.,38.0004816782789,27.5358988801665));
#8639=CARTESIAN_POINT('Origin',(120.,41.0002412423754,29.2683660681998));
#8640=CARTESIAN_POINT('',(120.,41.0002412423754,29.2683660681998));
#8641=CARTESIAN_POINT('Origin',(120.,40.9997604283638,32.7324676499693));
#8642=CARTESIAN_POINT('',(120.,40.9997604283638,32.7324676499693));
#8643=CARTESIAN_POINT('Origin',(120.,37.9995200502558,34.4641020437055));
#8644=CARTESIAN_POINT('Origin',(120.,41.666427152826,32.7316348556722));
#8645=CARTESIAN_POINT('',(120.,44.6661867169224,34.4641020437055));
#8646=CARTESIAN_POINT('',(120.,41.666427152826,32.7316348556722));
#8647=CARTESIAN_POINT('Origin',(120.,41.6669079668376,29.2675332739027));
#8648=CARTESIAN_POINT('',(120.,41.6669079668376,29.2675332739027));
#8649=CARTESIAN_POINT('Origin',(120.,44.6671483449456,27.5358988801665));
#8650=CARTESIAN_POINT('',(120.,44.6671483449456,27.5358988801665));
#8651=CARTESIAN_POINT('Origin',(120.,47.666907909042,29.2683660681998));
#8652=CARTESIAN_POINT('',(120.,47.666907909042,29.2683660681998));
#8653=CARTESIAN_POINT('Origin',(120.,47.6664270950305,32.7324676499693));
#8654=CARTESIAN_POINT('',(120.,47.6664270950305,32.7324676499693));
#8655=CARTESIAN_POINT('Origin',(120.,44.6661867169224,34.4641020437055));
#8656=CARTESIAN_POINT('Origin',(120.,48.3330938194926,32.7316348556722));
#8657=CARTESIAN_POINT('',(120.,51.3328533835891,34.4641020437055));
#8658=CARTESIAN_POINT('',(120.,48.3330938194926,32.7316348556722));
#8659=CARTESIAN_POINT('Origin',(120.,48.3335746335042,29.2675332739027));
#8660=CARTESIAN_POINT('',(120.,48.3335746335042,29.2675332739027));
#8661=CARTESIAN_POINT('Origin',(120.,51.3338150116123,27.5358988801665));
#8662=CARTESIAN_POINT('',(120.,51.3338150116123,27.5358988801665));
#8663=CARTESIAN_POINT('Origin',(120.,54.3335745757087,29.2683660681998));
#8664=CARTESIAN_POINT('',(120.,54.3335745757087,29.2683660681998));
#8665=CARTESIAN_POINT('Origin',(120.,54.3330937616971,32.7324676499693));
#8666=CARTESIAN_POINT('',(120.,54.3330937616971,32.7324676499693));
#8667=CARTESIAN_POINT('Origin',(120.,51.3328533835891,34.4641020437055));
#8668=CARTESIAN_POINT('Origin',(120.,51.9808966705063,23.3014686960655));
#8669=CARTESIAN_POINT('',(120.,52.0194771531767,26.7653554647629));
#8670=CARTESIAN_POINT('',(120.,51.9808966705063,23.3014686960655));
#8671=CARTESIAN_POINT('Origin',(120.,54.9614203666958,21.536113633634));
#8672=CARTESIAN_POINT('',(120.,54.9614203666958,21.536113633634));
#8673=CARTESIAN_POINT('Origin',(120.,57.9805245455557,23.2346453398998));
#8674=CARTESIAN_POINT('',(120.,57.9805245455557,23.2346453398998));
#8675=CARTESIAN_POINT('Origin',(120.,58.0191050282261,26.6985321085972));
#8676=CARTESIAN_POINT('',(120.,58.0191050282261,26.6985321085972));
#8677=CARTESIAN_POINT('Origin',(120.,55.0385813320366,28.4638871710287));
#8678=CARTESIAN_POINT('',(120.,55.0385813320366,28.4638871710287));
#8679=CARTESIAN_POINT('Origin',(120.,52.0194771531767,26.7653554647629));
#8680=CARTESIAN_POINT('Origin',(120.,54.9997604861593,32.7316348556722));
#8681=CARTESIAN_POINT('',(120.,57.9995200502558,34.4641020437055));
#8682=CARTESIAN_POINT('',(120.,54.9997604861593,32.7316348556722));
#8683=CARTESIAN_POINT('Origin',(120.,55.0002413001709,29.2675332739027));
#8684=CARTESIAN_POINT('',(120.,55.0002413001709,29.2675332739027));
#8685=CARTESIAN_POINT('Origin',(120.,58.0004816782789,27.5358988801665));
#8686=CARTESIAN_POINT('',(120.,58.0004816782789,27.5358988801665));
#8687=CARTESIAN_POINT('Origin',(120.,61.0002412423754,29.2683660681998));
#8688=CARTESIAN_POINT('Origin',(120.,57.9995200502558,34.4641020437055));
#8689=CARTESIAN_POINT('Origin',(38.5,41.6076262151113,20.0212320238044));
#8690=CARTESIAN_POINT('',(38.5,41.6076262151113,20.0212320238044));
#8691=CARTESIAN_POINT('',(38.5,43.0000006407499,20.0212320238044));
#8692=CARTESIAN_POINT('',(38.5,41.955719821521,20.0212320238044));
#8693=CARTESIAN_POINT('',(37.2,41.6076262151113,20.0212320238044));
#8694=CARTESIAN_POINT('',(36.,41.6076262151113,20.0212320238044));
#8695=CARTESIAN_POINT('',(37.2,43.0000006407499,20.0212320238044));
#8696=CARTESIAN_POINT('',(37.2,41.6076262151113,20.0212320238044));
#8697=CARTESIAN_POINT('',(36.,43.0000006407499,20.0212320238044));
#8698=CARTESIAN_POINT('Origin',(38.5,43.0000006407499,18.6941158202668));
#8699=CARTESIAN_POINT('',(38.5,43.0000006407499,18.6941158202668));
#8700=CARTESIAN_POINT('',(38.5,41.6076262151113,18.6941158202668));
#8701=CARTESIAN_POINT('',(38.5,42.6519070343403,18.6941158202668));
#8702=CARTESIAN_POINT('',(37.2,43.0000006407499,18.6941158202668));
#8703=CARTESIAN_POINT('',(36.,43.0000006407499,18.6941158202668));
#8704=CARTESIAN_POINT('',(37.2,41.6076262151113,18.6941158202668));
#8705=CARTESIAN_POINT('',(37.2,43.0000006407499,18.6941158202668));
#8706=CARTESIAN_POINT('',(36.,41.6076262151113,18.6941158202668));
#8707=CARTESIAN_POINT('Origin',(37.2,42.3038134279306,19.3576739220356));
#8708=CARTESIAN_POINT('',(37.2,43.0000006407499,16.1058115999038));
#8709=CARTESIAN_POINT('',(37.2,41.6076262151113,24.8971081572061));
#8710=CARTESIAN_POINT('Origin',(38.5,59.5000008866191,18.6941158202668));
#8711=CARTESIAN_POINT('',(37.2,59.4869462139253,18.6941158202668));
#8712=CARTESIAN_POINT('',(38.5,59.4869462139253,18.6941158202668));
#8713=CARTESIAN_POINT('',(36.,59.4869462139253,18.6941158202668));
#8714=CARTESIAN_POINT('',(37.2,58.0000008642673,18.6941158202668));
#8715=CARTESIAN_POINT('',(37.2,58.0000008642673,18.6941158202668));
#8716=CARTESIAN_POINT('',(38.5,58.0000008642673,18.6941158202668));
#8717=CARTESIAN_POINT('',(36.,58.0000008642673,18.6941158202668));
#8718=CARTESIAN_POINT('',(38.5,59.1217372128577,18.6941158202668));
#8719=CARTESIAN_POINT('Origin',(38.5,58.0000008642673,20.0000002980232));
#8720=CARTESIAN_POINT('',(38.5,59.4869462139253,20.0000002980232));
#8721=CARTESIAN_POINT('',(37.2,59.4869462139253,20.0000002980232));
#8722=CARTESIAN_POINT('',(36.,59.4869462139253,20.0000002980232));
#8723=CARTESIAN_POINT('',(38.5,58.0000008642673,20.0000002980232));
#8724=CARTESIAN_POINT('',(38.5,58.3717372016818,20.0000002980232));
#8725=CARTESIAN_POINT('',(37.2,58.0000008642673,20.0000002980232));
#8726=CARTESIAN_POINT('',(36.,58.0000008642673,20.0000002980232));
#8727=CARTESIAN_POINT('',(37.2,59.5000008866191,20.0000002980232));
#8728=CARTESIAN_POINT('Origin',(37.2,58.7500008754432,19.347058059145));
#8729=CARTESIAN_POINT('',(37.2,59.4869462139253,16.1005036684585));
#8730=CARTESIAN_POINT('',(37.2,58.0000008642673,25.0703787202203));
#8731=CARTESIAN_POINT('Origin',(38.5,42.3038134279306,21.6452458350743));
#8732=CARTESIAN_POINT('',(38.5,43.0000006407499,30.4365423923766));
#8733=CARTESIAN_POINT('',(38.5,43.0000006407499,12.853949277772));
#8734=CARTESIAN_POINT('',(38.5,41.6076262151113,30.4365423923766));
#8735=CARTESIAN_POINT('',(38.5,43.0000006407499,30.4365423923766));
#8736=CARTESIAN_POINT('',(38.5,41.6076262151113,30.4365423923766));
#8737=CARTESIAN_POINT('Origin',(38.5,42.3038134279306,21.6452458350743));
#8738=CARTESIAN_POINT('',(38.5,41.6076262151113,12.853949277772));
#8739=CARTESIAN_POINT('',(38.5,41.6076262151113,30.4365423923766));
#8740=CARTESIAN_POINT('',(38.5,43.0000006407499,12.853949277772));
#8741=CARTESIAN_POINT('',(38.5,41.6076262151113,12.853949277772));
#8742=CARTESIAN_POINT('',(38.5,43.0000006407499,12.853949277772));
#8743=CARTESIAN_POINT('Origin',(33.5,41.6076262151113,30.4365423923766));
#8744=CARTESIAN_POINT('',(33.5,41.6076262151113,30.4365423923766));
#8745=CARTESIAN_POINT('',(33.5,41.6076262151113,12.853949277772));
#8746=CARTESIAN_POINT('Origin',(33.5,58.0000008642673,30.7936993812956));
#8747=CARTESIAN_POINT('',(38.5,58.0000008642673,30.7936993812956));
#8748=CARTESIAN_POINT('',(38.5,58.0000008642673,12.853949277772));
#8749=CARTESIAN_POINT('',(33.5,58.0000008642673,30.7936993812956));
#8750=CARTESIAN_POINT('',(38.5,58.0000008642673,12.853949277772));
#8751=CARTESIAN_POINT('',(33.5,58.0000008642673,12.853949277772));
#8752=CARTESIAN_POINT('',(38.5,58.0000008642673,12.853949277772));
#8753=CARTESIAN_POINT('Origin',(38.5,58.7434735390963,21.8238243295338));
#8754=CARTESIAN_POINT('',(38.5,59.4869462139253,30.7936993812956));
#8755=CARTESIAN_POINT('',(38.5,59.4869462139253,30.7936993812956));
#8756=CARTESIAN_POINT('',(38.5,58.0000008642673,30.7936993812956));
#8757=CARTESIAN_POINT('Origin',(33.5,45.0000006705523,8.59918112812619));
#8758=CARTESIAN_POINT('',(38.5,45.0000006705523,7.78317522082052));
#8759=CARTESIAN_POINT('',(33.5,45.0000006705523,7.78317522082052));
#8760=CARTESIAN_POINT('',(38.5,45.0000006705523,8.59918112812619));
#8761=CARTESIAN_POINT('',(38.5,45.0000006705523,7.78317522082052));
#8762=CARTESIAN_POINT('',(33.5,45.0000006705523,8.59918112812619));
#8763=CARTESIAN_POINT('Origin',(33.5,56.9999987259507,8.59918112812619));
#8764=CARTESIAN_POINT('',(38.5,56.9999987259507,8.59918112812619));
#8765=CARTESIAN_POINT('',(38.5,45.0000006705523,8.59918112812619));
#8766=CARTESIAN_POINT('',(33.5,56.9999987259507,8.59918112812619));
#8767=CARTESIAN_POINT('Origin',(33.5,56.9999987259507,7.78317522082052));
#8768=CARTESIAN_POINT('',(38.5,56.9999987259507,7.78317522082052));
#8769=CARTESIAN_POINT('',(38.5,56.9999987259507,8.59918112812619));
#8770=CARTESIAN_POINT('',(33.5,56.9999987259507,7.78317522082052));
#8771=CARTESIAN_POINT('Origin',(33.5,45.0000006705523,7.78317522082052));
#8772=CARTESIAN_POINT('',(38.5,56.9999987259507,7.78317522082052));
#8773=CARTESIAN_POINT('Origin',(38.5,50.9999996982515,8.19117817447335));
#8774=CARTESIAN_POINT('Origin',(33.5,41.6076262151113,12.853949277772));
#8775=CARTESIAN_POINT('',(33.5,43.0000006407499,12.853949277772));
#8776=CARTESIAN_POINT('Origin',(33.5,43.0000006407499,30.4365423923766));
#8777=CARTESIAN_POINT('',(33.5,43.0000006407499,30.4365423923766));
#8778=CARTESIAN_POINT('Origin',(33.5,43.0000006407499,12.853949277772));
#8779=CARTESIAN_POINT('Origin',(33.5,59.4869462139253,30.7936993812956));
#8780=CARTESIAN_POINT('',(33.5,59.4869462139253,30.7936993812956));
#8781=CARTESIAN_POINT('Origin',(33.5,59.4869462139253,12.853949277772));
#8782=CARTESIAN_POINT('',(38.5,59.4869462139253,12.853949277772));
#8783=CARTESIAN_POINT('',(38.5,59.4869462139253,30.7936993812956));
#8784=CARTESIAN_POINT('',(33.5,59.4869462139253,12.853949277772));
#8785=CARTESIAN_POINT('Origin',(33.5,58.0000008642673,12.853949277772));
#8786=CARTESIAN_POINT('',(38.5,59.4869462139253,12.853949277772));
#8787=CARTESIAN_POINT('Origin',(38.5,58.7434735390963,21.8238243295338));
#8788=CARTESIAN_POINT('Origin',(33.5,46.0000006854534,32.0000004768372));
#8789=CARTESIAN_POINT('',(38.5,46.0000006854534,31.000000461936));
#8790=CARTESIAN_POINT('',(33.5,46.0000006854534,31.000000461936));
#8791=CARTESIAN_POINT('',(38.5,46.0000006854534,32.0000004768372));
#8792=CARTESIAN_POINT('',(38.5,46.0000006854534,31.000000461936));
#8793=CARTESIAN_POINT('',(33.5,46.0000006854534,32.0000004768372));
#8794=CARTESIAN_POINT('Origin',(33.5,55.0000008195639,32.0000004768372));
#8795=CARTESIAN_POINT('',(38.5,55.0000008195639,32.0000004768372));
#8796=CARTESIAN_POINT('',(38.5,46.0000006854534,32.0000004768372));
#8797=CARTESIAN_POINT('',(33.5,55.0000008195639,32.0000004768372));
#8798=CARTESIAN_POINT('Origin',(33.5,55.0000008195639,31.000000461936));
#8799=CARTESIAN_POINT('',(38.5,55.0000008195639,31.000000461936));
#8800=CARTESIAN_POINT('',(38.5,55.0000008195639,32.0000004768372));
#8801=CARTESIAN_POINT('',(33.5,55.0000008195639,31.000000461936));
#8802=CARTESIAN_POINT('Origin',(33.5,46.0000006854534,31.000000461936));
#8803=CARTESIAN_POINT('',(38.5,55.0000008195639,31.000000461936));
#8804=CARTESIAN_POINT('Origin',(38.5,50.5000007525086,31.5000004693866));
#8805=CARTESIAN_POINT('Origin',(24.5000003650784,10.0000001490116,3.));
#8806=CARTESIAN_POINT('',(24.5000003650784,11.5000001713634,14.));
#8807=CARTESIAN_POINT('',(24.5000003650784,11.5000001713634,3.));
#8808=CARTESIAN_POINT('',(24.5000003650784,10.0000001490116,14.));
#8809=CARTESIAN_POINT('',(24.5000003650784,11.5000001713634,14.));
#8810=CARTESIAN_POINT('',(24.5000003650784,10.0000001490116,3.));
#8811=CARTESIAN_POINT('Origin',(6.50000009685755,10.0000001490116,3.));
#8812=CARTESIAN_POINT('',(6.50000009685755,10.0000001490116,14.));
#8813=CARTESIAN_POINT('',(24.5000003650784,10.0000001490116,14.));
#8814=CARTESIAN_POINT('',(6.50000009685755,10.0000001490116,3.));
#8815=CARTESIAN_POINT('Origin',(6.50000009685755,11.5000001713634,3.));
#8816=CARTESIAN_POINT('',(6.50000009685755,11.5000001713634,14.));
#8817=CARTESIAN_POINT('',(6.50000009685755,10.0000001490116,14.));
#8818=CARTESIAN_POINT('',(6.50000009685755,11.5000001713634,3.));
#8819=CARTESIAN_POINT('Origin',(24.5000003650784,11.5000001713634,3.));
#8820=CARTESIAN_POINT('',(6.50000009685755,11.5000001713634,14.));
#8821=CARTESIAN_POINT('Origin',(15.500000230968,10.7500001601875,14.));
#8822=CARTESIAN_POINT('Origin',(0.,62.4999986030161,3.));
#8823=CARTESIAN_POINT('',(29.5,62.4999986030161,32.));
#8824=CARTESIAN_POINT('',(29.5,62.4999986030161,20.1721314257774));
#8825=CARTESIAN_POINT('',(116.999997384846,62.4999986030161,32.));
#8826=CARTESIAN_POINT('Origin',(0.,62.4999986030161,3.));
#8827=CARTESIAN_POINT('',(116.999997384846,62.4999986030161,3.));
#8828=CARTESIAN_POINT('Origin',(116.999997384846,62.4999986030161,3.));
#8829=CARTESIAN_POINT('Origin',(60.0000008940697,63.7499993015081,32.));
#8830=CARTESIAN_POINT('',(29.5,65.,32.));
#8831=CARTESIAN_POINT('',(29.5,49.6249999152496,32.));
#8832=CARTESIAN_POINT('',(120.,65.,32.));
#8833=CARTESIAN_POINT('Origin',(74.1834382616955,16.4742290203787,13.5000009834766));
#8834=CARTESIAN_POINT('',(72.9189382616955,16.4742290203787,18.0000009834766));
#8835=CARTESIAN_POINT('Origin',(74.1834382616955,16.4742290203787,18.0000009834766));
#8836=CARTESIAN_POINT('',(72.9189382616955,16.4742290203787,9.00000098347664));
#8837=CARTESIAN_POINT('',(72.9189382616955,16.4742290203787,13.5000009834766));
#8838=CARTESIAN_POINT('Origin',(74.1834382616955,16.4742290203787,9.00000098347664));
#8839=CARTESIAN_POINT('Origin',(74.1834382616955,16.4742290203787,9.00000098347664));
#8840=CARTESIAN_POINT('Origin',(106.000001579523,0.,18.0000009834766));
#8841=CARTESIAN_POINT('',(71.5032924173971,14.5286684026543,18.0000009834766));
#8842=CARTESIAN_POINT('',(80.5000011995435,14.5286684026543,18.0000009834766));
#8843=CARTESIAN_POINT('',(88.7516469984601,14.5286684026543,18.0000009834766));
#8844=CARTESIAN_POINT('',(80.5000011995435,17.5000002607703,18.0000009834766));
#8845=CARTESIAN_POINT('',(80.5000011995435,7.26433420132717,18.0000009834766));
#8846=CARTESIAN_POINT('',(76.5000011399388,17.5000002607703,18.0000009834766));
#8847=CARTESIAN_POINT('',(93.2500013895333,17.5000002607703,18.0000009834766));
#8848=CARTESIAN_POINT('',(74.0000011026859,19.5000002905726,18.0000009834766));
#8849=CARTESIAN_POINT('',(89.7621964595122,6.89024400511166,18.0000009834766));
#8850=CARTESIAN_POINT('',(74.0000011026859,22.5000003352761,18.0000009834766));
#8851=CARTESIAN_POINT('',(74.0000011026859,9.75000014528632,18.0000009834766));
#8852=CARTESIAN_POINT('',(71.5032924173971,22.5000003352761,18.0000009834766));
#8853=CARTESIAN_POINT('',(90.0000013411045,22.5000003352761,18.0000009834766));
#8854=CARTESIAN_POINT('',(71.5032924173971,11.2500001676381,18.0000009834766));
#8855=CARTESIAN_POINT('Origin',(34.,22.5397440206747,12.1368453454943));
#8856=CARTESIAN_POINT('',(37.5,21.7282440206747,12.1368453454943));
#8857=CARTESIAN_POINT('Origin',(37.5,22.5397440206747,12.1368453454943));
#8858=CARTESIAN_POINT('',(30.5,21.7282440206747,12.1368453454943));
#8859=CARTESIAN_POINT('',(34.,21.7282440206747,12.1368453454943));
#8860=CARTESIAN_POINT('Origin',(30.5,22.5397440206747,12.1368453454943));
#8861=CARTESIAN_POINT('Origin',(30.5,22.5397440206747,12.1368453454943));
#8862=CARTESIAN_POINT('Origin',(34.,35.2416656574594,12.1368453454943));
#8863=CARTESIAN_POINT('',(37.5,34.4301656574594,12.1368453454943));
#8864=CARTESIAN_POINT('Origin',(37.5,35.2416656574594,12.1368453454943));
#8865=CARTESIAN_POINT('',(30.5,34.4301656574594,12.1368453454943));
#8866=CARTESIAN_POINT('',(34.,34.4301656574594,12.1368453454943));
#8867=CARTESIAN_POINT('Origin',(30.5,35.2416656574594,12.1368453454943));
#8868=CARTESIAN_POINT('Origin',(30.5,35.2416656574594,12.1368453454943));
#8869=CARTESIAN_POINT('Origin',(34.,35.2416656574594,32.4588919812061));
#8870=CARTESIAN_POINT('',(37.5,34.4301656574594,32.4588919812061));
#8871=CARTESIAN_POINT('Origin',(37.5,35.2416656574594,32.4588919812061));
#8872=CARTESIAN_POINT('',(30.5,34.4301656574594,32.4588919812061));
#8873=CARTESIAN_POINT('',(34.,34.4301656574594,32.4588919812061));
#8874=CARTESIAN_POINT('Origin',(30.5,35.2416656574594,32.4588919812061));
#8875=CARTESIAN_POINT('Origin',(30.5,35.2416656574594,32.4588919812061));
#8876=CARTESIAN_POINT('Origin',(34.,22.5397440206747,32.4588919812061));
#8877=CARTESIAN_POINT('',(37.5,21.7282440206747,32.4588919812061));
#8878=CARTESIAN_POINT('Origin',(37.5,22.5397440206747,32.4588919812061));
#8879=CARTESIAN_POINT('',(30.5,21.7282440206747,32.4588919812061));
#8880=CARTESIAN_POINT('',(34.,21.7282440206747,32.4588919812061));
#8881=CARTESIAN_POINT('Origin',(30.5,22.5397440206747,32.4588919812061));
#8882=CARTESIAN_POINT('Origin',(30.5,22.5397440206747,32.4588919812061));
#8883=CARTESIAN_POINT('Origin',(33.5,35.2416656574594,32.4588919812061));
#8884=CARTESIAN_POINT('',(37.5,32.7416656574594,32.4588919812061));
#8885=CARTESIAN_POINT('Origin',(37.5,35.2416656574594,32.4588919812061));
#8886=CARTESIAN_POINT('',(33.5,32.7416656574594,32.4588919812061));
#8887=CARTESIAN_POINT('Origin',(37.5,35.2416656574594,32.4588919812061));
#8888=CARTESIAN_POINT('Origin',(33.5,22.5397440206747,12.1368453454943));
#8889=CARTESIAN_POINT('',(37.5,20.0397440206747,12.1368453454943));
#8890=CARTESIAN_POINT('Origin',(37.5,22.5397440206747,12.1368453454943));
#8891=CARTESIAN_POINT('',(33.5,20.0397440206747,12.1368453454943));
#8892=CARTESIAN_POINT('Origin',(37.5,22.5397440206747,12.1368453454943));
#8893=CARTESIAN_POINT('Origin',(33.5,22.5397440206747,32.4588919812061));
#8894=CARTESIAN_POINT('',(37.5,20.0397440206747,32.4588919812061));
#8895=CARTESIAN_POINT('Origin',(37.5,22.5397440206747,32.4588919812061));
#8896=CARTESIAN_POINT('',(33.5,20.0397440206747,32.4588919812061));
#8897=CARTESIAN_POINT('Origin',(37.5,22.5397440206747,32.4588919812061));
#8898=CARTESIAN_POINT('Origin',(33.5,35.2416656574594,12.1368453454943));
#8899=CARTESIAN_POINT('',(37.5,32.7416656574594,12.1368453454943));
#8900=CARTESIAN_POINT('Origin',(37.5,35.2416656574594,12.1368453454943));
#8901=CARTESIAN_POINT('',(33.5,32.7416656574594,12.1368453454943));
#8902=CARTESIAN_POINT('Origin',(37.5,35.2416656574594,12.1368453454943));
#8903=CARTESIAN_POINT('Origin',(29.5,65.0000009685755,33.0000004917383));
#8904=CARTESIAN_POINT('',(29.5,65.0000009685755,33.0000004917383));
#8905=CARTESIAN_POINT('',(29.5,65.0000009685755,33.0000004917383));
#8906=CARTESIAN_POINT('',(29.5,6.00000008940697,71.6885256584062));
#8907=CARTESIAN_POINT('Origin',(29.5,14.0000002086163,16.0000002384186));
#8908=CARTESIAN_POINT('',(29.5,14.0000002086163,16.0000002384186));
#8909=CARTESIAN_POINT('Origin',(29.5,35.5000005289912,37.3442628515548));
#8910=CARTESIAN_POINT('',(29.5,65.0000009685755,3.00000004470348));
#8911=CARTESIAN_POINT('Origin',(0.000977801261774491,-7.21644966006352E-15,
73.));
#8912=CARTESIAN_POINT('',(0.000977801261774491,4.00000005960464,38.0000005438924));
#8913=CARTESIAN_POINT('Origin',(0.000977801261774491,4.19999990263452,3.));
#8914=CARTESIAN_POINT('',(0.000977801261772271,4.19999990263452,3.));
#8915=CARTESIAN_POINT('Origin',(120.000001788139,4.2,3.));
#8916=CARTESIAN_POINT('',(109.49264216993,4.19999999147448,6.18990069791644));
#8917=CARTESIAN_POINT('Origin',(109.49264216993,4.19999999147448,7.45440069791644));
#8918=CARTESIAN_POINT('',(7.24264216993033,4.1999999085103,6.18990069791671));
#8919=CARTESIAN_POINT('Origin',(7.24264216993033,4.1999999085103,7.45440069791671));
#8920=CARTESIAN_POINT('',(7.24264216993056,4.1999999085103,61.9399006979167));
#8921=CARTESIAN_POINT('Origin',(7.24264216993056,4.1999999085103,63.2044006979167));
#8922=CARTESIAN_POINT('',(109.513959884644,4.19999999149178,61.9639688949585));
#8923=CARTESIAN_POINT('Origin',(109.513959884644,4.19999999149178,63.2284688949585));
#8924=CARTESIAN_POINT('',(106.000001579523,4.1999999886406,66.0000009834766));
#8925=CARTESIAN_POINT('',(11.0000015795231,4.19999991155897,66.0000009834766));
#8926=CARTESIAN_POINT('',(65.5000016821273,4.19999995577948,66.0000009834766));
#8927=CARTESIAN_POINT('',(11.0000015795231,4.19999991155897,4.00000098347664));
#8928=CARTESIAN_POINT('',(11.0000015795231,4.19999991155897,3.50000049173832));
#8929=CARTESIAN_POINT('',(106.000001579523,4.1999999886406,4.00000098347664));
#8930=CARTESIAN_POINT('',(113.000001682127,4.1999999943203,4.00000098347664));
#8931=CARTESIAN_POINT('',(106.000001579523,4.1999999886406,34.5000004917383));
#8932=CARTESIAN_POINT('Origin',(0.,4.00000005960464,73.0000010877848));
#8933=CARTESIAN_POINT('',(30.,4.00000005960464,3.));
#8934=CARTESIAN_POINT('Origin',(60.,32.5,3.));
#8935=CARTESIAN_POINT('Origin',(109.492642171147,2.69999999147448,7.45440069791644));
#8936=CARTESIAN_POINT('',(109.492642172364,1.19999999147448,6.18990069791644));
#8937=CARTESIAN_POINT('',(109.492642171147,2.69999999147448,6.18990069791644));
#8938=CARTESIAN_POINT('Origin',(109.492642172364,1.19999999147448,7.45440069791644));
#8939=CARTESIAN_POINT('Origin',(109.492642172364,1.19999999147448,7.45440069791644));
#8940=CARTESIAN_POINT('Origin',(7.24264217114741,2.6999999085103,7.45440069791671));
#8941=CARTESIAN_POINT('',(7.24264217236449,1.1999999085103,6.18990069791671));
#8942=CARTESIAN_POINT('',(7.24264217114741,2.6999999085103,6.18990069791671));
#8943=CARTESIAN_POINT('Origin',(7.24264217236449,1.1999999085103,7.45440069791671));
#8944=CARTESIAN_POINT('Origin',(7.24264217236449,1.1999999085103,7.45440069791671));
#8945=CARTESIAN_POINT('Origin',(7.24264217114764,2.69999990850882,63.2044006979167));
#8946=CARTESIAN_POINT('',(7.24264217236472,1.19999990850882,61.9399006979167));
#8947=CARTESIAN_POINT('',(7.24264217114764,2.69999990850882,61.9399006979167));
#8948=CARTESIAN_POINT('Origin',(7.24264217236472,1.19999990850882,63.2044006979167));
#8949=CARTESIAN_POINT('Origin',(7.24264217236472,1.19999990850882,63.2044006979167));
#8950=CARTESIAN_POINT('Origin',(109.513959885861,2.69999999149178,63.2284688949585));
#8951=CARTESIAN_POINT('',(109.513959887078,1.19999999149178,61.9639688949585));
#8952=CARTESIAN_POINT('',(109.513959885861,2.69999999149178,61.9639688949585));
#8953=CARTESIAN_POINT('Origin',(109.513959887078,1.19999999149178,63.2284688949585));
#8954=CARTESIAN_POINT('Origin',(109.513959887078,1.19999999149178,63.2284688949585));
#8955=CARTESIAN_POINT('Origin',(106.000001579523,0.,66.0000009834766));
#8956=CARTESIAN_POINT('',(106.000001579523,0.,4.00000098347664));
#8957=CARTESIAN_POINT('',(106.000001579523,0.,4.00000098347664));
#8958=CARTESIAN_POINT('',(106.000001579523,0.,66.0000009834766));
#8959=CARTESIAN_POINT('',(106.000001579523,0.,33.0000004917383));
#8960=CARTESIAN_POINT('',(106.000001579523,0.,66.0000009834766));
#8961=CARTESIAN_POINT('Origin',(106.000001579523,0.,4.00000098347664));
#8962=CARTESIAN_POINT('',(11.0000015795231,0.,4.00000098347664));
#8963=CARTESIAN_POINT('',(11.0000015795231,0.,4.00000098347664));
#8964=CARTESIAN_POINT('',(53.0000007897615,0.,4.00000098347664));
#8965=CARTESIAN_POINT('Origin',(11.0000015795231,0.,66.0000009834766));
#8966=CARTESIAN_POINT('',(11.0000015795231,0.,66.0000009834766));
#8967=CARTESIAN_POINT('',(5.50000078976154,0.,66.0000009834766));
#8968=CARTESIAN_POINT('',(11.0000015795231,0.,66.0000009834766));
#8969=CARTESIAN_POINT('Origin',(11.0000015795231,0.,4.00000098347664));
#8970=CARTESIAN_POINT('',(11.0000015795231,0.,2.00000049173832));
#8971=CARTESIAN_POINT('Origin',(76.5000011399388,17.5000002607703,3.));
#8972=CARTESIAN_POINT('',(76.5000011399388,17.5000002607703,4.00000098347664));
#8973=CARTESIAN_POINT('',(74.0000011026859,19.5000002905726,4.00000098347664));
#8974=CARTESIAN_POINT('Origin',(80.5000011995435,17.5000002607703,3.));
#8975=CARTESIAN_POINT('',(80.5000011995435,17.5000002607703,4.00000098347664));
#8976=CARTESIAN_POINT('Origin',(80.5000011995435,14.5286684026543,3.));
#8977=CARTESIAN_POINT('',(80.5000011995435,14.5286684026543,4.00000098347664));
#8978=CARTESIAN_POINT('Origin',(71.5032924173971,14.5286684026543,3.));
#8979=CARTESIAN_POINT('',(71.5032924173971,14.5286684026543,3.));
#8980=CARTESIAN_POINT('Origin',(71.5032924173971,22.5000003352761,3.));
#8981=CARTESIAN_POINT('',(71.5032924173971,22.5000003352761,3.));
#8982=CARTESIAN_POINT('Origin',(74.0000011026859,22.5000003352761,3.));
#8983=CARTESIAN_POINT('',(74.0000011026859,22.5000003352761,3.));
#8984=CARTESIAN_POINT('Origin',(74.0000011026859,19.5000002905726,3.));
#8985=CARTESIAN_POINT('Origin',(120.,65.,0.));
#8986=CARTESIAN_POINT('Origin',(0.,0.,0.));
#8987=UNCERTAINTY_MEASURE_WITH_UNIT(LENGTH_MEASURE(0.01),#8991,
'DISTANCE_ACCURACY_VALUE',
'Maximum model space distance between geometric entities at asserted c
onnectivities');
#8988=UNCERTAINTY_MEASURE_WITH_UNIT(LENGTH_MEASURE(0.01),#8991,
'DISTANCE_ACCURACY_VALUE',
'Maximum model space distance between geometric entities at asserted c
onnectivities');
#8989=(
GEOMETRIC_REPRESENTATION_CONTEXT(3)
GLOBAL_UNCERTAINTY_ASSIGNED_CONTEXT((#8987))
GLOBAL_UNIT_ASSIGNED_CONTEXT((#8991,#8993,#8994))
REPRESENTATION_CONTEXT('','3D')
);
#8990=(
GEOMETRIC_REPRESENTATION_CONTEXT(3)
GLOBAL_UNCERTAINTY_ASSIGNED_CONTEXT((#8988))
GLOBAL_UNIT_ASSIGNED_CONTEXT((#8991,#8993,#8994))
REPRESENTATION_CONTEXT('','3D')
);
#8991=(
LENGTH_UNIT()
NAMED_UNIT(*)
SI_UNIT(.MILLI.,.METRE.)
);
#8992=(
LENGTH_UNIT()
NAMED_UNIT(*)
SI_UNIT($,.METRE.)
);
#8993=(
NAMED_UNIT(*)
PLANE_ANGLE_UNIT()
SI_UNIT($,.RADIAN.)
);
#8994=(
NAMED_UNIT(*)
SI_UNIT($,.STERADIAN.)
SOLID_ANGLE_UNIT()
);
#8995=SHAPE_DEFINITION_REPRESENTATION(#8996,#8997);
#8996=PRODUCT_DEFINITION_SHAPE('',$,#8999);
#8997=SHAPE_REPRESENTATION('',(#5658),#8989);
#8998=PRODUCT_DEFINITION_CONTEXT('part definition',#9003,'design');
#8999=PRODUCT_DEFINITION('AQM CASE','AQM CASE v6',#9000,#8998);
#9000=PRODUCT_DEFINITION_FORMATION('',$,#9005);
#9001=PRODUCT_RELATED_PRODUCT_CATEGORY('AQM CASE v6','AQM CASE v6',(#9005));
#9002=APPLICATION_PROTOCOL_DEFINITION('international standard',
'automotive_design',2009,#9003);
#9003=APPLICATION_CONTEXT(
'Core Data for Automotive Mechanical Design Process');
#9004=PRODUCT_CONTEXT('part definition',#9003,'mechanical');
#9005=PRODUCT('AQM CASE','AQM CASE v6',$,(#9004));
#9006=PRESENTATION_STYLE_ASSIGNMENT((#9007));
#9007=SURFACE_STYLE_USAGE(.BOTH.,#9008);
#9008=SURFACE_SIDE_STYLE('',(#9009));
#9009=SURFACE_STYLE_FILL_AREA(#9010);
#9010=FILL_AREA_STYLE('Stahl - satiniert',(#9011));
#9011=FILL_AREA_STYLE_COLOUR('Stahl - satiniert',#9012);
#9012=COLOUR_RGB('Stahl - satiniert',0.627450980392157,0.627450980392157,
0.627450980392157);
ENDSEC;
END-ISO-10303-21;
