ISO-10303-21;
HEADER;
/* Generated by software containing ST-Developer
 * from STEP Tools, Inc. (www.steptools.com) 
 */

FILE_DESCRIPTION(
/* description */ (''),
/* implementation_level */ '2;1');

FILE_NAME(
/* name */ 'Deckel.step',
/* time_stamp */ '2026-07-09T22:18:34+02:00',
/* author */ (''),
/* organization */ (''),
/* preprocessor_version */ 'ST-DEVELOPER v20.1',
/* originating_system */ 'Autodesk Translation Framework v15.8.0.0',
/* authorisation */ '');

FILE_SCHEMA (('AUTOMOTIVE_DESIGN { 1 0 10303 214 3 1 1 }'));
ENDSEC;

DATA;
#10=MECHANICAL_DESIGN_GEOMETRIC_PRESENTATION_REPRESENTATION('',(#13),#11376);
#11=SHAPE_REPRESENTATION_RELATIONSHIP('SRR','None',#11383,#12);
#12=ADVANCED_BREP_SHAPE_REPRESENTATION('',(#14),#11375);
#13=STYLED_ITEM('',(#11392),#14);
#14=MANIFOLD_SOLID_BREP('K\X\F6rper1',#7251);
#15=(
BOUNDED_SURFACE()
B_SPLINE_SURFACE(1,2,((#11174,#11175,#11176,#11177,#11178,#11179,#11180,
#11181,#11182),(#11183,#11184,#11185,#11186,#11187,#11188,#11189,#11190,
#11191)),.UNSPECIFIED.,.F.,.T.,.F.)
B_SPLINE_SURFACE_WITH_KNOTS((2,2),(3,2,2,2,3),(-3.27633622096712E-16,3.54330708661417),
(-3.14159265358979,-1.5707963267949,0.,1.5707963267949,3.14159265358979),
 .UNSPECIFIED.)
GEOMETRIC_REPRESENTATION_ITEM()
RATIONAL_B_SPLINE_SURFACE(((1.,0.707106781186548,1.,0.707106781186548,1.,
0.707106781186548,1.,0.707106781186548,1.),(1.,0.707106781186548,1.,0.707106781186548,
1.,0.707106781186548,1.,0.707106781186548,1.)))
REPRESENTATION_ITEM('')
SURFACE()
);
#16=(
BOUNDED_SURFACE()
B_SPLINE_SURFACE(1,2,((#11196,#11197,#11198,#11199,#11200,#11201,#11202,
#11203,#11204),(#11205,#11206,#11207,#11208,#11209,#11210,#11211,#11212,
#11213)),.UNSPECIFIED.,.F.,.T.,.F.)
B_SPLINE_SURFACE_WITH_KNOTS((2,2),(3,2,2,2,3),(-3.27633622096712E-16,3.54330708661417),
(-3.14159265358979,-1.5707963267949,0.,1.5707963267949,3.14159265358979),
 .UNSPECIFIED.)
GEOMETRIC_REPRESENTATION_ITEM()
RATIONAL_B_SPLINE_SURFACE(((1.,0.707106781186548,1.,0.707106781186548,1.,
0.707106781186548,1.,0.707106781186548,1.),(1.,0.707106781186548,1.,0.707106781186548,
1.,0.707106781186548,1.,0.707106781186548,1.)))
REPRESENTATION_ITEM('')
SURFACE()
);
#17=CIRCLE('',#7565,0.8115);
#18=CIRCLE('',#7566,0.8115);
#19=CIRCLE('',#7569,0.8115);
#20=CIRCLE('',#7570,0.8115);
#21=CIRCLE('',#7591,4.);
#22=CIRCLE('',#7599,4.);
#23=CIRCLE('',#7604,4.);
#24=CIRCLE('',#7605,4.);
#25=CIRCLE('',#7609,4.);
#26=CIRCLE('',#7610,4.);
#27=CYLINDRICAL_SURFACE('',#7564,0.8115);
#28=CYLINDRICAL_SURFACE('',#7568,0.8115);
#29=CYLINDRICAL_SURFACE('',#7590,4.);
#30=CYLINDRICAL_SURFACE('',#7598,4.);
#31=CYLINDRICAL_SURFACE('',#7603,4.);
#32=CYLINDRICAL_SURFACE('',#7608,4.);
#33=FACE_BOUND('',#488,.T.);
#34=FACE_BOUND('',#489,.T.);
#35=FACE_BOUND('',#490,.T.);
#36=FACE_BOUND('',#491,.T.);
#37=FACE_BOUND('',#492,.T.);
#38=FACE_BOUND('',#493,.T.);
#39=FACE_BOUND('',#494,.T.);
#40=FACE_BOUND('',#495,.T.);
#41=FACE_BOUND('',#496,.T.);
#42=FACE_BOUND('',#497,.T.);
#43=FACE_BOUND('',#498,.T.);
#44=FACE_BOUND('',#499,.T.);
#45=FACE_BOUND('',#500,.T.);
#46=FACE_BOUND('',#501,.T.);
#47=FACE_BOUND('',#502,.T.);
#48=FACE_BOUND('',#503,.T.);
#49=FACE_BOUND('',#504,.T.);
#50=FACE_BOUND('',#505,.T.);
#51=FACE_BOUND('',#506,.T.);
#52=FACE_BOUND('',#507,.T.);
#53=FACE_BOUND('',#508,.T.);
#54=FACE_BOUND('',#509,.T.);
#55=FACE_BOUND('',#510,.T.);
#56=FACE_BOUND('',#511,.T.);
#57=FACE_BOUND('',#512,.T.);
#58=FACE_BOUND('',#513,.T.);
#59=FACE_BOUND('',#514,.T.);
#60=FACE_BOUND('',#515,.T.);
#61=FACE_BOUND('',#516,.T.);
#62=FACE_BOUND('',#517,.T.);
#63=FACE_BOUND('',#518,.T.);
#64=FACE_BOUND('',#519,.T.);
#65=FACE_BOUND('',#520,.T.);
#66=FACE_BOUND('',#521,.T.);
#67=FACE_BOUND('',#522,.T.);
#68=FACE_BOUND('',#523,.T.);
#69=FACE_BOUND('',#524,.T.);
#70=FACE_BOUND('',#525,.T.);
#71=FACE_BOUND('',#526,.T.);
#72=FACE_BOUND('',#527,.T.);
#73=FACE_BOUND('',#528,.T.);
#74=FACE_BOUND('',#529,.T.);
#75=FACE_BOUND('',#530,.T.);
#76=FACE_BOUND('',#531,.T.);
#77=FACE_BOUND('',#532,.T.);
#78=FACE_BOUND('',#533,.T.);
#79=FACE_BOUND('',#534,.T.);
#80=FACE_BOUND('',#535,.T.);
#81=FACE_BOUND('',#536,.T.);
#82=FACE_BOUND('',#537,.T.);
#83=FACE_BOUND('',#538,.T.);
#84=FACE_BOUND('',#837,.T.);
#85=FACE_BOUND('',#840,.T.);
#86=FACE_BOUND('',#878,.T.);
#87=FACE_BOUND('',#879,.T.);
#88=FACE_BOUND('',#880,.T.);
#89=FACE_BOUND('',#881,.T.);
#90=FACE_BOUND('',#882,.T.);
#91=FACE_BOUND('',#883,.T.);
#92=FACE_BOUND('',#884,.T.);
#93=FACE_BOUND('',#885,.T.);
#94=FACE_BOUND('',#886,.T.);
#95=FACE_BOUND('',#887,.T.);
#96=FACE_BOUND('',#888,.T.);
#97=FACE_BOUND('',#889,.T.);
#98=FACE_BOUND('',#890,.T.);
#99=FACE_BOUND('',#891,.T.);
#100=FACE_BOUND('',#892,.T.);
#101=FACE_BOUND('',#893,.T.);
#102=FACE_BOUND('',#894,.T.);
#103=FACE_BOUND('',#895,.T.);
#104=FACE_BOUND('',#896,.T.);
#105=FACE_BOUND('',#897,.T.);
#106=FACE_BOUND('',#898,.T.);
#107=FACE_BOUND('',#899,.T.);
#108=FACE_BOUND('',#900,.T.);
#109=FACE_BOUND('',#901,.T.);
#110=FACE_BOUND('',#902,.T.);
#111=FACE_BOUND('',#903,.T.);
#112=FACE_BOUND('',#904,.T.);
#113=FACE_BOUND('',#905,.T.);
#114=FACE_BOUND('',#906,.T.);
#115=FACE_BOUND('',#907,.T.);
#116=FACE_BOUND('',#908,.T.);
#117=FACE_BOUND('',#909,.T.);
#118=FACE_BOUND('',#910,.T.);
#119=FACE_BOUND('',#911,.T.);
#120=FACE_BOUND('',#912,.T.);
#121=FACE_BOUND('',#913,.T.);
#122=FACE_BOUND('',#914,.T.);
#123=FACE_BOUND('',#915,.T.);
#124=FACE_BOUND('',#916,.T.);
#125=FACE_BOUND('',#917,.T.);
#126=FACE_BOUND('',#918,.T.);
#127=FACE_BOUND('',#919,.T.);
#128=FACE_BOUND('',#920,.T.);
#129=FACE_BOUND('',#921,.T.);
#130=FACE_BOUND('',#922,.T.);
#131=FACE_BOUND('',#923,.T.);
#132=FACE_BOUND('',#924,.T.);
#133=FACE_BOUND('',#925,.T.);
#134=FACE_BOUND('',#926,.T.);
#135=ELLIPSE('',#7268,4.78329081307197,4.);
#136=ELLIPSE('',#7269,4.78329081307197,4.);
#137=ELLIPSE('',#7270,1.27,1.26941061244098);
#138=ELLIPSE('',#7271,1.27,1.26941061244098);
#139=ELLIPSE('',#7572,1.27,1.26941061244098);
#140=ELLIPSE('',#7574,1.27,1.26941061244098);
#141=ELLIPSE('',#7592,4.78329081307197,4.);
#142=ELLIPSE('',#7600,4.78329081307197,4.);
#143=FACE_OUTER_BOUND('',#485,.T.);
#144=FACE_OUTER_BOUND('',#486,.T.);
#145=FACE_OUTER_BOUND('',#487,.T.);
#146=FACE_OUTER_BOUND('',#539,.T.);
#147=FACE_OUTER_BOUND('',#540,.T.);
#148=FACE_OUTER_BOUND('',#541,.T.);
#149=FACE_OUTER_BOUND('',#542,.T.);
#150=FACE_OUTER_BOUND('',#543,.T.);
#151=FACE_OUTER_BOUND('',#544,.T.);
#152=FACE_OUTER_BOUND('',#545,.T.);
#153=FACE_OUTER_BOUND('',#546,.T.);
#154=FACE_OUTER_BOUND('',#547,.T.);
#155=FACE_OUTER_BOUND('',#548,.T.);
#156=FACE_OUTER_BOUND('',#549,.T.);
#157=FACE_OUTER_BOUND('',#550,.T.);
#158=FACE_OUTER_BOUND('',#551,.T.);
#159=FACE_OUTER_BOUND('',#552,.T.);
#160=FACE_OUTER_BOUND('',#553,.T.);
#161=FACE_OUTER_BOUND('',#554,.T.);
#162=FACE_OUTER_BOUND('',#555,.T.);
#163=FACE_OUTER_BOUND('',#556,.T.);
#164=FACE_OUTER_BOUND('',#557,.T.);
#165=FACE_OUTER_BOUND('',#558,.T.);
#166=FACE_OUTER_BOUND('',#559,.T.);
#167=FACE_OUTER_BOUND('',#560,.T.);
#168=FACE_OUTER_BOUND('',#561,.T.);
#169=FACE_OUTER_BOUND('',#562,.T.);
#170=FACE_OUTER_BOUND('',#563,.T.);
#171=FACE_OUTER_BOUND('',#564,.T.);
#172=FACE_OUTER_BOUND('',#565,.T.);
#173=FACE_OUTER_BOUND('',#566,.T.);
#174=FACE_OUTER_BOUND('',#567,.T.);
#175=FACE_OUTER_BOUND('',#568,.T.);
#176=FACE_OUTER_BOUND('',#569,.T.);
#177=FACE_OUTER_BOUND('',#570,.T.);
#178=FACE_OUTER_BOUND('',#571,.T.);
#179=FACE_OUTER_BOUND('',#572,.T.);
#180=FACE_OUTER_BOUND('',#573,.T.);
#181=FACE_OUTER_BOUND('',#574,.T.);
#182=FACE_OUTER_BOUND('',#575,.T.);
#183=FACE_OUTER_BOUND('',#576,.T.);
#184=FACE_OUTER_BOUND('',#577,.T.);
#185=FACE_OUTER_BOUND('',#578,.T.);
#186=FACE_OUTER_BOUND('',#579,.T.);
#187=FACE_OUTER_BOUND('',#580,.T.);
#188=FACE_OUTER_BOUND('',#581,.T.);
#189=FACE_OUTER_BOUND('',#582,.T.);
#190=FACE_OUTER_BOUND('',#583,.T.);
#191=FACE_OUTER_BOUND('',#584,.T.);
#192=FACE_OUTER_BOUND('',#585,.T.);
#193=FACE_OUTER_BOUND('',#586,.T.);
#194=FACE_OUTER_BOUND('',#587,.T.);
#195=FACE_OUTER_BOUND('',#588,.T.);
#196=FACE_OUTER_BOUND('',#589,.T.);
#197=FACE_OUTER_BOUND('',#590,.T.);
#198=FACE_OUTER_BOUND('',#591,.T.);
#199=FACE_OUTER_BOUND('',#592,.T.);
#200=FACE_OUTER_BOUND('',#593,.T.);
#201=FACE_OUTER_BOUND('',#594,.T.);
#202=FACE_OUTER_BOUND('',#595,.T.);
#203=FACE_OUTER_BOUND('',#596,.T.);
#204=FACE_OUTER_BOUND('',#597,.T.);
#205=FACE_OUTER_BOUND('',#598,.T.);
#206=FACE_OUTER_BOUND('',#599,.T.);
#207=FACE_OUTER_BOUND('',#600,.T.);
#208=FACE_OUTER_BOUND('',#601,.T.);
#209=FACE_OUTER_BOUND('',#602,.T.);
#210=FACE_OUTER_BOUND('',#603,.T.);
#211=FACE_OUTER_BOUND('',#604,.T.);
#212=FACE_OUTER_BOUND('',#605,.T.);
#213=FACE_OUTER_BOUND('',#606,.T.);
#214=FACE_OUTER_BOUND('',#607,.T.);
#215=FACE_OUTER_BOUND('',#608,.T.);
#216=FACE_OUTER_BOUND('',#609,.T.);
#217=FACE_OUTER_BOUND('',#610,.T.);
#218=FACE_OUTER_BOUND('',#611,.T.);
#219=FACE_OUTER_BOUND('',#612,.T.);
#220=FACE_OUTER_BOUND('',#613,.T.);
#221=FACE_OUTER_BOUND('',#614,.T.);
#222=FACE_OUTER_BOUND('',#615,.T.);
#223=FACE_OUTER_BOUND('',#616,.T.);
#224=FACE_OUTER_BOUND('',#617,.T.);
#225=FACE_OUTER_BOUND('',#618,.T.);
#226=FACE_OUTER_BOUND('',#619,.T.);
#227=FACE_OUTER_BOUND('',#620,.T.);
#228=FACE_OUTER_BOUND('',#621,.T.);
#229=FACE_OUTER_BOUND('',#622,.T.);
#230=FACE_OUTER_BOUND('',#623,.T.);
#231=FACE_OUTER_BOUND('',#624,.T.);
#232=FACE_OUTER_BOUND('',#625,.T.);
#233=FACE_OUTER_BOUND('',#626,.T.);
#234=FACE_OUTER_BOUND('',#627,.T.);
#235=FACE_OUTER_BOUND('',#628,.T.);
#236=FACE_OUTER_BOUND('',#629,.T.);
#237=FACE_OUTER_BOUND('',#630,.T.);
#238=FACE_OUTER_BOUND('',#631,.T.);
#239=FACE_OUTER_BOUND('',#632,.T.);
#240=FACE_OUTER_BOUND('',#633,.T.);
#241=FACE_OUTER_BOUND('',#634,.T.);
#242=FACE_OUTER_BOUND('',#635,.T.);
#243=FACE_OUTER_BOUND('',#636,.T.);
#244=FACE_OUTER_BOUND('',#637,.T.);
#245=FACE_OUTER_BOUND('',#638,.T.);
#246=FACE_OUTER_BOUND('',#639,.T.);
#247=FACE_OUTER_BOUND('',#640,.T.);
#248=FACE_OUTER_BOUND('',#641,.T.);
#249=FACE_OUTER_BOUND('',#642,.T.);
#250=FACE_OUTER_BOUND('',#643,.T.);
#251=FACE_OUTER_BOUND('',#644,.T.);
#252=FACE_OUTER_BOUND('',#645,.T.);
#253=FACE_OUTER_BOUND('',#646,.T.);
#254=FACE_OUTER_BOUND('',#647,.T.);
#255=FACE_OUTER_BOUND('',#648,.T.);
#256=FACE_OUTER_BOUND('',#649,.T.);
#257=FACE_OUTER_BOUND('',#650,.T.);
#258=FACE_OUTER_BOUND('',#651,.T.);
#259=FACE_OUTER_BOUND('',#652,.T.);
#260=FACE_OUTER_BOUND('',#653,.T.);
#261=FACE_OUTER_BOUND('',#654,.T.);
#262=FACE_OUTER_BOUND('',#655,.T.);
#263=FACE_OUTER_BOUND('',#656,.T.);
#264=FACE_OUTER_BOUND('',#657,.T.);
#265=FACE_OUTER_BOUND('',#658,.T.);
#266=FACE_OUTER_BOUND('',#659,.T.);
#267=FACE_OUTER_BOUND('',#660,.T.);
#268=FACE_OUTER_BOUND('',#661,.T.);
#269=FACE_OUTER_BOUND('',#662,.T.);
#270=FACE_OUTER_BOUND('',#663,.T.);
#271=FACE_OUTER_BOUND('',#664,.T.);
#272=FACE_OUTER_BOUND('',#665,.T.);
#273=FACE_OUTER_BOUND('',#666,.T.);
#274=FACE_OUTER_BOUND('',#667,.T.);
#275=FACE_OUTER_BOUND('',#668,.T.);
#276=FACE_OUTER_BOUND('',#669,.T.);
#277=FACE_OUTER_BOUND('',#670,.T.);
#278=FACE_OUTER_BOUND('',#671,.T.);
#279=FACE_OUTER_BOUND('',#672,.T.);
#280=FACE_OUTER_BOUND('',#673,.T.);
#281=FACE_OUTER_BOUND('',#674,.T.);
#282=FACE_OUTER_BOUND('',#675,.T.);
#283=FACE_OUTER_BOUND('',#676,.T.);
#284=FACE_OUTER_BOUND('',#677,.T.);
#285=FACE_OUTER_BOUND('',#678,.T.);
#286=FACE_OUTER_BOUND('',#679,.T.);
#287=FACE_OUTER_BOUND('',#680,.T.);
#288=FACE_OUTER_BOUND('',#681,.T.);
#289=FACE_OUTER_BOUND('',#682,.T.);
#290=FACE_OUTER_BOUND('',#683,.T.);
#291=FACE_OUTER_BOUND('',#684,.T.);
#292=FACE_OUTER_BOUND('',#685,.T.);
#293=FACE_OUTER_BOUND('',#686,.T.);
#294=FACE_OUTER_BOUND('',#687,.T.);
#295=FACE_OUTER_BOUND('',#688,.T.);
#296=FACE_OUTER_BOUND('',#689,.T.);
#297=FACE_OUTER_BOUND('',#690,.T.);
#298=FACE_OUTER_BOUND('',#691,.T.);
#299=FACE_OUTER_BOUND('',#692,.T.);
#300=FACE_OUTER_BOUND('',#693,.T.);
#301=FACE_OUTER_BOUND('',#694,.T.);
#302=FACE_OUTER_BOUND('',#695,.T.);
#303=FACE_OUTER_BOUND('',#696,.T.);
#304=FACE_OUTER_BOUND('',#697,.T.);
#305=FACE_OUTER_BOUND('',#698,.T.);
#306=FACE_OUTER_BOUND('',#699,.T.);
#307=FACE_OUTER_BOUND('',#700,.T.);
#308=FACE_OUTER_BOUND('',#701,.T.);
#309=FACE_OUTER_BOUND('',#702,.T.);
#310=FACE_OUTER_BOUND('',#703,.T.);
#311=FACE_OUTER_BOUND('',#704,.T.);
#312=FACE_OUTER_BOUND('',#705,.T.);
#313=FACE_OUTER_BOUND('',#706,.T.);
#314=FACE_OUTER_BOUND('',#707,.T.);
#315=FACE_OUTER_BOUND('',#708,.T.);
#316=FACE_OUTER_BOUND('',#709,.T.);
#317=FACE_OUTER_BOUND('',#710,.T.);
#318=FACE_OUTER_BOUND('',#711,.T.);
#319=FACE_OUTER_BOUND('',#712,.T.);
#320=FACE_OUTER_BOUND('',#713,.T.);
#321=FACE_OUTER_BOUND('',#714,.T.);
#322=FACE_OUTER_BOUND('',#715,.T.);
#323=FACE_OUTER_BOUND('',#716,.T.);
#324=FACE_OUTER_BOUND('',#717,.T.);
#325=FACE_OUTER_BOUND('',#718,.T.);
#326=FACE_OUTER_BOUND('',#719,.T.);
#327=FACE_OUTER_BOUND('',#720,.T.);
#328=FACE_OUTER_BOUND('',#721,.T.);
#329=FACE_OUTER_BOUND('',#722,.T.);
#330=FACE_OUTER_BOUND('',#723,.T.);
#331=FACE_OUTER_BOUND('',#724,.T.);
#332=FACE_OUTER_BOUND('',#725,.T.);
#333=FACE_OUTER_BOUND('',#726,.T.);
#334=FACE_OUTER_BOUND('',#727,.T.);
#335=FACE_OUTER_BOUND('',#728,.T.);
#336=FACE_OUTER_BOUND('',#729,.T.);
#337=FACE_OUTER_BOUND('',#730,.T.);
#338=FACE_OUTER_BOUND('',#731,.T.);
#339=FACE_OUTER_BOUND('',#732,.T.);
#340=FACE_OUTER_BOUND('',#733,.T.);
#341=FACE_OUTER_BOUND('',#734,.T.);
#342=FACE_OUTER_BOUND('',#735,.T.);
#343=FACE_OUTER_BOUND('',#736,.T.);
#344=FACE_OUTER_BOUND('',#737,.T.);
#345=FACE_OUTER_BOUND('',#738,.T.);
#346=FACE_OUTER_BOUND('',#739,.T.);
#347=FACE_OUTER_BOUND('',#740,.T.);
#348=FACE_OUTER_BOUND('',#741,.T.);
#349=FACE_OUTER_BOUND('',#742,.T.);
#350=FACE_OUTER_BOUND('',#743,.T.);
#351=FACE_OUTER_BOUND('',#744,.T.);
#352=FACE_OUTER_BOUND('',#745,.T.);
#353=FACE_OUTER_BOUND('',#746,.T.);
#354=FACE_OUTER_BOUND('',#747,.T.);
#355=FACE_OUTER_BOUND('',#748,.T.);
#356=FACE_OUTER_BOUND('',#749,.T.);
#357=FACE_OUTER_BOUND('',#750,.T.);
#358=FACE_OUTER_BOUND('',#751,.T.);
#359=FACE_OUTER_BOUND('',#752,.T.);
#360=FACE_OUTER_BOUND('',#753,.T.);
#361=FACE_OUTER_BOUND('',#754,.T.);
#362=FACE_OUTER_BOUND('',#755,.T.);
#363=FACE_OUTER_BOUND('',#756,.T.);
#364=FACE_OUTER_BOUND('',#757,.T.);
#365=FACE_OUTER_BOUND('',#758,.T.);
#366=FACE_OUTER_BOUND('',#759,.T.);
#367=FACE_OUTER_BOUND('',#760,.T.);
#368=FACE_OUTER_BOUND('',#761,.T.);
#369=FACE_OUTER_BOUND('',#762,.T.);
#370=FACE_OUTER_BOUND('',#763,.T.);
#371=FACE_OUTER_BOUND('',#764,.T.);
#372=FACE_OUTER_BOUND('',#765,.T.);
#373=FACE_OUTER_BOUND('',#766,.T.);
#374=FACE_OUTER_BOUND('',#767,.T.);
#375=FACE_OUTER_BOUND('',#768,.T.);
#376=FACE_OUTER_BOUND('',#769,.T.);
#377=FACE_OUTER_BOUND('',#770,.T.);
#378=FACE_OUTER_BOUND('',#771,.T.);
#379=FACE_OUTER_BOUND('',#772,.T.);
#380=FACE_OUTER_BOUND('',#773,.T.);
#381=FACE_OUTER_BOUND('',#774,.T.);
#382=FACE_OUTER_BOUND('',#775,.T.);
#383=FACE_OUTER_BOUND('',#776,.T.);
#384=FACE_OUTER_BOUND('',#777,.T.);
#385=FACE_OUTER_BOUND('',#778,.T.);
#386=FACE_OUTER_BOUND('',#779,.T.);
#387=FACE_OUTER_BOUND('',#780,.T.);
#388=FACE_OUTER_BOUND('',#781,.T.);
#389=FACE_OUTER_BOUND('',#782,.T.);
#390=FACE_OUTER_BOUND('',#783,.T.);
#391=FACE_OUTER_BOUND('',#784,.T.);
#392=FACE_OUTER_BOUND('',#785,.T.);
#393=FACE_OUTER_BOUND('',#786,.T.);
#394=FACE_OUTER_BOUND('',#787,.T.);
#395=FACE_OUTER_BOUND('',#788,.T.);
#396=FACE_OUTER_BOUND('',#789,.T.);
#397=FACE_OUTER_BOUND('',#790,.T.);
#398=FACE_OUTER_BOUND('',#791,.T.);
#399=FACE_OUTER_BOUND('',#792,.T.);
#400=FACE_OUTER_BOUND('',#793,.T.);
#401=FACE_OUTER_BOUND('',#794,.T.);
#402=FACE_OUTER_BOUND('',#795,.T.);
#403=FACE_OUTER_BOUND('',#796,.T.);
#404=FACE_OUTER_BOUND('',#797,.T.);
#405=FACE_OUTER_BOUND('',#798,.T.);
#406=FACE_OUTER_BOUND('',#799,.T.);
#407=FACE_OUTER_BOUND('',#800,.T.);
#408=FACE_OUTER_BOUND('',#801,.T.);
#409=FACE_OUTER_BOUND('',#802,.T.);
#410=FACE_OUTER_BOUND('',#803,.T.);
#411=FACE_OUTER_BOUND('',#804,.T.);
#412=FACE_OUTER_BOUND('',#805,.T.);
#413=FACE_OUTER_BOUND('',#806,.T.);
#414=FACE_OUTER_BOUND('',#807,.T.);
#415=FACE_OUTER_BOUND('',#808,.T.);
#416=FACE_OUTER_BOUND('',#809,.T.);
#417=FACE_OUTER_BOUND('',#810,.T.);
#418=FACE_OUTER_BOUND('',#811,.T.);
#419=FACE_OUTER_BOUND('',#812,.T.);
#420=FACE_OUTER_BOUND('',#813,.T.);
#421=FACE_OUTER_BOUND('',#814,.T.);
#422=FACE_OUTER_BOUND('',#815,.T.);
#423=FACE_OUTER_BOUND('',#816,.T.);
#424=FACE_OUTER_BOUND('',#817,.T.);
#425=FACE_OUTER_BOUND('',#818,.T.);
#426=FACE_OUTER_BOUND('',#819,.T.);
#427=FACE_OUTER_BOUND('',#820,.T.);
#428=FACE_OUTER_BOUND('',#821,.T.);
#429=FACE_OUTER_BOUND('',#822,.T.);
#430=FACE_OUTER_BOUND('',#823,.T.);
#431=FACE_OUTER_BOUND('',#824,.T.);
#432=FACE_OUTER_BOUND('',#825,.T.);
#433=FACE_OUTER_BOUND('',#826,.T.);
#434=FACE_OUTER_BOUND('',#827,.T.);
#435=FACE_OUTER_BOUND('',#828,.T.);
#436=FACE_OUTER_BOUND('',#829,.T.);
#437=FACE_OUTER_BOUND('',#830,.T.);
#438=FACE_OUTER_BOUND('',#831,.T.);
#439=FACE_OUTER_BOUND('',#832,.T.);
#440=FACE_OUTER_BOUND('',#833,.T.);
#441=FACE_OUTER_BOUND('',#834,.T.);
#442=FACE_OUTER_BOUND('',#835,.T.);
#443=FACE_OUTER_BOUND('',#836,.T.);
#444=FACE_OUTER_BOUND('',#838,.T.);
#445=FACE_OUTER_BOUND('',#839,.T.);
#446=FACE_OUTER_BOUND('',#841,.T.);
#447=FACE_OUTER_BOUND('',#842,.T.);
#448=FACE_OUTER_BOUND('',#843,.T.);
#449=FACE_OUTER_BOUND('',#844,.T.);
#450=FACE_OUTER_BOUND('',#845,.T.);
#451=FACE_OUTER_BOUND('',#846,.T.);
#452=FACE_OUTER_BOUND('',#847,.T.);
#453=FACE_OUTER_BOUND('',#848,.T.);
#454=FACE_OUTER_BOUND('',#849,.T.);
#455=FACE_OUTER_BOUND('',#850,.T.);
#456=FACE_OUTER_BOUND('',#851,.T.);
#457=FACE_OUTER_BOUND('',#852,.T.);
#458=FACE_OUTER_BOUND('',#853,.T.);
#459=FACE_OUTER_BOUND('',#854,.T.);
#460=FACE_OUTER_BOUND('',#855,.T.);
#461=FACE_OUTER_BOUND('',#856,.T.);
#462=FACE_OUTER_BOUND('',#857,.T.);
#463=FACE_OUTER_BOUND('',#858,.T.);
#464=FACE_OUTER_BOUND('',#859,.T.);
#465=FACE_OUTER_BOUND('',#860,.T.);
#466=FACE_OUTER_BOUND('',#861,.T.);
#467=FACE_OUTER_BOUND('',#862,.T.);
#468=FACE_OUTER_BOUND('',#863,.T.);
#469=FACE_OUTER_BOUND('',#864,.T.);
#470=FACE_OUTER_BOUND('',#865,.T.);
#471=FACE_OUTER_BOUND('',#866,.T.);
#472=FACE_OUTER_BOUND('',#867,.T.);
#473=FACE_OUTER_BOUND('',#868,.T.);
#474=FACE_OUTER_BOUND('',#869,.T.);
#475=FACE_OUTER_BOUND('',#870,.T.);
#476=FACE_OUTER_BOUND('',#871,.T.);
#477=FACE_OUTER_BOUND('',#872,.T.);
#478=FACE_OUTER_BOUND('',#873,.T.);
#479=FACE_OUTER_BOUND('',#874,.T.);
#480=FACE_OUTER_BOUND('',#875,.T.);
#481=FACE_OUTER_BOUND('',#876,.T.);
#482=FACE_OUTER_BOUND('',#877,.T.);
#483=FACE_OUTER_BOUND('',#927,.T.);
#484=FACE_OUTER_BOUND('',#928,.T.);
#485=EDGE_LOOP('',(#4569,#4570,#4571,#4572));
#486=EDGE_LOOP('',(#4573,#4574,#4575,#4576,#4577,#4578,#4579));
#487=EDGE_LOOP('',(#4580,#4581,#4582,#4583,#4584,#4585,#4586,#4587,#4588,
#4589,#4590,#4591,#4592,#4593,#4594,#4595,#4596,#4597,#4598,#4599,#4600,
#4601,#4602,#4603,#4604));
#488=EDGE_LOOP('',(#4605,#4606,#4607,#4608,#4609,#4610));
#489=EDGE_LOOP('',(#4611,#4612,#4613,#4614,#4615,#4616));
#490=EDGE_LOOP('',(#4617,#4618,#4619,#4620,#4621,#4622));
#491=EDGE_LOOP('',(#4623,#4624,#4625,#4626,#4627,#4628));
#492=EDGE_LOOP('',(#4629,#4630,#4631,#4632,#4633,#4634));
#493=EDGE_LOOP('',(#4635,#4636,#4637,#4638,#4639,#4640));
#494=EDGE_LOOP('',(#4641,#4642,#4643,#4644,#4645,#4646));
#495=EDGE_LOOP('',(#4647,#4648,#4649,#4650,#4651,#4652));
#496=EDGE_LOOP('',(#4653,#4654,#4655,#4656,#4657,#4658));
#497=EDGE_LOOP('',(#4659,#4660,#4661,#4662,#4663,#4664));
#498=EDGE_LOOP('',(#4665,#4666,#4667,#4668,#4669,#4670));
#499=EDGE_LOOP('',(#4671,#4672,#4673,#4674,#4675,#4676));
#500=EDGE_LOOP('',(#4677,#4678,#4679,#4680,#4681,#4682));
#501=EDGE_LOOP('',(#4683,#4684,#4685,#4686,#4687,#4688));
#502=EDGE_LOOP('',(#4689,#4690,#4691,#4692,#4693,#4694));
#503=EDGE_LOOP('',(#4695,#4696,#4697,#4698,#4699,#4700));
#504=EDGE_LOOP('',(#4701,#4702,#4703,#4704,#4705,#4706));
#505=EDGE_LOOP('',(#4707,#4708,#4709,#4710,#4711,#4712));
#506=EDGE_LOOP('',(#4713,#4714,#4715,#4716,#4717,#4718));
#507=EDGE_LOOP('',(#4719,#4720,#4721,#4722,#4723,#4724));
#508=EDGE_LOOP('',(#4725,#4726,#4727,#4728,#4729,#4730));
#509=EDGE_LOOP('',(#4731,#4732,#4733,#4734,#4735,#4736));
#510=EDGE_LOOP('',(#4737,#4738,#4739,#4740,#4741,#4742));
#511=EDGE_LOOP('',(#4743,#4744,#4745,#4746,#4747,#4748));
#512=EDGE_LOOP('',(#4749,#4750,#4751,#4752,#4753,#4754));
#513=EDGE_LOOP('',(#4755,#4756,#4757,#4758,#4759,#4760));
#514=EDGE_LOOP('',(#4761,#4762,#4763,#4764,#4765,#4766));
#515=EDGE_LOOP('',(#4767,#4768,#4769,#4770,#4771,#4772));
#516=EDGE_LOOP('',(#4773,#4774,#4775,#4776,#4777,#4778));
#517=EDGE_LOOP('',(#4779,#4780,#4781,#4782,#4783,#4784));
#518=EDGE_LOOP('',(#4785,#4786,#4787,#4788,#4789,#4790));
#519=EDGE_LOOP('',(#4791,#4792,#4793,#4794,#4795,#4796));
#520=EDGE_LOOP('',(#4797,#4798,#4799,#4800,#4801,#4802));
#521=EDGE_LOOP('',(#4803,#4804,#4805,#4806,#4807,#4808));
#522=EDGE_LOOP('',(#4809,#4810,#4811,#4812,#4813,#4814));
#523=EDGE_LOOP('',(#4815,#4816,#4817,#4818,#4819,#4820));
#524=EDGE_LOOP('',(#4821,#4822,#4823,#4824,#4825,#4826));
#525=EDGE_LOOP('',(#4827,#4828,#4829,#4830,#4831,#4832));
#526=EDGE_LOOP('',(#4833,#4834,#4835,#4836,#4837,#4838));
#527=EDGE_LOOP('',(#4839,#4840,#4841,#4842,#4843,#4844));
#528=EDGE_LOOP('',(#4845));
#529=EDGE_LOOP('',(#4846));
#530=EDGE_LOOP('',(#4847,#4848,#4849,#4850));
#531=EDGE_LOOP('',(#4851,#4852,#4853,#4854,#4855,#4856));
#532=EDGE_LOOP('',(#4857,#4858,#4859,#4860,#4861,#4862));
#533=EDGE_LOOP('',(#4863,#4864,#4865,#4866,#4867,#4868));
#534=EDGE_LOOP('',(#4869,#4870,#4871,#4872,#4873,#4874));
#535=EDGE_LOOP('',(#4875,#4876,#4877,#4878,#4879,#4880));
#536=EDGE_LOOP('',(#4881,#4882,#4883,#4884,#4885,#4886));
#537=EDGE_LOOP('',(#4887,#4888,#4889,#4890,#4891,#4892));
#538=EDGE_LOOP('',(#4893,#4894,#4895,#4896,#4897,#4898));
#539=EDGE_LOOP('',(#4899,#4900,#4901,#4902));
#540=EDGE_LOOP('',(#4903,#4904,#4905,#4906));
#541=EDGE_LOOP('',(#4907,#4908,#4909,#4910));
#542=EDGE_LOOP('',(#4911,#4912,#4913,#4914));
#543=EDGE_LOOP('',(#4915,#4916,#4917,#4918));
#544=EDGE_LOOP('',(#4919,#4920,#4921,#4922));
#545=EDGE_LOOP('',(#4923,#4924,#4925,#4926));
#546=EDGE_LOOP('',(#4927,#4928,#4929,#4930));
#547=EDGE_LOOP('',(#4931,#4932,#4933,#4934));
#548=EDGE_LOOP('',(#4935,#4936,#4937,#4938));
#549=EDGE_LOOP('',(#4939,#4940,#4941,#4942));
#550=EDGE_LOOP('',(#4943,#4944,#4945,#4946));
#551=EDGE_LOOP('',(#4947,#4948,#4949,#4950));
#552=EDGE_LOOP('',(#4951,#4952,#4953,#4954));
#553=EDGE_LOOP('',(#4955,#4956,#4957,#4958));
#554=EDGE_LOOP('',(#4959,#4960,#4961,#4962));
#555=EDGE_LOOP('',(#4963,#4964,#4965,#4966));
#556=EDGE_LOOP('',(#4967,#4968,#4969,#4970));
#557=EDGE_LOOP('',(#4971,#4972,#4973,#4974));
#558=EDGE_LOOP('',(#4975,#4976,#4977,#4978));
#559=EDGE_LOOP('',(#4979,#4980,#4981,#4982));
#560=EDGE_LOOP('',(#4983,#4984,#4985,#4986));
#561=EDGE_LOOP('',(#4987,#4988,#4989,#4990));
#562=EDGE_LOOP('',(#4991,#4992,#4993,#4994));
#563=EDGE_LOOP('',(#4995,#4996,#4997,#4998));
#564=EDGE_LOOP('',(#4999,#5000,#5001,#5002));
#565=EDGE_LOOP('',(#5003,#5004,#5005,#5006));
#566=EDGE_LOOP('',(#5007,#5008,#5009,#5010));
#567=EDGE_LOOP('',(#5011,#5012,#5013,#5014));
#568=EDGE_LOOP('',(#5015,#5016,#5017,#5018));
#569=EDGE_LOOP('',(#5019,#5020,#5021,#5022));
#570=EDGE_LOOP('',(#5023,#5024,#5025,#5026));
#571=EDGE_LOOP('',(#5027,#5028,#5029,#5030));
#572=EDGE_LOOP('',(#5031,#5032,#5033,#5034));
#573=EDGE_LOOP('',(#5035,#5036,#5037,#5038));
#574=EDGE_LOOP('',(#5039,#5040,#5041,#5042));
#575=EDGE_LOOP('',(#5043,#5044,#5045,#5046));
#576=EDGE_LOOP('',(#5047,#5048,#5049,#5050));
#577=EDGE_LOOP('',(#5051,#5052,#5053,#5054));
#578=EDGE_LOOP('',(#5055,#5056,#5057,#5058));
#579=EDGE_LOOP('',(#5059,#5060,#5061,#5062));
#580=EDGE_LOOP('',(#5063,#5064,#5065,#5066));
#581=EDGE_LOOP('',(#5067,#5068,#5069,#5070));
#582=EDGE_LOOP('',(#5071,#5072,#5073,#5074));
#583=EDGE_LOOP('',(#5075,#5076,#5077,#5078));
#584=EDGE_LOOP('',(#5079,#5080,#5081,#5082));
#585=EDGE_LOOP('',(#5083,#5084,#5085,#5086));
#586=EDGE_LOOP('',(#5087,#5088,#5089,#5090));
#587=EDGE_LOOP('',(#5091,#5092,#5093,#5094));
#588=EDGE_LOOP('',(#5095,#5096,#5097,#5098));
#589=EDGE_LOOP('',(#5099,#5100,#5101,#5102));
#590=EDGE_LOOP('',(#5103,#5104,#5105,#5106));
#591=EDGE_LOOP('',(#5107,#5108,#5109,#5110));
#592=EDGE_LOOP('',(#5111,#5112,#5113,#5114));
#593=EDGE_LOOP('',(#5115,#5116,#5117,#5118));
#594=EDGE_LOOP('',(#5119,#5120,#5121,#5122));
#595=EDGE_LOOP('',(#5123,#5124,#5125,#5126));
#596=EDGE_LOOP('',(#5127,#5128,#5129,#5130));
#597=EDGE_LOOP('',(#5131,#5132,#5133,#5134));
#598=EDGE_LOOP('',(#5135,#5136,#5137,#5138));
#599=EDGE_LOOP('',(#5139,#5140,#5141,#5142));
#600=EDGE_LOOP('',(#5143,#5144,#5145,#5146));
#601=EDGE_LOOP('',(#5147,#5148,#5149,#5150));
#602=EDGE_LOOP('',(#5151,#5152,#5153,#5154));
#603=EDGE_LOOP('',(#5155,#5156,#5157,#5158));
#604=EDGE_LOOP('',(#5159,#5160,#5161,#5162));
#605=EDGE_LOOP('',(#5163,#5164,#5165,#5166));
#606=EDGE_LOOP('',(#5167,#5168,#5169,#5170));
#607=EDGE_LOOP('',(#5171,#5172,#5173,#5174));
#608=EDGE_LOOP('',(#5175,#5176,#5177,#5178));
#609=EDGE_LOOP('',(#5179,#5180,#5181,#5182));
#610=EDGE_LOOP('',(#5183,#5184,#5185,#5186));
#611=EDGE_LOOP('',(#5187,#5188,#5189,#5190));
#612=EDGE_LOOP('',(#5191,#5192,#5193,#5194));
#613=EDGE_LOOP('',(#5195,#5196,#5197,#5198));
#614=EDGE_LOOP('',(#5199,#5200,#5201,#5202));
#615=EDGE_LOOP('',(#5203,#5204,#5205,#5206));
#616=EDGE_LOOP('',(#5207,#5208,#5209,#5210));
#617=EDGE_LOOP('',(#5211,#5212,#5213,#5214));
#618=EDGE_LOOP('',(#5215,#5216,#5217,#5218));
#619=EDGE_LOOP('',(#5219,#5220,#5221,#5222));
#620=EDGE_LOOP('',(#5223,#5224,#5225,#5226));
#621=EDGE_LOOP('',(#5227,#5228,#5229,#5230));
#622=EDGE_LOOP('',(#5231,#5232,#5233,#5234));
#623=EDGE_LOOP('',(#5235,#5236,#5237,#5238));
#624=EDGE_LOOP('',(#5239,#5240,#5241,#5242));
#625=EDGE_LOOP('',(#5243,#5244,#5245,#5246));
#626=EDGE_LOOP('',(#5247,#5248,#5249,#5250));
#627=EDGE_LOOP('',(#5251,#5252,#5253,#5254));
#628=EDGE_LOOP('',(#5255,#5256,#5257,#5258));
#629=EDGE_LOOP('',(#5259,#5260,#5261,#5262));
#630=EDGE_LOOP('',(#5263,#5264,#5265,#5266));
#631=EDGE_LOOP('',(#5267,#5268,#5269,#5270));
#632=EDGE_LOOP('',(#5271,#5272,#5273,#5274));
#633=EDGE_LOOP('',(#5275,#5276,#5277,#5278));
#634=EDGE_LOOP('',(#5279,#5280,#5281,#5282));
#635=EDGE_LOOP('',(#5283,#5284,#5285,#5286));
#636=EDGE_LOOP('',(#5287,#5288,#5289,#5290));
#637=EDGE_LOOP('',(#5291,#5292,#5293,#5294));
#638=EDGE_LOOP('',(#5295,#5296,#5297,#5298));
#639=EDGE_LOOP('',(#5299,#5300,#5301,#5302));
#640=EDGE_LOOP('',(#5303,#5304,#5305,#5306));
#641=EDGE_LOOP('',(#5307,#5308,#5309,#5310));
#642=EDGE_LOOP('',(#5311,#5312,#5313,#5314));
#643=EDGE_LOOP('',(#5315,#5316,#5317,#5318));
#644=EDGE_LOOP('',(#5319,#5320,#5321,#5322));
#645=EDGE_LOOP('',(#5323,#5324,#5325,#5326));
#646=EDGE_LOOP('',(#5327,#5328,#5329,#5330));
#647=EDGE_LOOP('',(#5331,#5332,#5333,#5334));
#648=EDGE_LOOP('',(#5335,#5336,#5337,#5338));
#649=EDGE_LOOP('',(#5339,#5340,#5341,#5342));
#650=EDGE_LOOP('',(#5343,#5344,#5345,#5346));
#651=EDGE_LOOP('',(#5347,#5348,#5349,#5350));
#652=EDGE_LOOP('',(#5351,#5352,#5353,#5354));
#653=EDGE_LOOP('',(#5355,#5356,#5357,#5358));
#654=EDGE_LOOP('',(#5359,#5360,#5361,#5362));
#655=EDGE_LOOP('',(#5363,#5364,#5365,#5366));
#656=EDGE_LOOP('',(#5367,#5368,#5369,#5370));
#657=EDGE_LOOP('',(#5371,#5372,#5373,#5374));
#658=EDGE_LOOP('',(#5375,#5376,#5377,#5378));
#659=EDGE_LOOP('',(#5379,#5380,#5381,#5382));
#660=EDGE_LOOP('',(#5383,#5384,#5385,#5386));
#661=EDGE_LOOP('',(#5387,#5388,#5389,#5390));
#662=EDGE_LOOP('',(#5391,#5392,#5393,#5394));
#663=EDGE_LOOP('',(#5395,#5396,#5397,#5398));
#664=EDGE_LOOP('',(#5399,#5400,#5401,#5402));
#665=EDGE_LOOP('',(#5403,#5404,#5405,#5406));
#666=EDGE_LOOP('',(#5407,#5408,#5409,#5410));
#667=EDGE_LOOP('',(#5411,#5412,#5413,#5414));
#668=EDGE_LOOP('',(#5415,#5416,#5417,#5418));
#669=EDGE_LOOP('',(#5419,#5420,#5421,#5422));
#670=EDGE_LOOP('',(#5423,#5424,#5425,#5426));
#671=EDGE_LOOP('',(#5427,#5428,#5429,#5430));
#672=EDGE_LOOP('',(#5431,#5432,#5433,#5434));
#673=EDGE_LOOP('',(#5435,#5436,#5437,#5438));
#674=EDGE_LOOP('',(#5439,#5440,#5441,#5442));
#675=EDGE_LOOP('',(#5443,#5444,#5445,#5446));
#676=EDGE_LOOP('',(#5447,#5448,#5449,#5450));
#677=EDGE_LOOP('',(#5451,#5452,#5453,#5454));
#678=EDGE_LOOP('',(#5455,#5456,#5457,#5458));
#679=EDGE_LOOP('',(#5459,#5460,#5461,#5462));
#680=EDGE_LOOP('',(#5463,#5464,#5465,#5466));
#681=EDGE_LOOP('',(#5467,#5468,#5469,#5470));
#682=EDGE_LOOP('',(#5471,#5472,#5473,#5474));
#683=EDGE_LOOP('',(#5475,#5476,#5477,#5478));
#684=EDGE_LOOP('',(#5479,#5480,#5481,#5482));
#685=EDGE_LOOP('',(#5483,#5484,#5485,#5486));
#686=EDGE_LOOP('',(#5487,#5488,#5489,#5490));
#687=EDGE_LOOP('',(#5491,#5492,#5493,#5494));
#688=EDGE_LOOP('',(#5495,#5496,#5497,#5498));
#689=EDGE_LOOP('',(#5499,#5500,#5501,#5502));
#690=EDGE_LOOP('',(#5503,#5504,#5505,#5506));
#691=EDGE_LOOP('',(#5507,#5508,#5509,#5510));
#692=EDGE_LOOP('',(#5511,#5512,#5513,#5514));
#693=EDGE_LOOP('',(#5515,#5516,#5517,#5518));
#694=EDGE_LOOP('',(#5519,#5520,#5521,#5522));
#695=EDGE_LOOP('',(#5523,#5524,#5525,#5526));
#696=EDGE_LOOP('',(#5527,#5528,#5529,#5530));
#697=EDGE_LOOP('',(#5531,#5532,#5533,#5534));
#698=EDGE_LOOP('',(#5535,#5536,#5537,#5538));
#699=EDGE_LOOP('',(#5539,#5540,#5541,#5542));
#700=EDGE_LOOP('',(#5543,#5544,#5545,#5546));
#701=EDGE_LOOP('',(#5547,#5548,#5549,#5550));
#702=EDGE_LOOP('',(#5551,#5552,#5553,#5554));
#703=EDGE_LOOP('',(#5555,#5556,#5557,#5558));
#704=EDGE_LOOP('',(#5559,#5560,#5561,#5562));
#705=EDGE_LOOP('',(#5563,#5564,#5565,#5566));
#706=EDGE_LOOP('',(#5567,#5568,#5569,#5570));
#707=EDGE_LOOP('',(#5571,#5572,#5573,#5574));
#708=EDGE_LOOP('',(#5575,#5576,#5577,#5578));
#709=EDGE_LOOP('',(#5579,#5580,#5581,#5582));
#710=EDGE_LOOP('',(#5583,#5584,#5585,#5586));
#711=EDGE_LOOP('',(#5587,#5588,#5589,#5590));
#712=EDGE_LOOP('',(#5591,#5592,#5593,#5594));
#713=EDGE_LOOP('',(#5595,#5596,#5597,#5598));
#714=EDGE_LOOP('',(#5599,#5600,#5601,#5602));
#715=EDGE_LOOP('',(#5603,#5604,#5605,#5606));
#716=EDGE_LOOP('',(#5607,#5608,#5609,#5610));
#717=EDGE_LOOP('',(#5611,#5612,#5613,#5614));
#718=EDGE_LOOP('',(#5615,#5616,#5617,#5618));
#719=EDGE_LOOP('',(#5619,#5620,#5621,#5622));
#720=EDGE_LOOP('',(#5623,#5624,#5625,#5626));
#721=EDGE_LOOP('',(#5627,#5628,#5629,#5630));
#722=EDGE_LOOP('',(#5631,#5632,#5633,#5634));
#723=EDGE_LOOP('',(#5635,#5636,#5637,#5638));
#724=EDGE_LOOP('',(#5639,#5640,#5641,#5642));
#725=EDGE_LOOP('',(#5643,#5644,#5645,#5646));
#726=EDGE_LOOP('',(#5647,#5648,#5649,#5650));
#727=EDGE_LOOP('',(#5651,#5652,#5653,#5654));
#728=EDGE_LOOP('',(#5655,#5656,#5657,#5658));
#729=EDGE_LOOP('',(#5659,#5660,#5661,#5662));
#730=EDGE_LOOP('',(#5663,#5664,#5665,#5666));
#731=EDGE_LOOP('',(#5667,#5668,#5669,#5670));
#732=EDGE_LOOP('',(#5671,#5672,#5673,#5674));
#733=EDGE_LOOP('',(#5675,#5676,#5677,#5678));
#734=EDGE_LOOP('',(#5679,#5680,#5681,#5682));
#735=EDGE_LOOP('',(#5683,#5684,#5685,#5686));
#736=EDGE_LOOP('',(#5687,#5688,#5689,#5690));
#737=EDGE_LOOP('',(#5691,#5692,#5693,#5694));
#738=EDGE_LOOP('',(#5695,#5696,#5697,#5698));
#739=EDGE_LOOP('',(#5699,#5700,#5701,#5702));
#740=EDGE_LOOP('',(#5703,#5704,#5705,#5706));
#741=EDGE_LOOP('',(#5707,#5708,#5709,#5710));
#742=EDGE_LOOP('',(#5711,#5712,#5713,#5714));
#743=EDGE_LOOP('',(#5715,#5716,#5717,#5718));
#744=EDGE_LOOP('',(#5719,#5720,#5721,#5722));
#745=EDGE_LOOP('',(#5723,#5724,#5725,#5726));
#746=EDGE_LOOP('',(#5727,#5728,#5729,#5730));
#747=EDGE_LOOP('',(#5731,#5732,#5733,#5734));
#748=EDGE_LOOP('',(#5735,#5736,#5737,#5738));
#749=EDGE_LOOP('',(#5739,#5740,#5741,#5742));
#750=EDGE_LOOP('',(#5743,#5744,#5745,#5746));
#751=EDGE_LOOP('',(#5747,#5748,#5749,#5750));
#752=EDGE_LOOP('',(#5751,#5752,#5753,#5754));
#753=EDGE_LOOP('',(#5755,#5756,#5757,#5758));
#754=EDGE_LOOP('',(#5759,#5760,#5761,#5762));
#755=EDGE_LOOP('',(#5763,#5764,#5765,#5766));
#756=EDGE_LOOP('',(#5767,#5768,#5769,#5770));
#757=EDGE_LOOP('',(#5771,#5772,#5773,#5774));
#758=EDGE_LOOP('',(#5775,#5776,#5777,#5778));
#759=EDGE_LOOP('',(#5779,#5780,#5781,#5782));
#760=EDGE_LOOP('',(#5783,#5784,#5785,#5786));
#761=EDGE_LOOP('',(#5787,#5788,#5789,#5790));
#762=EDGE_LOOP('',(#5791,#5792,#5793,#5794));
#763=EDGE_LOOP('',(#5795,#5796,#5797,#5798));
#764=EDGE_LOOP('',(#5799,#5800,#5801,#5802));
#765=EDGE_LOOP('',(#5803,#5804,#5805,#5806));
#766=EDGE_LOOP('',(#5807,#5808,#5809,#5810));
#767=EDGE_LOOP('',(#5811,#5812,#5813,#5814));
#768=EDGE_LOOP('',(#5815,#5816,#5817,#5818));
#769=EDGE_LOOP('',(#5819,#5820,#5821,#5822));
#770=EDGE_LOOP('',(#5823,#5824,#5825,#5826));
#771=EDGE_LOOP('',(#5827,#5828,#5829,#5830));
#772=EDGE_LOOP('',(#5831,#5832,#5833,#5834));
#773=EDGE_LOOP('',(#5835,#5836,#5837,#5838));
#774=EDGE_LOOP('',(#5839,#5840,#5841,#5842));
#775=EDGE_LOOP('',(#5843,#5844,#5845,#5846));
#776=EDGE_LOOP('',(#5847,#5848,#5849,#5850));
#777=EDGE_LOOP('',(#5851,#5852,#5853,#5854));
#778=EDGE_LOOP('',(#5855,#5856,#5857,#5858));
#779=EDGE_LOOP('',(#5859,#5860,#5861,#5862));
#780=EDGE_LOOP('',(#5863,#5864,#5865,#5866));
#781=EDGE_LOOP('',(#5867,#5868,#5869,#5870));
#782=EDGE_LOOP('',(#5871,#5872,#5873,#5874));
#783=EDGE_LOOP('',(#5875,#5876,#5877,#5878));
#784=EDGE_LOOP('',(#5879,#5880,#5881,#5882));
#785=EDGE_LOOP('',(#5883,#5884,#5885,#5886));
#786=EDGE_LOOP('',(#5887,#5888,#5889,#5890));
#787=EDGE_LOOP('',(#5891,#5892,#5893,#5894));
#788=EDGE_LOOP('',(#5895,#5896,#5897,#5898));
#789=EDGE_LOOP('',(#5899,#5900,#5901,#5902));
#790=EDGE_LOOP('',(#5903,#5904,#5905,#5906));
#791=EDGE_LOOP('',(#5907,#5908,#5909,#5910));
#792=EDGE_LOOP('',(#5911,#5912,#5913,#5914));
#793=EDGE_LOOP('',(#5915,#5916,#5917,#5918));
#794=EDGE_LOOP('',(#5919,#5920,#5921,#5922));
#795=EDGE_LOOP('',(#5923,#5924,#5925,#5926));
#796=EDGE_LOOP('',(#5927,#5928,#5929,#5930));
#797=EDGE_LOOP('',(#5931,#5932,#5933,#5934));
#798=EDGE_LOOP('',(#5935,#5936,#5937,#5938));
#799=EDGE_LOOP('',(#5939,#5940,#5941,#5942));
#800=EDGE_LOOP('',(#5943,#5944,#5945,#5946));
#801=EDGE_LOOP('',(#5947,#5948,#5949,#5950));
#802=EDGE_LOOP('',(#5951,#5952,#5953,#5954));
#803=EDGE_LOOP('',(#5955,#5956,#5957,#5958));
#804=EDGE_LOOP('',(#5959,#5960,#5961,#5962));
#805=EDGE_LOOP('',(#5963,#5964,#5965,#5966));
#806=EDGE_LOOP('',(#5967,#5968,#5969,#5970));
#807=EDGE_LOOP('',(#5971,#5972,#5973,#5974));
#808=EDGE_LOOP('',(#5975,#5976,#5977,#5978));
#809=EDGE_LOOP('',(#5979,#5980,#5981,#5982));
#810=EDGE_LOOP('',(#5983,#5984,#5985,#5986));
#811=EDGE_LOOP('',(#5987,#5988,#5989,#5990));
#812=EDGE_LOOP('',(#5991,#5992,#5993,#5994));
#813=EDGE_LOOP('',(#5995,#5996,#5997,#5998));
#814=EDGE_LOOP('',(#5999,#6000,#6001,#6002));
#815=EDGE_LOOP('',(#6003,#6004,#6005,#6006));
#816=EDGE_LOOP('',(#6007,#6008,#6009,#6010));
#817=EDGE_LOOP('',(#6011,#6012,#6013,#6014));
#818=EDGE_LOOP('',(#6015,#6016,#6017,#6018));
#819=EDGE_LOOP('',(#6019,#6020,#6021,#6022));
#820=EDGE_LOOP('',(#6023,#6024,#6025,#6026));
#821=EDGE_LOOP('',(#6027,#6028,#6029,#6030));
#822=EDGE_LOOP('',(#6031,#6032,#6033,#6034));
#823=EDGE_LOOP('',(#6035,#6036,#6037,#6038));
#824=EDGE_LOOP('',(#6039,#6040,#6041,#6042));
#825=EDGE_LOOP('',(#6043,#6044,#6045,#6046));
#826=EDGE_LOOP('',(#6047,#6048,#6049,#6050));
#827=EDGE_LOOP('',(#6051,#6052,#6053,#6054));
#828=EDGE_LOOP('',(#6055,#6056,#6057,#6058));
#829=EDGE_LOOP('',(#6059,#6060,#6061,#6062));
#830=EDGE_LOOP('',(#6063,#6064,#6065,#6066));
#831=EDGE_LOOP('',(#6067,#6068,#6069,#6070));
#832=EDGE_LOOP('',(#6071));
#833=EDGE_LOOP('',(#6072,#6073,#6074,#6075));
#834=EDGE_LOOP('',(#6076));
#835=EDGE_LOOP('',(#6077,#6078,#6079,#6080));
#836=EDGE_LOOP('',(#6081));
#837=EDGE_LOOP('',(#6082));
#838=EDGE_LOOP('',(#6083,#6084,#6085,#6086));
#839=EDGE_LOOP('',(#6087));
#840=EDGE_LOOP('',(#6088));
#841=EDGE_LOOP('',(#6089,#6090,#6091,#6092));
#842=EDGE_LOOP('',(#6093,#6094,#6095,#6096));
#843=EDGE_LOOP('',(#6097,#6098,#6099,#6100));
#844=EDGE_LOOP('',(#6101,#6102,#6103,#6104));
#845=EDGE_LOOP('',(#6105,#6106,#6107,#6108,#6109));
#846=EDGE_LOOP('',(#6110,#6111,#6112,#6113,#6114));
#847=EDGE_LOOP('',(#6115,#6116,#6117,#6118));
#848=EDGE_LOOP('',(#6119,#6120,#6121,#6122));
#849=EDGE_LOOP('',(#6123,#6124,#6125,#6126));
#850=EDGE_LOOP('',(#6127,#6128,#6129,#6130,#6131));
#851=EDGE_LOOP('',(#6132,#6133,#6134,#6135,#6136));
#852=EDGE_LOOP('',(#6137,#6138,#6139,#6140));
#853=EDGE_LOOP('',(#6141,#6142,#6143,#6144));
#854=EDGE_LOOP('',(#6145,#6146,#6147,#6148));
#855=EDGE_LOOP('',(#6149,#6150,#6151,#6152,#6153,#6154));
#856=EDGE_LOOP('',(#6155,#6156,#6157,#6158));
#857=EDGE_LOOP('',(#6159,#6160,#6161,#6162));
#858=EDGE_LOOP('',(#6163,#6164,#6165,#6166));
#859=EDGE_LOOP('',(#6167,#6168,#6169,#6170,#6171,#6172,#6173,#6174));
#860=EDGE_LOOP('',(#6175,#6176,#6177,#6178));
#861=EDGE_LOOP('',(#6179,#6180,#6181,#6182,#6183,#6184));
#862=EDGE_LOOP('',(#6185,#6186,#6187,#6188,#6189,#6190,#6191,#6192));
#863=EDGE_LOOP('',(#6193,#6194,#6195,#6196,#6197,#6198,#6199));
#864=EDGE_LOOP('',(#6200,#6201,#6202,#6203,#6204));
#865=EDGE_LOOP('',(#6205,#6206,#6207,#6208));
#866=EDGE_LOOP('',(#6209,#6210,#6211,#6212,#6213,#6214));
#867=EDGE_LOOP('',(#6215,#6216,#6217,#6218));
#868=EDGE_LOOP('',(#6219,#6220,#6221,#6222,#6223,#6224,#6225));
#869=EDGE_LOOP('',(#6226,#6227,#6228,#6229));
#870=EDGE_LOOP('',(#6230,#6231,#6232));
#871=EDGE_LOOP('',(#6233,#6234,#6235,#6236));
#872=EDGE_LOOP('',(#6237,#6238,#6239,#6240));
#873=EDGE_LOOP('',(#6241,#6242,#6243,#6244));
#874=EDGE_LOOP('',(#6245,#6246,#6247));
#875=EDGE_LOOP('',(#6248,#6249,#6250,#6251,#6252,#6253,#6254,#6255,#6256,
#6257));
#876=EDGE_LOOP('',(#6258,#6259,#6260,#6261));
#877=EDGE_LOOP('',(#6262,#6263,#6264,#6265,#6266,#6267,#6268,#6269,#6270,
#6271));
#878=EDGE_LOOP('',(#6272,#6273,#6274,#6275,#6276,#6277));
#879=EDGE_LOOP('',(#6278,#6279,#6280,#6281,#6282,#6283));
#880=EDGE_LOOP('',(#6284,#6285,#6286,#6287,#6288,#6289));
#881=EDGE_LOOP('',(#6290,#6291,#6292,#6293,#6294,#6295));
#882=EDGE_LOOP('',(#6296,#6297,#6298,#6299,#6300,#6301));
#883=EDGE_LOOP('',(#6302,#6303,#6304,#6305,#6306,#6307));
#884=EDGE_LOOP('',(#6308,#6309,#6310,#6311,#6312,#6313));
#885=EDGE_LOOP('',(#6314,#6315,#6316,#6317,#6318,#6319));
#886=EDGE_LOOP('',(#6320,#6321,#6322,#6323,#6324,#6325));
#887=EDGE_LOOP('',(#6326,#6327,#6328,#6329,#6330,#6331));
#888=EDGE_LOOP('',(#6332,#6333,#6334,#6335,#6336,#6337));
#889=EDGE_LOOP('',(#6338,#6339,#6340,#6341,#6342,#6343));
#890=EDGE_LOOP('',(#6344,#6345,#6346,#6347,#6348,#6349));
#891=EDGE_LOOP('',(#6350,#6351,#6352,#6353,#6354,#6355));
#892=EDGE_LOOP('',(#6356,#6357,#6358,#6359,#6360,#6361));
#893=EDGE_LOOP('',(#6362,#6363,#6364,#6365,#6366,#6367));
#894=EDGE_LOOP('',(#6368,#6369,#6370,#6371,#6372,#6373));
#895=EDGE_LOOP('',(#6374,#6375,#6376,#6377,#6378,#6379));
#896=EDGE_LOOP('',(#6380,#6381,#6382,#6383,#6384,#6385));
#897=EDGE_LOOP('',(#6386,#6387,#6388,#6389,#6390,#6391));
#898=EDGE_LOOP('',(#6392,#6393,#6394,#6395,#6396,#6397));
#899=EDGE_LOOP('',(#6398,#6399,#6400,#6401,#6402,#6403));
#900=EDGE_LOOP('',(#6404,#6405,#6406,#6407,#6408,#6409));
#901=EDGE_LOOP('',(#6410,#6411,#6412,#6413,#6414,#6415));
#902=EDGE_LOOP('',(#6416,#6417,#6418,#6419,#6420,#6421));
#903=EDGE_LOOP('',(#6422,#6423,#6424,#6425,#6426,#6427));
#904=EDGE_LOOP('',(#6428,#6429,#6430,#6431,#6432,#6433));
#905=EDGE_LOOP('',(#6434,#6435,#6436,#6437,#6438,#6439));
#906=EDGE_LOOP('',(#6440,#6441,#6442,#6443,#6444,#6445));
#907=EDGE_LOOP('',(#6446,#6447,#6448,#6449,#6450,#6451));
#908=EDGE_LOOP('',(#6452,#6453,#6454,#6455,#6456,#6457));
#909=EDGE_LOOP('',(#6458,#6459,#6460,#6461,#6462,#6463));
#910=EDGE_LOOP('',(#6464,#6465,#6466,#6467,#6468,#6469));
#911=EDGE_LOOP('',(#6470,#6471,#6472,#6473,#6474,#6475));
#912=EDGE_LOOP('',(#6476,#6477,#6478,#6479,#6480,#6481));
#913=EDGE_LOOP('',(#6482,#6483,#6484,#6485,#6486,#6487));
#914=EDGE_LOOP('',(#6488,#6489,#6490,#6491,#6492,#6493));
#915=EDGE_LOOP('',(#6494,#6495,#6496,#6497,#6498,#6499));
#916=EDGE_LOOP('',(#6500,#6501,#6502,#6503,#6504,#6505));
#917=EDGE_LOOP('',(#6506,#6507,#6508,#6509,#6510,#6511));
#918=EDGE_LOOP('',(#6512,#6513,#6514,#6515));
#919=EDGE_LOOP('',(#6516,#6517,#6518,#6519,#6520,#6521));
#920=EDGE_LOOP('',(#6522,#6523,#6524,#6525,#6526,#6527));
#921=EDGE_LOOP('',(#6528,#6529,#6530,#6531,#6532,#6533));
#922=EDGE_LOOP('',(#6534,#6535,#6536,#6537,#6538,#6539));
#923=EDGE_LOOP('',(#6540,#6541,#6542,#6543,#6544,#6545));
#924=EDGE_LOOP('',(#6546,#6547,#6548,#6549,#6550,#6551));
#925=EDGE_LOOP('',(#6552,#6553,#6554,#6555,#6556,#6557));
#926=EDGE_LOOP('',(#6558,#6559,#6560,#6561,#6562,#6563));
#927=EDGE_LOOP('',(#6564,#6565,#6566,#6567,#6568,#6569,#6570));
#928=EDGE_LOOP('',(#6571,#6572,#6573,#6574));
#929=LINE('',#9330,#1914);
#930=LINE('',#9332,#1915);
#931=LINE('',#9334,#1916);
#932=LINE('',#9335,#1917);
#933=LINE('',#9339,#1918);
#934=LINE('',#9341,#1919);
#935=LINE('',#9343,#1920);
#936=LINE('',#9345,#1921);
#937=LINE('',#9347,#1922);
#938=LINE('',#9349,#1923);
#939=LINE('',#9350,#1924);
#940=LINE('',#9354,#1925);
#941=LINE('',#9356,#1926);
#942=LINE('',#9358,#1927);
#943=LINE('',#9360,#1928);
#944=LINE('',#9362,#1929);
#945=LINE('',#9364,#1930);
#946=LINE('',#9368,#1931);
#947=LINE('',#9370,#1932);
#948=LINE('',#9372,#1933);
#949=LINE('',#9374,#1934);
#950=LINE('',#9376,#1935);
#951=LINE('',#9377,#1936);
#952=LINE('',#9381,#1937);
#953=LINE('',#9383,#1938);
#954=LINE('',#9385,#1939);
#955=LINE('',#9387,#1940);
#956=LINE('',#9389,#1941);
#957=LINE('',#9390,#1942);
#958=LINE('',#9392,#1943);
#959=LINE('',#9394,#1944);
#960=LINE('',#9395,#1945);
#961=LINE('',#9398,#1946);
#962=LINE('',#9400,#1947);
#963=LINE('',#9402,#1948);
#964=LINE('',#9404,#1949);
#965=LINE('',#9406,#1950);
#966=LINE('',#9407,#1951);
#967=LINE('',#9410,#1952);
#968=LINE('',#9412,#1953);
#969=LINE('',#9414,#1954);
#970=LINE('',#9416,#1955);
#971=LINE('',#9418,#1956);
#972=LINE('',#9419,#1957);
#973=LINE('',#9422,#1958);
#974=LINE('',#9424,#1959);
#975=LINE('',#9426,#1960);
#976=LINE('',#9428,#1961);
#977=LINE('',#9430,#1962);
#978=LINE('',#9431,#1963);
#979=LINE('',#9434,#1964);
#980=LINE('',#9436,#1965);
#981=LINE('',#9438,#1966);
#982=LINE('',#9440,#1967);
#983=LINE('',#9442,#1968);
#984=LINE('',#9443,#1969);
#985=LINE('',#9446,#1970);
#986=LINE('',#9448,#1971);
#987=LINE('',#9450,#1972);
#988=LINE('',#9452,#1973);
#989=LINE('',#9454,#1974);
#990=LINE('',#9455,#1975);
#991=LINE('',#9458,#1976);
#992=LINE('',#9460,#1977);
#993=LINE('',#9462,#1978);
#994=LINE('',#9464,#1979);
#995=LINE('',#9466,#1980);
#996=LINE('',#9467,#1981);
#997=LINE('',#9470,#1982);
#998=LINE('',#9472,#1983);
#999=LINE('',#9474,#1984);
#1000=LINE('',#9476,#1985);
#1001=LINE('',#9478,#1986);
#1002=LINE('',#9479,#1987);
#1003=LINE('',#9482,#1988);
#1004=LINE('',#9484,#1989);
#1005=LINE('',#9486,#1990);
#1006=LINE('',#9488,#1991);
#1007=LINE('',#9490,#1992);
#1008=LINE('',#9491,#1993);
#1009=LINE('',#9494,#1994);
#1010=LINE('',#9496,#1995);
#1011=LINE('',#9498,#1996);
#1012=LINE('',#9500,#1997);
#1013=LINE('',#9502,#1998);
#1014=LINE('',#9503,#1999);
#1015=LINE('',#9506,#2000);
#1016=LINE('',#9508,#2001);
#1017=LINE('',#9510,#2002);
#1018=LINE('',#9512,#2003);
#1019=LINE('',#9514,#2004);
#1020=LINE('',#9515,#2005);
#1021=LINE('',#9518,#2006);
#1022=LINE('',#9520,#2007);
#1023=LINE('',#9522,#2008);
#1024=LINE('',#9524,#2009);
#1025=LINE('',#9526,#2010);
#1026=LINE('',#9527,#2011);
#1027=LINE('',#9530,#2012);
#1028=LINE('',#9532,#2013);
#1029=LINE('',#9534,#2014);
#1030=LINE('',#9536,#2015);
#1031=LINE('',#9538,#2016);
#1032=LINE('',#9539,#2017);
#1033=LINE('',#9542,#2018);
#1034=LINE('',#9544,#2019);
#1035=LINE('',#9546,#2020);
#1036=LINE('',#9548,#2021);
#1037=LINE('',#9550,#2022);
#1038=LINE('',#9551,#2023);
#1039=LINE('',#9554,#2024);
#1040=LINE('',#9556,#2025);
#1041=LINE('',#9558,#2026);
#1042=LINE('',#9560,#2027);
#1043=LINE('',#9562,#2028);
#1044=LINE('',#9563,#2029);
#1045=LINE('',#9566,#2030);
#1046=LINE('',#9568,#2031);
#1047=LINE('',#9570,#2032);
#1048=LINE('',#9572,#2033);
#1049=LINE('',#9574,#2034);
#1050=LINE('',#9575,#2035);
#1051=LINE('',#9578,#2036);
#1052=LINE('',#9580,#2037);
#1053=LINE('',#9582,#2038);
#1054=LINE('',#9584,#2039);
#1055=LINE('',#9586,#2040);
#1056=LINE('',#9587,#2041);
#1057=LINE('',#9590,#2042);
#1058=LINE('',#9592,#2043);
#1059=LINE('',#9594,#2044);
#1060=LINE('',#9596,#2045);
#1061=LINE('',#9598,#2046);
#1062=LINE('',#9599,#2047);
#1063=LINE('',#9602,#2048);
#1064=LINE('',#9604,#2049);
#1065=LINE('',#9606,#2050);
#1066=LINE('',#9608,#2051);
#1067=LINE('',#9610,#2052);
#1068=LINE('',#9611,#2053);
#1069=LINE('',#9614,#2054);
#1070=LINE('',#9616,#2055);
#1071=LINE('',#9618,#2056);
#1072=LINE('',#9620,#2057);
#1073=LINE('',#9622,#2058);
#1074=LINE('',#9623,#2059);
#1075=LINE('',#9626,#2060);
#1076=LINE('',#9628,#2061);
#1077=LINE('',#9630,#2062);
#1078=LINE('',#9632,#2063);
#1079=LINE('',#9634,#2064);
#1080=LINE('',#9635,#2065);
#1081=LINE('',#9638,#2066);
#1082=LINE('',#9640,#2067);
#1083=LINE('',#9642,#2068);
#1084=LINE('',#9644,#2069);
#1085=LINE('',#9646,#2070);
#1086=LINE('',#9647,#2071);
#1087=LINE('',#9650,#2072);
#1088=LINE('',#9652,#2073);
#1089=LINE('',#9654,#2074);
#1090=LINE('',#9656,#2075);
#1091=LINE('',#9658,#2076);
#1092=LINE('',#9659,#2077);
#1093=LINE('',#9662,#2078);
#1094=LINE('',#9664,#2079);
#1095=LINE('',#9666,#2080);
#1096=LINE('',#9668,#2081);
#1097=LINE('',#9670,#2082);
#1098=LINE('',#9671,#2083);
#1099=LINE('',#9674,#2084);
#1100=LINE('',#9676,#2085);
#1101=LINE('',#9678,#2086);
#1102=LINE('',#9680,#2087);
#1103=LINE('',#9682,#2088);
#1104=LINE('',#9683,#2089);
#1105=LINE('',#9686,#2090);
#1106=LINE('',#9688,#2091);
#1107=LINE('',#9690,#2092);
#1108=LINE('',#9692,#2093);
#1109=LINE('',#9694,#2094);
#1110=LINE('',#9695,#2095);
#1111=LINE('',#9698,#2096);
#1112=LINE('',#9700,#2097);
#1113=LINE('',#9702,#2098);
#1114=LINE('',#9704,#2099);
#1115=LINE('',#9706,#2100);
#1116=LINE('',#9707,#2101);
#1117=LINE('',#9710,#2102);
#1118=LINE('',#9712,#2103);
#1119=LINE('',#9714,#2104);
#1120=LINE('',#9716,#2105);
#1121=LINE('',#9718,#2106);
#1122=LINE('',#9719,#2107);
#1123=LINE('',#9722,#2108);
#1124=LINE('',#9724,#2109);
#1125=LINE('',#9726,#2110);
#1126=LINE('',#9728,#2111);
#1127=LINE('',#9730,#2112);
#1128=LINE('',#9731,#2113);
#1129=LINE('',#9734,#2114);
#1130=LINE('',#9736,#2115);
#1131=LINE('',#9738,#2116);
#1132=LINE('',#9740,#2117);
#1133=LINE('',#9742,#2118);
#1134=LINE('',#9743,#2119);
#1135=LINE('',#9746,#2120);
#1136=LINE('',#9748,#2121);
#1137=LINE('',#9750,#2122);
#1138=LINE('',#9752,#2123);
#1139=LINE('',#9754,#2124);
#1140=LINE('',#9755,#2125);
#1141=LINE('',#9758,#2126);
#1142=LINE('',#9760,#2127);
#1143=LINE('',#9762,#2128);
#1144=LINE('',#9764,#2129);
#1145=LINE('',#9766,#2130);
#1146=LINE('',#9767,#2131);
#1147=LINE('',#9770,#2132);
#1148=LINE('',#9772,#2133);
#1149=LINE('',#9774,#2134);
#1150=LINE('',#9776,#2135);
#1151=LINE('',#9778,#2136);
#1152=LINE('',#9779,#2137);
#1153=LINE('',#9782,#2138);
#1154=LINE('',#9784,#2139);
#1155=LINE('',#9786,#2140);
#1156=LINE('',#9788,#2141);
#1157=LINE('',#9790,#2142);
#1158=LINE('',#9791,#2143);
#1159=LINE('',#9794,#2144);
#1160=LINE('',#9796,#2145);
#1161=LINE('',#9798,#2146);
#1162=LINE('',#9800,#2147);
#1163=LINE('',#9802,#2148);
#1164=LINE('',#9803,#2149);
#1165=LINE('',#9806,#2150);
#1166=LINE('',#9808,#2151);
#1167=LINE('',#9810,#2152);
#1168=LINE('',#9812,#2153);
#1169=LINE('',#9814,#2154);
#1170=LINE('',#9815,#2155);
#1171=LINE('',#9818,#2156);
#1172=LINE('',#9820,#2157);
#1173=LINE('',#9822,#2158);
#1174=LINE('',#9824,#2159);
#1175=LINE('',#9826,#2160);
#1176=LINE('',#9827,#2161);
#1177=LINE('',#9830,#2162);
#1178=LINE('',#9832,#2163);
#1179=LINE('',#9834,#2164);
#1180=LINE('',#9836,#2165);
#1181=LINE('',#9838,#2166);
#1182=LINE('',#9839,#2167);
#1183=LINE('',#9842,#2168);
#1184=LINE('',#9844,#2169);
#1185=LINE('',#9846,#2170);
#1186=LINE('',#9848,#2171);
#1187=LINE('',#9850,#2172);
#1188=LINE('',#9851,#2173);
#1189=LINE('',#9854,#2174);
#1190=LINE('',#9856,#2175);
#1191=LINE('',#9858,#2176);
#1192=LINE('',#9860,#2177);
#1193=LINE('',#9862,#2178);
#1194=LINE('',#9863,#2179);
#1195=LINE('',#9866,#2180);
#1196=LINE('',#9868,#2181);
#1197=LINE('',#9870,#2182);
#1198=LINE('',#9872,#2183);
#1199=LINE('',#9874,#2184);
#1200=LINE('',#9875,#2185);
#1201=LINE('',#9882,#2186);
#1202=LINE('',#9884,#2187);
#1203=LINE('',#9886,#2188);
#1204=LINE('',#9887,#2189);
#1205=LINE('',#9890,#2190);
#1206=LINE('',#9892,#2191);
#1207=LINE('',#9894,#2192);
#1208=LINE('',#9896,#2193);
#1209=LINE('',#9898,#2194);
#1210=LINE('',#9899,#2195);
#1211=LINE('',#9902,#2196);
#1212=LINE('',#9904,#2197);
#1213=LINE('',#9906,#2198);
#1214=LINE('',#9908,#2199);
#1215=LINE('',#9910,#2200);
#1216=LINE('',#9911,#2201);
#1217=LINE('',#9914,#2202);
#1218=LINE('',#9916,#2203);
#1219=LINE('',#9918,#2204);
#1220=LINE('',#9920,#2205);
#1221=LINE('',#9922,#2206);
#1222=LINE('',#9923,#2207);
#1223=LINE('',#9926,#2208);
#1224=LINE('',#9928,#2209);
#1225=LINE('',#9930,#2210);
#1226=LINE('',#9932,#2211);
#1227=LINE('',#9934,#2212);
#1228=LINE('',#9935,#2213);
#1229=LINE('',#9938,#2214);
#1230=LINE('',#9940,#2215);
#1231=LINE('',#9942,#2216);
#1232=LINE('',#9944,#2217);
#1233=LINE('',#9946,#2218);
#1234=LINE('',#9947,#2219);
#1235=LINE('',#9950,#2220);
#1236=LINE('',#9952,#2221);
#1237=LINE('',#9954,#2222);
#1238=LINE('',#9956,#2223);
#1239=LINE('',#9958,#2224);
#1240=LINE('',#9959,#2225);
#1241=LINE('',#9962,#2226);
#1242=LINE('',#9964,#2227);
#1243=LINE('',#9966,#2228);
#1244=LINE('',#9968,#2229);
#1245=LINE('',#9970,#2230);
#1246=LINE('',#9971,#2231);
#1247=LINE('',#9974,#2232);
#1248=LINE('',#9976,#2233);
#1249=LINE('',#9978,#2234);
#1250=LINE('',#9980,#2235);
#1251=LINE('',#9982,#2236);
#1252=LINE('',#9983,#2237);
#1253=LINE('',#9986,#2238);
#1254=LINE('',#9988,#2239);
#1255=LINE('',#9989,#2240);
#1256=LINE('',#9992,#2241);
#1257=LINE('',#9994,#2242);
#1258=LINE('',#9995,#2243);
#1259=LINE('',#9999,#2244);
#1260=LINE('',#10000,#2245);
#1261=LINE('',#10001,#2246);
#1262=LINE('',#10005,#2247);
#1263=LINE('',#10006,#2248);
#1264=LINE('',#10007,#2249);
#1265=LINE('',#10010,#2250);
#1266=LINE('',#10012,#2251);
#1267=LINE('',#10013,#2252);
#1268=LINE('',#10016,#2253);
#1269=LINE('',#10017,#2254);
#1270=LINE('',#10020,#2255);
#1271=LINE('',#10021,#2256);
#1272=LINE('',#10024,#2257);
#1273=LINE('',#10025,#2258);
#1274=LINE('',#10028,#2259);
#1275=LINE('',#10029,#2260);
#1276=LINE('',#10031,#2261);
#1277=LINE('',#10034,#2262);
#1278=LINE('',#10036,#2263);
#1279=LINE('',#10037,#2264);
#1280=LINE('',#10040,#2265);
#1281=LINE('',#10041,#2266);
#1282=LINE('',#10044,#2267);
#1283=LINE('',#10045,#2268);
#1284=LINE('',#10048,#2269);
#1285=LINE('',#10049,#2270);
#1286=LINE('',#10052,#2271);
#1287=LINE('',#10053,#2272);
#1288=LINE('',#10055,#2273);
#1289=LINE('',#10058,#2274);
#1290=LINE('',#10060,#2275);
#1291=LINE('',#10061,#2276);
#1292=LINE('',#10064,#2277);
#1293=LINE('',#10065,#2278);
#1294=LINE('',#10068,#2279);
#1295=LINE('',#10069,#2280);
#1296=LINE('',#10072,#2281);
#1297=LINE('',#10073,#2282);
#1298=LINE('',#10076,#2283);
#1299=LINE('',#10077,#2284);
#1300=LINE('',#10079,#2285);
#1301=LINE('',#10082,#2286);
#1302=LINE('',#10084,#2287);
#1303=LINE('',#10085,#2288);
#1304=LINE('',#10088,#2289);
#1305=LINE('',#10089,#2290);
#1306=LINE('',#10092,#2291);
#1307=LINE('',#10093,#2292);
#1308=LINE('',#10096,#2293);
#1309=LINE('',#10097,#2294);
#1310=LINE('',#10100,#2295);
#1311=LINE('',#10101,#2296);
#1312=LINE('',#10103,#2297);
#1313=LINE('',#10106,#2298);
#1314=LINE('',#10108,#2299);
#1315=LINE('',#10109,#2300);
#1316=LINE('',#10112,#2301);
#1317=LINE('',#10113,#2302);
#1318=LINE('',#10116,#2303);
#1319=LINE('',#10117,#2304);
#1320=LINE('',#10120,#2305);
#1321=LINE('',#10121,#2306);
#1322=LINE('',#10124,#2307);
#1323=LINE('',#10125,#2308);
#1324=LINE('',#10127,#2309);
#1325=LINE('',#10130,#2310);
#1326=LINE('',#10132,#2311);
#1327=LINE('',#10133,#2312);
#1328=LINE('',#10136,#2313);
#1329=LINE('',#10137,#2314);
#1330=LINE('',#10140,#2315);
#1331=LINE('',#10141,#2316);
#1332=LINE('',#10144,#2317);
#1333=LINE('',#10145,#2318);
#1334=LINE('',#10148,#2319);
#1335=LINE('',#10149,#2320);
#1336=LINE('',#10151,#2321);
#1337=LINE('',#10154,#2322);
#1338=LINE('',#10156,#2323);
#1339=LINE('',#10157,#2324);
#1340=LINE('',#10160,#2325);
#1341=LINE('',#10161,#2326);
#1342=LINE('',#10164,#2327);
#1343=LINE('',#10165,#2328);
#1344=LINE('',#10168,#2329);
#1345=LINE('',#10169,#2330);
#1346=LINE('',#10172,#2331);
#1347=LINE('',#10173,#2332);
#1348=LINE('',#10175,#2333);
#1349=LINE('',#10178,#2334);
#1350=LINE('',#10180,#2335);
#1351=LINE('',#10181,#2336);
#1352=LINE('',#10184,#2337);
#1353=LINE('',#10185,#2338);
#1354=LINE('',#10188,#2339);
#1355=LINE('',#10189,#2340);
#1356=LINE('',#10192,#2341);
#1357=LINE('',#10193,#2342);
#1358=LINE('',#10196,#2343);
#1359=LINE('',#10197,#2344);
#1360=LINE('',#10199,#2345);
#1361=LINE('',#10202,#2346);
#1362=LINE('',#10204,#2347);
#1363=LINE('',#10205,#2348);
#1364=LINE('',#10208,#2349);
#1365=LINE('',#10209,#2350);
#1366=LINE('',#10212,#2351);
#1367=LINE('',#10213,#2352);
#1368=LINE('',#10216,#2353);
#1369=LINE('',#10217,#2354);
#1370=LINE('',#10220,#2355);
#1371=LINE('',#10221,#2356);
#1372=LINE('',#10223,#2357);
#1373=LINE('',#10226,#2358);
#1374=LINE('',#10228,#2359);
#1375=LINE('',#10229,#2360);
#1376=LINE('',#10232,#2361);
#1377=LINE('',#10233,#2362);
#1378=LINE('',#10236,#2363);
#1379=LINE('',#10237,#2364);
#1380=LINE('',#10240,#2365);
#1381=LINE('',#10241,#2366);
#1382=LINE('',#10244,#2367);
#1383=LINE('',#10245,#2368);
#1384=LINE('',#10247,#2369);
#1385=LINE('',#10250,#2370);
#1386=LINE('',#10252,#2371);
#1387=LINE('',#10253,#2372);
#1388=LINE('',#10256,#2373);
#1389=LINE('',#10257,#2374);
#1390=LINE('',#10260,#2375);
#1391=LINE('',#10261,#2376);
#1392=LINE('',#10264,#2377);
#1393=LINE('',#10265,#2378);
#1394=LINE('',#10268,#2379);
#1395=LINE('',#10269,#2380);
#1396=LINE('',#10271,#2381);
#1397=LINE('',#10274,#2382);
#1398=LINE('',#10276,#2383);
#1399=LINE('',#10277,#2384);
#1400=LINE('',#10280,#2385);
#1401=LINE('',#10281,#2386);
#1402=LINE('',#10284,#2387);
#1403=LINE('',#10285,#2388);
#1404=LINE('',#10288,#2389);
#1405=LINE('',#10289,#2390);
#1406=LINE('',#10292,#2391);
#1407=LINE('',#10293,#2392);
#1408=LINE('',#10295,#2393);
#1409=LINE('',#10298,#2394);
#1410=LINE('',#10300,#2395);
#1411=LINE('',#10301,#2396);
#1412=LINE('',#10304,#2397);
#1413=LINE('',#10305,#2398);
#1414=LINE('',#10308,#2399);
#1415=LINE('',#10309,#2400);
#1416=LINE('',#10312,#2401);
#1417=LINE('',#10313,#2402);
#1418=LINE('',#10316,#2403);
#1419=LINE('',#10317,#2404);
#1420=LINE('',#10319,#2405);
#1421=LINE('',#10322,#2406);
#1422=LINE('',#10324,#2407);
#1423=LINE('',#10325,#2408);
#1424=LINE('',#10328,#2409);
#1425=LINE('',#10329,#2410);
#1426=LINE('',#10332,#2411);
#1427=LINE('',#10333,#2412);
#1428=LINE('',#10336,#2413);
#1429=LINE('',#10337,#2414);
#1430=LINE('',#10340,#2415);
#1431=LINE('',#10341,#2416);
#1432=LINE('',#10343,#2417);
#1433=LINE('',#10346,#2418);
#1434=LINE('',#10348,#2419);
#1435=LINE('',#10349,#2420);
#1436=LINE('',#10352,#2421);
#1437=LINE('',#10353,#2422);
#1438=LINE('',#10356,#2423);
#1439=LINE('',#10357,#2424);
#1440=LINE('',#10360,#2425);
#1441=LINE('',#10361,#2426);
#1442=LINE('',#10364,#2427);
#1443=LINE('',#10365,#2428);
#1444=LINE('',#10367,#2429);
#1445=LINE('',#10370,#2430);
#1446=LINE('',#10372,#2431);
#1447=LINE('',#10373,#2432);
#1448=LINE('',#10376,#2433);
#1449=LINE('',#10377,#2434);
#1450=LINE('',#10380,#2435);
#1451=LINE('',#10381,#2436);
#1452=LINE('',#10384,#2437);
#1453=LINE('',#10385,#2438);
#1454=LINE('',#10388,#2439);
#1455=LINE('',#10389,#2440);
#1456=LINE('',#10391,#2441);
#1457=LINE('',#10394,#2442);
#1458=LINE('',#10396,#2443);
#1459=LINE('',#10397,#2444);
#1460=LINE('',#10400,#2445);
#1461=LINE('',#10401,#2446);
#1462=LINE('',#10404,#2447);
#1463=LINE('',#10405,#2448);
#1464=LINE('',#10408,#2449);
#1465=LINE('',#10409,#2450);
#1466=LINE('',#10412,#2451);
#1467=LINE('',#10413,#2452);
#1468=LINE('',#10415,#2453);
#1469=LINE('',#10418,#2454);
#1470=LINE('',#10420,#2455);
#1471=LINE('',#10421,#2456);
#1472=LINE('',#10424,#2457);
#1473=LINE('',#10425,#2458);
#1474=LINE('',#10428,#2459);
#1475=LINE('',#10429,#2460);
#1476=LINE('',#10432,#2461);
#1477=LINE('',#10433,#2462);
#1478=LINE('',#10436,#2463);
#1479=LINE('',#10437,#2464);
#1480=LINE('',#10439,#2465);
#1481=LINE('',#10442,#2466);
#1482=LINE('',#10444,#2467);
#1483=LINE('',#10445,#2468);
#1484=LINE('',#10448,#2469);
#1485=LINE('',#10449,#2470);
#1486=LINE('',#10452,#2471);
#1487=LINE('',#10453,#2472);
#1488=LINE('',#10456,#2473);
#1489=LINE('',#10457,#2474);
#1490=LINE('',#10460,#2475);
#1491=LINE('',#10461,#2476);
#1492=LINE('',#10463,#2477);
#1493=LINE('',#10466,#2478);
#1494=LINE('',#10468,#2479);
#1495=LINE('',#10469,#2480);
#1496=LINE('',#10472,#2481);
#1497=LINE('',#10473,#2482);
#1498=LINE('',#10476,#2483);
#1499=LINE('',#10477,#2484);
#1500=LINE('',#10480,#2485);
#1501=LINE('',#10481,#2486);
#1502=LINE('',#10484,#2487);
#1503=LINE('',#10485,#2488);
#1504=LINE('',#10487,#2489);
#1505=LINE('',#10490,#2490);
#1506=LINE('',#10492,#2491);
#1507=LINE('',#10493,#2492);
#1508=LINE('',#10496,#2493);
#1509=LINE('',#10497,#2494);
#1510=LINE('',#10500,#2495);
#1511=LINE('',#10501,#2496);
#1512=LINE('',#10504,#2497);
#1513=LINE('',#10505,#2498);
#1514=LINE('',#10508,#2499);
#1515=LINE('',#10509,#2500);
#1516=LINE('',#10511,#2501);
#1517=LINE('',#10514,#2502);
#1518=LINE('',#10516,#2503);
#1519=LINE('',#10517,#2504);
#1520=LINE('',#10520,#2505);
#1521=LINE('',#10521,#2506);
#1522=LINE('',#10524,#2507);
#1523=LINE('',#10525,#2508);
#1524=LINE('',#10528,#2509);
#1525=LINE('',#10529,#2510);
#1526=LINE('',#10532,#2511);
#1527=LINE('',#10533,#2512);
#1528=LINE('',#10535,#2513);
#1529=LINE('',#10538,#2514);
#1530=LINE('',#10540,#2515);
#1531=LINE('',#10541,#2516);
#1532=LINE('',#10544,#2517);
#1533=LINE('',#10545,#2518);
#1534=LINE('',#10548,#2519);
#1535=LINE('',#10549,#2520);
#1536=LINE('',#10552,#2521);
#1537=LINE('',#10553,#2522);
#1538=LINE('',#10556,#2523);
#1539=LINE('',#10557,#2524);
#1540=LINE('',#10559,#2525);
#1541=LINE('',#10562,#2526);
#1542=LINE('',#10564,#2527);
#1543=LINE('',#10565,#2528);
#1544=LINE('',#10568,#2529);
#1545=LINE('',#10569,#2530);
#1546=LINE('',#10572,#2531);
#1547=LINE('',#10573,#2532);
#1548=LINE('',#10576,#2533);
#1549=LINE('',#10577,#2534);
#1550=LINE('',#10580,#2535);
#1551=LINE('',#10581,#2536);
#1552=LINE('',#10583,#2537);
#1553=LINE('',#10586,#2538);
#1554=LINE('',#10588,#2539);
#1555=LINE('',#10589,#2540);
#1556=LINE('',#10592,#2541);
#1557=LINE('',#10593,#2542);
#1558=LINE('',#10596,#2543);
#1559=LINE('',#10597,#2544);
#1560=LINE('',#10600,#2545);
#1561=LINE('',#10601,#2546);
#1562=LINE('',#10604,#2547);
#1563=LINE('',#10605,#2548);
#1564=LINE('',#10607,#2549);
#1565=LINE('',#10610,#2550);
#1566=LINE('',#10612,#2551);
#1567=LINE('',#10613,#2552);
#1568=LINE('',#10616,#2553);
#1569=LINE('',#10617,#2554);
#1570=LINE('',#10620,#2555);
#1571=LINE('',#10621,#2556);
#1572=LINE('',#10624,#2557);
#1573=LINE('',#10625,#2558);
#1574=LINE('',#10628,#2559);
#1575=LINE('',#10629,#2560);
#1576=LINE('',#10631,#2561);
#1577=LINE('',#10634,#2562);
#1578=LINE('',#10636,#2563);
#1579=LINE('',#10637,#2564);
#1580=LINE('',#10640,#2565);
#1581=LINE('',#10641,#2566);
#1582=LINE('',#10644,#2567);
#1583=LINE('',#10645,#2568);
#1584=LINE('',#10648,#2569);
#1585=LINE('',#10649,#2570);
#1586=LINE('',#10652,#2571);
#1587=LINE('',#10653,#2572);
#1588=LINE('',#10655,#2573);
#1589=LINE('',#10658,#2574);
#1590=LINE('',#10660,#2575);
#1591=LINE('',#10661,#2576);
#1592=LINE('',#10664,#2577);
#1593=LINE('',#10665,#2578);
#1594=LINE('',#10668,#2579);
#1595=LINE('',#10669,#2580);
#1596=LINE('',#10672,#2581);
#1597=LINE('',#10673,#2582);
#1598=LINE('',#10676,#2583);
#1599=LINE('',#10677,#2584);
#1600=LINE('',#10679,#2585);
#1601=LINE('',#10682,#2586);
#1602=LINE('',#10684,#2587);
#1603=LINE('',#10685,#2588);
#1604=LINE('',#10688,#2589);
#1605=LINE('',#10689,#2590);
#1606=LINE('',#10692,#2591);
#1607=LINE('',#10693,#2592);
#1608=LINE('',#10696,#2593);
#1609=LINE('',#10697,#2594);
#1610=LINE('',#10700,#2595);
#1611=LINE('',#10701,#2596);
#1612=LINE('',#10703,#2597);
#1613=LINE('',#10706,#2598);
#1614=LINE('',#10708,#2599);
#1615=LINE('',#10709,#2600);
#1616=LINE('',#10712,#2601);
#1617=LINE('',#10713,#2602);
#1618=LINE('',#10716,#2603);
#1619=LINE('',#10717,#2604);
#1620=LINE('',#10720,#2605);
#1621=LINE('',#10721,#2606);
#1622=LINE('',#10724,#2607);
#1623=LINE('',#10725,#2608);
#1624=LINE('',#10727,#2609);
#1625=LINE('',#10730,#2610);
#1626=LINE('',#10732,#2611);
#1627=LINE('',#10733,#2612);
#1628=LINE('',#10736,#2613);
#1629=LINE('',#10737,#2614);
#1630=LINE('',#10740,#2615);
#1631=LINE('',#10741,#2616);
#1632=LINE('',#10744,#2617);
#1633=LINE('',#10745,#2618);
#1634=LINE('',#10748,#2619);
#1635=LINE('',#10749,#2620);
#1636=LINE('',#10751,#2621);
#1637=LINE('',#10754,#2622);
#1638=LINE('',#10756,#2623);
#1639=LINE('',#10757,#2624);
#1640=LINE('',#10760,#2625);
#1641=LINE('',#10761,#2626);
#1642=LINE('',#10764,#2627);
#1643=LINE('',#10765,#2628);
#1644=LINE('',#10768,#2629);
#1645=LINE('',#10769,#2630);
#1646=LINE('',#10772,#2631);
#1647=LINE('',#10773,#2632);
#1648=LINE('',#10775,#2633);
#1649=LINE('',#10778,#2634);
#1650=LINE('',#10780,#2635);
#1651=LINE('',#10781,#2636);
#1652=LINE('',#10784,#2637);
#1653=LINE('',#10785,#2638);
#1654=LINE('',#10788,#2639);
#1655=LINE('',#10789,#2640);
#1656=LINE('',#10792,#2641);
#1657=LINE('',#10793,#2642);
#1658=LINE('',#10796,#2643);
#1659=LINE('',#10797,#2644);
#1660=LINE('',#10799,#2645);
#1661=LINE('',#10802,#2646);
#1662=LINE('',#10804,#2647);
#1663=LINE('',#10805,#2648);
#1664=LINE('',#10808,#2649);
#1665=LINE('',#10809,#2650);
#1666=LINE('',#10812,#2651);
#1667=LINE('',#10813,#2652);
#1668=LINE('',#10816,#2653);
#1669=LINE('',#10817,#2654);
#1670=LINE('',#10820,#2655);
#1671=LINE('',#10821,#2656);
#1672=LINE('',#10823,#2657);
#1673=LINE('',#10826,#2658);
#1674=LINE('',#10828,#2659);
#1675=LINE('',#10829,#2660);
#1676=LINE('',#10832,#2661);
#1677=LINE('',#10833,#2662);
#1678=LINE('',#10836,#2663);
#1679=LINE('',#10837,#2664);
#1680=LINE('',#10840,#2665);
#1681=LINE('',#10841,#2666);
#1682=LINE('',#10844,#2667);
#1683=LINE('',#10845,#2668);
#1684=LINE('',#10847,#2669);
#1685=LINE('',#10850,#2670);
#1686=LINE('',#10852,#2671);
#1687=LINE('',#10853,#2672);
#1688=LINE('',#10856,#2673);
#1689=LINE('',#10857,#2674);
#1690=LINE('',#10860,#2675);
#1691=LINE('',#10861,#2676);
#1692=LINE('',#10864,#2677);
#1693=LINE('',#10865,#2678);
#1694=LINE('',#10868,#2679);
#1695=LINE('',#10869,#2680);
#1696=LINE('',#10871,#2681);
#1697=LINE('',#10874,#2682);
#1698=LINE('',#10876,#2683);
#1699=LINE('',#10877,#2684);
#1700=LINE('',#10880,#2685);
#1701=LINE('',#10881,#2686);
#1702=LINE('',#10884,#2687);
#1703=LINE('',#10885,#2688);
#1704=LINE('',#10888,#2689);
#1705=LINE('',#10889,#2690);
#1706=LINE('',#10892,#2691);
#1707=LINE('',#10893,#2692);
#1708=LINE('',#10895,#2693);
#1709=LINE('',#10898,#2694);
#1710=LINE('',#10900,#2695);
#1711=LINE('',#10901,#2696);
#1712=LINE('',#10904,#2697);
#1713=LINE('',#10905,#2698);
#1714=LINE('',#10908,#2699);
#1715=LINE('',#10909,#2700);
#1716=LINE('',#10912,#2701);
#1717=LINE('',#10913,#2702);
#1718=LINE('',#10916,#2703);
#1719=LINE('',#10917,#2704);
#1720=LINE('',#10919,#2705);
#1721=LINE('',#10922,#2706);
#1722=LINE('',#10924,#2707);
#1723=LINE('',#10925,#2708);
#1724=LINE('',#10928,#2709);
#1725=LINE('',#10929,#2710);
#1726=LINE('',#10932,#2711);
#1727=LINE('',#10933,#2712);
#1728=LINE('',#10936,#2713);
#1729=LINE('',#10937,#2714);
#1730=LINE('',#10940,#2715);
#1731=LINE('',#10941,#2716);
#1732=LINE('',#10943,#2717);
#1733=LINE('',#10946,#2718);
#1734=LINE('',#10948,#2719);
#1735=LINE('',#10949,#2720);
#1736=LINE('',#10952,#2721);
#1737=LINE('',#10953,#2722);
#1738=LINE('',#10956,#2723);
#1739=LINE('',#10957,#2724);
#1740=LINE('',#10960,#2725);
#1741=LINE('',#10961,#2726);
#1742=LINE('',#10964,#2727);
#1743=LINE('',#10965,#2728);
#1744=LINE('',#10967,#2729);
#1745=LINE('',#10970,#2730);
#1746=LINE('',#10972,#2731);
#1747=LINE('',#10973,#2732);
#1748=LINE('',#10976,#2733);
#1749=LINE('',#10977,#2734);
#1750=LINE('',#10980,#2735);
#1751=LINE('',#10981,#2736);
#1752=LINE('',#10984,#2737);
#1753=LINE('',#10985,#2738);
#1754=LINE('',#10988,#2739);
#1755=LINE('',#10989,#2740);
#1756=LINE('',#10991,#2741);
#1757=LINE('',#10994,#2742);
#1758=LINE('',#10996,#2743);
#1759=LINE('',#10997,#2744);
#1760=LINE('',#11000,#2745);
#1761=LINE('',#11001,#2746);
#1762=LINE('',#11004,#2747);
#1763=LINE('',#11005,#2748);
#1764=LINE('',#11008,#2749);
#1765=LINE('',#11009,#2750);
#1766=LINE('',#11012,#2751);
#1767=LINE('',#11013,#2752);
#1768=LINE('',#11015,#2753);
#1769=LINE('',#11018,#2754);
#1770=LINE('',#11020,#2755);
#1771=LINE('',#11021,#2756);
#1772=LINE('',#11024,#2757);
#1773=LINE('',#11025,#2758);
#1774=LINE('',#11028,#2759);
#1775=LINE('',#11029,#2760);
#1776=LINE('',#11032,#2761);
#1777=LINE('',#11033,#2762);
#1778=LINE('',#11036,#2763);
#1779=LINE('',#11037,#2764);
#1780=LINE('',#11039,#2765);
#1781=LINE('',#11042,#2766);
#1782=LINE('',#11044,#2767);
#1783=LINE('',#11045,#2768);
#1784=LINE('',#11048,#2769);
#1785=LINE('',#11049,#2770);
#1786=LINE('',#11052,#2771);
#1787=LINE('',#11053,#2772);
#1788=LINE('',#11056,#2773);
#1789=LINE('',#11057,#2774);
#1790=LINE('',#11060,#2775);
#1791=LINE('',#11061,#2776);
#1792=LINE('',#11063,#2777);
#1793=LINE('',#11066,#2778);
#1794=LINE('',#11068,#2779);
#1795=LINE('',#11069,#2780);
#1796=LINE('',#11072,#2781);
#1797=LINE('',#11073,#2782);
#1798=LINE('',#11076,#2783);
#1799=LINE('',#11077,#2784);
#1800=LINE('',#11080,#2785);
#1801=LINE('',#11081,#2786);
#1802=LINE('',#11084,#2787);
#1803=LINE('',#11085,#2788);
#1804=LINE('',#11087,#2789);
#1805=LINE('',#11090,#2790);
#1806=LINE('',#11092,#2791);
#1807=LINE('',#11093,#2792);
#1808=LINE('',#11096,#2793);
#1809=LINE('',#11097,#2794);
#1810=LINE('',#11100,#2795);
#1811=LINE('',#11101,#2796);
#1812=LINE('',#11104,#2797);
#1813=LINE('',#11105,#2798);
#1814=LINE('',#11108,#2799);
#1815=LINE('',#11109,#2800);
#1816=LINE('',#11111,#2801);
#1817=LINE('',#11114,#2802);
#1818=LINE('',#11116,#2803);
#1819=LINE('',#11117,#2804);
#1820=LINE('',#11120,#2805);
#1821=LINE('',#11121,#2806);
#1822=LINE('',#11124,#2807);
#1823=LINE('',#11125,#2808);
#1824=LINE('',#11128,#2809);
#1825=LINE('',#11129,#2810);
#1826=LINE('',#11132,#2811);
#1827=LINE('',#11133,#2812);
#1828=LINE('',#11135,#2813);
#1829=LINE('',#11138,#2814);
#1830=LINE('',#11140,#2815);
#1831=LINE('',#11141,#2816);
#1832=LINE('',#11144,#2817);
#1833=LINE('',#11145,#2818);
#1834=LINE('',#11148,#2819);
#1835=LINE('',#11149,#2820);
#1836=LINE('',#11152,#2821);
#1837=LINE('',#11153,#2822);
#1838=LINE('',#11156,#2823);
#1839=LINE('',#11157,#2824);
#1840=LINE('',#11159,#2825);
#1841=LINE('',#11164,#2826);
#1842=LINE('',#11171,#2827);
#1843=LINE('',#11194,#2828);
#1844=LINE('',#11216,#2829);
#1845=LINE('',#11220,#2830);
#1846=LINE('',#11222,#2831);
#1847=LINE('',#11223,#2832);
#1848=LINE('',#11226,#2833);
#1849=LINE('',#11227,#2834);
#1850=LINE('',#11230,#2835);
#1851=LINE('',#11231,#2836);
#1852=LINE('',#11233,#2837);
#1853=LINE('',#11236,#2838);
#1854=LINE('',#11237,#2839);
#1855=LINE('',#11240,#2840);
#1856=LINE('',#11241,#2841);
#1857=LINE('',#11243,#2842);
#1858=LINE('',#11246,#2843);
#1859=LINE('',#11247,#2844);
#1860=LINE('',#11249,#2845);
#1861=LINE('',#11252,#2846);
#1862=LINE('',#11253,#2847);
#1863=LINE('',#11256,#2848);
#1864=LINE('',#11257,#2849);
#1865=LINE('',#11259,#2850);
#1866=LINE('',#11262,#2851);
#1867=LINE('',#11263,#2852);
#1868=LINE('',#11266,#2853);
#1869=LINE('',#11267,#2854);
#1870=LINE('',#11270,#2855);
#1871=LINE('',#11274,#2856);
#1872=LINE('',#11277,#2857);
#1873=LINE('',#11280,#2858);
#1874=LINE('',#11281,#2859);
#1875=LINE('',#11283,#2860);
#1876=LINE('',#11286,#2861);
#1877=LINE('',#11287,#2862);
#1878=LINE('',#11289,#2863);
#1879=LINE('',#11292,#2864);
#1880=LINE('',#11293,#2865);
#1881=LINE('',#11297,#2866);
#1882=LINE('',#11301,#2867);
#1883=LINE('',#11302,#2868);
#1884=LINE('',#11309,#2869);
#1885=LINE('',#11311,#2870);
#1886=LINE('',#11314,#2871);
#1887=LINE('',#11316,#2872);
#1888=LINE('',#11317,#2873);
#1889=LINE('',#11320,#2874);
#1890=LINE('',#11322,#2875);
#1891=LINE('',#11324,#2876);
#1892=LINE('',#11326,#2877);
#1893=LINE('',#11327,#2878);
#1894=LINE('',#11332,#2879);
#1895=LINE('',#11335,#2880);
#1896=LINE('',#11337,#2881);
#1897=LINE('',#11338,#2882);
#1898=LINE('',#11341,#2883);
#1899=LINE('',#11342,#2884);
#1900=LINE('',#11345,#2885);
#1901=LINE('',#11346,#2886);
#1902=LINE('',#11349,#2887);
#1903=LINE('',#11350,#2888);
#1904=LINE('',#11352,#2889);
#1905=LINE('',#11356,#2890);
#1906=LINE('',#11358,#2891);
#1907=LINE('',#11359,#2892);
#1908=LINE('',#11362,#2893);
#1909=LINE('',#11363,#2894);
#1910=LINE('',#11364,#2895);
#1911=LINE('',#11367,#2896);
#1912=LINE('',#11368,#2897);
#1913=LINE('',#11370,#2898);
#1914=VECTOR('',#7627,10.);
#1915=VECTOR('',#7628,10.);
#1916=VECTOR('',#7629,10.);
#1917=VECTOR('',#7630,10.);
#1918=VECTOR('',#7633,10.);
#1919=VECTOR('',#7634,10.);
#1920=VECTOR('',#7635,10.);
#1921=VECTOR('',#7636,10.);
#1922=VECTOR('',#7637,10.);
#1923=VECTOR('',#7638,10.);
#1924=VECTOR('',#7639,10.);
#1925=VECTOR('',#7642,10.);
#1926=VECTOR('',#7643,10.);
#1927=VECTOR('',#7644,10.);
#1928=VECTOR('',#7645,10.);
#1929=VECTOR('',#7646,10.);
#1930=VECTOR('',#7647,10.);
#1931=VECTOR('',#7650,10.);
#1932=VECTOR('',#7651,10.);
#1933=VECTOR('',#7652,10.);
#1934=VECTOR('',#7653,10.);
#1935=VECTOR('',#7654,10.);
#1936=VECTOR('',#7655,10.);
#1937=VECTOR('',#7658,10.);
#1938=VECTOR('',#7659,10.);
#1939=VECTOR('',#7660,10.);
#1940=VECTOR('',#7661,10.);
#1941=VECTOR('',#7662,10.);
#1942=VECTOR('',#7663,10.);
#1943=VECTOR('',#7664,10.);
#1944=VECTOR('',#7665,10.);
#1945=VECTOR('',#7666,10.);
#1946=VECTOR('',#7667,10.);
#1947=VECTOR('',#7668,10.);
#1948=VECTOR('',#7669,10.);
#1949=VECTOR('',#7670,10.);
#1950=VECTOR('',#7671,10.);
#1951=VECTOR('',#7672,10.);
#1952=VECTOR('',#7673,10.);
#1953=VECTOR('',#7674,10.);
#1954=VECTOR('',#7675,10.);
#1955=VECTOR('',#7676,10.);
#1956=VECTOR('',#7677,10.);
#1957=VECTOR('',#7678,10.);
#1958=VECTOR('',#7679,10.);
#1959=VECTOR('',#7680,10.);
#1960=VECTOR('',#7681,10.);
#1961=VECTOR('',#7682,10.);
#1962=VECTOR('',#7683,10.);
#1963=VECTOR('',#7684,10.);
#1964=VECTOR('',#7685,10.);
#1965=VECTOR('',#7686,10.);
#1966=VECTOR('',#7687,10.);
#1967=VECTOR('',#7688,10.);
#1968=VECTOR('',#7689,10.);
#1969=VECTOR('',#7690,10.);
#1970=VECTOR('',#7691,10.);
#1971=VECTOR('',#7692,10.);
#1972=VECTOR('',#7693,10.);
#1973=VECTOR('',#7694,10.);
#1974=VECTOR('',#7695,10.);
#1975=VECTOR('',#7696,10.);
#1976=VECTOR('',#7697,10.);
#1977=VECTOR('',#7698,10.);
#1978=VECTOR('',#7699,10.);
#1979=VECTOR('',#7700,10.);
#1980=VECTOR('',#7701,10.);
#1981=VECTOR('',#7702,10.);
#1982=VECTOR('',#7703,10.);
#1983=VECTOR('',#7704,10.);
#1984=VECTOR('',#7705,10.);
#1985=VECTOR('',#7706,10.);
#1986=VECTOR('',#7707,10.);
#1987=VECTOR('',#7708,10.);
#1988=VECTOR('',#7709,10.);
#1989=VECTOR('',#7710,10.);
#1990=VECTOR('',#7711,10.);
#1991=VECTOR('',#7712,10.);
#1992=VECTOR('',#7713,10.);
#1993=VECTOR('',#7714,10.);
#1994=VECTOR('',#7715,10.);
#1995=VECTOR('',#7716,10.);
#1996=VECTOR('',#7717,10.);
#1997=VECTOR('',#7718,10.);
#1998=VECTOR('',#7719,10.);
#1999=VECTOR('',#7720,10.);
#2000=VECTOR('',#7721,10.);
#2001=VECTOR('',#7722,10.);
#2002=VECTOR('',#7723,10.);
#2003=VECTOR('',#7724,10.);
#2004=VECTOR('',#7725,10.);
#2005=VECTOR('',#7726,10.);
#2006=VECTOR('',#7727,10.);
#2007=VECTOR('',#7728,10.);
#2008=VECTOR('',#7729,10.);
#2009=VECTOR('',#7730,10.);
#2010=VECTOR('',#7731,10.);
#2011=VECTOR('',#7732,10.);
#2012=VECTOR('',#7733,10.);
#2013=VECTOR('',#7734,10.);
#2014=VECTOR('',#7735,10.);
#2015=VECTOR('',#7736,10.);
#2016=VECTOR('',#7737,10.);
#2017=VECTOR('',#7738,10.);
#2018=VECTOR('',#7739,10.);
#2019=VECTOR('',#7740,10.);
#2020=VECTOR('',#7741,10.);
#2021=VECTOR('',#7742,10.);
#2022=VECTOR('',#7743,10.);
#2023=VECTOR('',#7744,10.);
#2024=VECTOR('',#7745,10.);
#2025=VECTOR('',#7746,10.);
#2026=VECTOR('',#7747,10.);
#2027=VECTOR('',#7748,10.);
#2028=VECTOR('',#7749,10.);
#2029=VECTOR('',#7750,10.);
#2030=VECTOR('',#7751,10.);
#2031=VECTOR('',#7752,10.);
#2032=VECTOR('',#7753,10.);
#2033=VECTOR('',#7754,10.);
#2034=VECTOR('',#7755,10.);
#2035=VECTOR('',#7756,10.);
#2036=VECTOR('',#7757,10.);
#2037=VECTOR('',#7758,10.);
#2038=VECTOR('',#7759,10.);
#2039=VECTOR('',#7760,10.);
#2040=VECTOR('',#7761,10.);
#2041=VECTOR('',#7762,10.);
#2042=VECTOR('',#7763,10.);
#2043=VECTOR('',#7764,10.);
#2044=VECTOR('',#7765,10.);
#2045=VECTOR('',#7766,10.);
#2046=VECTOR('',#7767,10.);
#2047=VECTOR('',#7768,10.);
#2048=VECTOR('',#7769,10.);
#2049=VECTOR('',#7770,10.);
#2050=VECTOR('',#7771,10.);
#2051=VECTOR('',#7772,10.);
#2052=VECTOR('',#7773,10.);
#2053=VECTOR('',#7774,10.);
#2054=VECTOR('',#7775,10.);
#2055=VECTOR('',#7776,10.);
#2056=VECTOR('',#7777,10.);
#2057=VECTOR('',#7778,10.);
#2058=VECTOR('',#7779,10.);
#2059=VECTOR('',#7780,10.);
#2060=VECTOR('',#7781,10.);
#2061=VECTOR('',#7782,10.);
#2062=VECTOR('',#7783,10.);
#2063=VECTOR('',#7784,10.);
#2064=VECTOR('',#7785,10.);
#2065=VECTOR('',#7786,10.);
#2066=VECTOR('',#7787,10.);
#2067=VECTOR('',#7788,10.);
#2068=VECTOR('',#7789,10.);
#2069=VECTOR('',#7790,10.);
#2070=VECTOR('',#7791,10.);
#2071=VECTOR('',#7792,10.);
#2072=VECTOR('',#7793,10.);
#2073=VECTOR('',#7794,10.);
#2074=VECTOR('',#7795,10.);
#2075=VECTOR('',#7796,10.);
#2076=VECTOR('',#7797,10.);
#2077=VECTOR('',#7798,10.);
#2078=VECTOR('',#7799,10.);
#2079=VECTOR('',#7800,10.);
#2080=VECTOR('',#7801,10.);
#2081=VECTOR('',#7802,10.);
#2082=VECTOR('',#7803,10.);
#2083=VECTOR('',#7804,10.);
#2084=VECTOR('',#7805,10.);
#2085=VECTOR('',#7806,10.);
#2086=VECTOR('',#7807,10.);
#2087=VECTOR('',#7808,10.);
#2088=VECTOR('',#7809,10.);
#2089=VECTOR('',#7810,10.);
#2090=VECTOR('',#7811,10.);
#2091=VECTOR('',#7812,10.);
#2092=VECTOR('',#7813,10.);
#2093=VECTOR('',#7814,10.);
#2094=VECTOR('',#7815,10.);
#2095=VECTOR('',#7816,10.);
#2096=VECTOR('',#7817,10.);
#2097=VECTOR('',#7818,10.);
#2098=VECTOR('',#7819,10.);
#2099=VECTOR('',#7820,10.);
#2100=VECTOR('',#7821,10.);
#2101=VECTOR('',#7822,10.);
#2102=VECTOR('',#7823,10.);
#2103=VECTOR('',#7824,10.);
#2104=VECTOR('',#7825,10.);
#2105=VECTOR('',#7826,10.);
#2106=VECTOR('',#7827,10.);
#2107=VECTOR('',#7828,10.);
#2108=VECTOR('',#7829,10.);
#2109=VECTOR('',#7830,10.);
#2110=VECTOR('',#7831,10.);
#2111=VECTOR('',#7832,10.);
#2112=VECTOR('',#7833,10.);
#2113=VECTOR('',#7834,10.);
#2114=VECTOR('',#7835,10.);
#2115=VECTOR('',#7836,10.);
#2116=VECTOR('',#7837,10.);
#2117=VECTOR('',#7838,10.);
#2118=VECTOR('',#7839,10.);
#2119=VECTOR('',#7840,10.);
#2120=VECTOR('',#7841,10.);
#2121=VECTOR('',#7842,10.);
#2122=VECTOR('',#7843,10.);
#2123=VECTOR('',#7844,10.);
#2124=VECTOR('',#7845,10.);
#2125=VECTOR('',#7846,10.);
#2126=VECTOR('',#7847,10.);
#2127=VECTOR('',#7848,10.);
#2128=VECTOR('',#7849,10.);
#2129=VECTOR('',#7850,10.);
#2130=VECTOR('',#7851,10.);
#2131=VECTOR('',#7852,10.);
#2132=VECTOR('',#7853,10.);
#2133=VECTOR('',#7854,10.);
#2134=VECTOR('',#7855,10.);
#2135=VECTOR('',#7856,10.);
#2136=VECTOR('',#7857,10.);
#2137=VECTOR('',#7858,10.);
#2138=VECTOR('',#7859,10.);
#2139=VECTOR('',#7860,10.);
#2140=VECTOR('',#7861,10.);
#2141=VECTOR('',#7862,10.);
#2142=VECTOR('',#7863,10.);
#2143=VECTOR('',#7864,10.);
#2144=VECTOR('',#7865,10.);
#2145=VECTOR('',#7866,10.);
#2146=VECTOR('',#7867,10.);
#2147=VECTOR('',#7868,10.);
#2148=VECTOR('',#7869,10.);
#2149=VECTOR('',#7870,10.);
#2150=VECTOR('',#7871,10.);
#2151=VECTOR('',#7872,10.);
#2152=VECTOR('',#7873,10.);
#2153=VECTOR('',#7874,10.);
#2154=VECTOR('',#7875,10.);
#2155=VECTOR('',#7876,10.);
#2156=VECTOR('',#7877,10.);
#2157=VECTOR('',#7878,10.);
#2158=VECTOR('',#7879,10.);
#2159=VECTOR('',#7880,10.);
#2160=VECTOR('',#7881,10.);
#2161=VECTOR('',#7882,10.);
#2162=VECTOR('',#7883,10.);
#2163=VECTOR('',#7884,10.);
#2164=VECTOR('',#7885,10.);
#2165=VECTOR('',#7886,10.);
#2166=VECTOR('',#7887,10.);
#2167=VECTOR('',#7888,10.);
#2168=VECTOR('',#7889,10.);
#2169=VECTOR('',#7890,10.);
#2170=VECTOR('',#7891,10.);
#2171=VECTOR('',#7892,10.);
#2172=VECTOR('',#7893,10.);
#2173=VECTOR('',#7894,10.);
#2174=VECTOR('',#7895,10.);
#2175=VECTOR('',#7896,10.);
#2176=VECTOR('',#7897,10.);
#2177=VECTOR('',#7898,10.);
#2178=VECTOR('',#7899,10.);
#2179=VECTOR('',#7900,10.);
#2180=VECTOR('',#7901,10.);
#2181=VECTOR('',#7902,10.);
#2182=VECTOR('',#7903,10.);
#2183=VECTOR('',#7904,10.);
#2184=VECTOR('',#7905,10.);
#2185=VECTOR('',#7906,10.);
#2186=VECTOR('',#7911,10.);
#2187=VECTOR('',#7912,10.);
#2188=VECTOR('',#7913,10.);
#2189=VECTOR('',#7914,10.);
#2190=VECTOR('',#7915,10.);
#2191=VECTOR('',#7916,10.);
#2192=VECTOR('',#7917,10.);
#2193=VECTOR('',#7918,10.);
#2194=VECTOR('',#7919,10.);
#2195=VECTOR('',#7920,10.);
#2196=VECTOR('',#7921,10.);
#2197=VECTOR('',#7922,10.);
#2198=VECTOR('',#7923,10.);
#2199=VECTOR('',#7924,10.);
#2200=VECTOR('',#7925,10.);
#2201=VECTOR('',#7926,10.);
#2202=VECTOR('',#7927,10.);
#2203=VECTOR('',#7928,10.);
#2204=VECTOR('',#7929,10.);
#2205=VECTOR('',#7930,10.);
#2206=VECTOR('',#7931,10.);
#2207=VECTOR('',#7932,10.);
#2208=VECTOR('',#7933,10.);
#2209=VECTOR('',#7934,10.);
#2210=VECTOR('',#7935,10.);
#2211=VECTOR('',#7936,10.);
#2212=VECTOR('',#7937,10.);
#2213=VECTOR('',#7938,10.);
#2214=VECTOR('',#7939,10.);
#2215=VECTOR('',#7940,10.);
#2216=VECTOR('',#7941,10.);
#2217=VECTOR('',#7942,10.);
#2218=VECTOR('',#7943,10.);
#2219=VECTOR('',#7944,10.);
#2220=VECTOR('',#7945,10.);
#2221=VECTOR('',#7946,10.);
#2222=VECTOR('',#7947,10.);
#2223=VECTOR('',#7948,10.);
#2224=VECTOR('',#7949,10.);
#2225=VECTOR('',#7950,10.);
#2226=VECTOR('',#7951,10.);
#2227=VECTOR('',#7952,10.);
#2228=VECTOR('',#7953,10.);
#2229=VECTOR('',#7954,10.);
#2230=VECTOR('',#7955,10.);
#2231=VECTOR('',#7956,10.);
#2232=VECTOR('',#7957,10.);
#2233=VECTOR('',#7958,10.);
#2234=VECTOR('',#7959,10.);
#2235=VECTOR('',#7960,10.);
#2236=VECTOR('',#7961,10.);
#2237=VECTOR('',#7962,10.);
#2238=VECTOR('',#7965,10.);
#2239=VECTOR('',#7966,10.);
#2240=VECTOR('',#7967,10.);
#2241=VECTOR('',#7970,10.);
#2242=VECTOR('',#7971,10.);
#2243=VECTOR('',#7972,10.);
#2244=VECTOR('',#7975,10.);
#2245=VECTOR('',#7976,10.);
#2246=VECTOR('',#7977,10.);
#2247=VECTOR('',#7980,10.);
#2248=VECTOR('',#7981,10.);
#2249=VECTOR('',#7982,10.);
#2250=VECTOR('',#7985,10.);
#2251=VECTOR('',#7986,10.);
#2252=VECTOR('',#7987,10.);
#2253=VECTOR('',#7990,10.);
#2254=VECTOR('',#7991,10.);
#2255=VECTOR('',#7994,10.);
#2256=VECTOR('',#7995,10.);
#2257=VECTOR('',#7998,10.);
#2258=VECTOR('',#7999,10.);
#2259=VECTOR('',#8002,10.);
#2260=VECTOR('',#8003,10.);
#2261=VECTOR('',#8006,10.);
#2262=VECTOR('',#8009,10.);
#2263=VECTOR('',#8010,10.);
#2264=VECTOR('',#8011,10.);
#2265=VECTOR('',#8014,10.);
#2266=VECTOR('',#8015,10.);
#2267=VECTOR('',#8018,10.);
#2268=VECTOR('',#8019,10.);
#2269=VECTOR('',#8022,10.);
#2270=VECTOR('',#8023,10.);
#2271=VECTOR('',#8026,10.);
#2272=VECTOR('',#8027,10.);
#2273=VECTOR('',#8030,10.);
#2274=VECTOR('',#8033,10.);
#2275=VECTOR('',#8034,10.);
#2276=VECTOR('',#8035,10.);
#2277=VECTOR('',#8038,10.);
#2278=VECTOR('',#8039,10.);
#2279=VECTOR('',#8042,10.);
#2280=VECTOR('',#8043,10.);
#2281=VECTOR('',#8046,10.);
#2282=VECTOR('',#8047,10.);
#2283=VECTOR('',#8050,10.);
#2284=VECTOR('',#8051,10.);
#2285=VECTOR('',#8054,10.);
#2286=VECTOR('',#8057,10.);
#2287=VECTOR('',#8058,10.);
#2288=VECTOR('',#8059,10.);
#2289=VECTOR('',#8062,10.);
#2290=VECTOR('',#8063,10.);
#2291=VECTOR('',#8066,10.);
#2292=VECTOR('',#8067,10.);
#2293=VECTOR('',#8070,10.);
#2294=VECTOR('',#8071,10.);
#2295=VECTOR('',#8074,10.);
#2296=VECTOR('',#8075,10.);
#2297=VECTOR('',#8078,10.);
#2298=VECTOR('',#8081,10.);
#2299=VECTOR('',#8082,10.);
#2300=VECTOR('',#8083,10.);
#2301=VECTOR('',#8086,10.);
#2302=VECTOR('',#8087,10.);
#2303=VECTOR('',#8090,10.);
#2304=VECTOR('',#8091,10.);
#2305=VECTOR('',#8094,10.);
#2306=VECTOR('',#8095,10.);
#2307=VECTOR('',#8098,10.);
#2308=VECTOR('',#8099,10.);
#2309=VECTOR('',#8102,10.);
#2310=VECTOR('',#8105,10.);
#2311=VECTOR('',#8106,10.);
#2312=VECTOR('',#8107,10.);
#2313=VECTOR('',#8110,10.);
#2314=VECTOR('',#8111,10.);
#2315=VECTOR('',#8114,10.);
#2316=VECTOR('',#8115,10.);
#2317=VECTOR('',#8118,10.);
#2318=VECTOR('',#8119,10.);
#2319=VECTOR('',#8122,10.);
#2320=VECTOR('',#8123,10.);
#2321=VECTOR('',#8126,10.);
#2322=VECTOR('',#8129,10.);
#2323=VECTOR('',#8130,10.);
#2324=VECTOR('',#8131,10.);
#2325=VECTOR('',#8134,10.);
#2326=VECTOR('',#8135,10.);
#2327=VECTOR('',#8138,10.);
#2328=VECTOR('',#8139,10.);
#2329=VECTOR('',#8142,10.);
#2330=VECTOR('',#8143,10.);
#2331=VECTOR('',#8146,10.);
#2332=VECTOR('',#8147,10.);
#2333=VECTOR('',#8150,10.);
#2334=VECTOR('',#8153,10.);
#2335=VECTOR('',#8154,10.);
#2336=VECTOR('',#8155,10.);
#2337=VECTOR('',#8158,10.);
#2338=VECTOR('',#8159,10.);
#2339=VECTOR('',#8162,10.);
#2340=VECTOR('',#8163,10.);
#2341=VECTOR('',#8166,10.);
#2342=VECTOR('',#8167,10.);
#2343=VECTOR('',#8170,10.);
#2344=VECTOR('',#8171,10.);
#2345=VECTOR('',#8174,10.);
#2346=VECTOR('',#8177,10.);
#2347=VECTOR('',#8178,10.);
#2348=VECTOR('',#8179,10.);
#2349=VECTOR('',#8182,10.);
#2350=VECTOR('',#8183,10.);
#2351=VECTOR('',#8186,10.);
#2352=VECTOR('',#8187,10.);
#2353=VECTOR('',#8190,10.);
#2354=VECTOR('',#8191,10.);
#2355=VECTOR('',#8194,10.);
#2356=VECTOR('',#8195,10.);
#2357=VECTOR('',#8198,10.);
#2358=VECTOR('',#8201,10.);
#2359=VECTOR('',#8202,10.);
#2360=VECTOR('',#8203,10.);
#2361=VECTOR('',#8206,10.);
#2362=VECTOR('',#8207,10.);
#2363=VECTOR('',#8210,10.);
#2364=VECTOR('',#8211,10.);
#2365=VECTOR('',#8214,10.);
#2366=VECTOR('',#8215,10.);
#2367=VECTOR('',#8218,10.);
#2368=VECTOR('',#8219,10.);
#2369=VECTOR('',#8222,10.);
#2370=VECTOR('',#8225,10.);
#2371=VECTOR('',#8226,10.);
#2372=VECTOR('',#8227,10.);
#2373=VECTOR('',#8230,10.);
#2374=VECTOR('',#8231,10.);
#2375=VECTOR('',#8234,10.);
#2376=VECTOR('',#8235,10.);
#2377=VECTOR('',#8238,10.);
#2378=VECTOR('',#8239,10.);
#2379=VECTOR('',#8242,10.);
#2380=VECTOR('',#8243,10.);
#2381=VECTOR('',#8246,10.);
#2382=VECTOR('',#8249,10.);
#2383=VECTOR('',#8250,10.);
#2384=VECTOR('',#8251,10.);
#2385=VECTOR('',#8254,10.);
#2386=VECTOR('',#8255,10.);
#2387=VECTOR('',#8258,10.);
#2388=VECTOR('',#8259,10.);
#2389=VECTOR('',#8262,10.);
#2390=VECTOR('',#8263,10.);
#2391=VECTOR('',#8266,10.);
#2392=VECTOR('',#8267,10.);
#2393=VECTOR('',#8270,10.);
#2394=VECTOR('',#8273,10.);
#2395=VECTOR('',#8274,10.);
#2396=VECTOR('',#8275,10.);
#2397=VECTOR('',#8278,10.);
#2398=VECTOR('',#8279,10.);
#2399=VECTOR('',#8282,10.);
#2400=VECTOR('',#8283,10.);
#2401=VECTOR('',#8286,10.);
#2402=VECTOR('',#8287,10.);
#2403=VECTOR('',#8290,10.);
#2404=VECTOR('',#8291,10.);
#2405=VECTOR('',#8294,10.);
#2406=VECTOR('',#8297,10.);
#2407=VECTOR('',#8298,10.);
#2408=VECTOR('',#8299,10.);
#2409=VECTOR('',#8302,10.);
#2410=VECTOR('',#8303,10.);
#2411=VECTOR('',#8306,10.);
#2412=VECTOR('',#8307,10.);
#2413=VECTOR('',#8310,10.);
#2414=VECTOR('',#8311,10.);
#2415=VECTOR('',#8314,10.);
#2416=VECTOR('',#8315,10.);
#2417=VECTOR('',#8318,10.);
#2418=VECTOR('',#8321,10.);
#2419=VECTOR('',#8322,10.);
#2420=VECTOR('',#8323,10.);
#2421=VECTOR('',#8326,10.);
#2422=VECTOR('',#8327,10.);
#2423=VECTOR('',#8330,10.);
#2424=VECTOR('',#8331,10.);
#2425=VECTOR('',#8334,10.);
#2426=VECTOR('',#8335,10.);
#2427=VECTOR('',#8338,10.);
#2428=VECTOR('',#8339,10.);
#2429=VECTOR('',#8342,10.);
#2430=VECTOR('',#8345,10.);
#2431=VECTOR('',#8346,10.);
#2432=VECTOR('',#8347,10.);
#2433=VECTOR('',#8350,10.);
#2434=VECTOR('',#8351,10.);
#2435=VECTOR('',#8354,10.);
#2436=VECTOR('',#8355,10.);
#2437=VECTOR('',#8358,10.);
#2438=VECTOR('',#8359,10.);
#2439=VECTOR('',#8362,10.);
#2440=VECTOR('',#8363,10.);
#2441=VECTOR('',#8366,10.);
#2442=VECTOR('',#8369,10.);
#2443=VECTOR('',#8370,10.);
#2444=VECTOR('',#8371,10.);
#2445=VECTOR('',#8374,10.);
#2446=VECTOR('',#8375,10.);
#2447=VECTOR('',#8378,10.);
#2448=VECTOR('',#8379,10.);
#2449=VECTOR('',#8382,10.);
#2450=VECTOR('',#8383,10.);
#2451=VECTOR('',#8386,10.);
#2452=VECTOR('',#8387,10.);
#2453=VECTOR('',#8390,10.);
#2454=VECTOR('',#8393,10.);
#2455=VECTOR('',#8394,10.);
#2456=VECTOR('',#8395,10.);
#2457=VECTOR('',#8398,10.);
#2458=VECTOR('',#8399,10.);
#2459=VECTOR('',#8402,10.);
#2460=VECTOR('',#8403,10.);
#2461=VECTOR('',#8406,10.);
#2462=VECTOR('',#8407,10.);
#2463=VECTOR('',#8410,10.);
#2464=VECTOR('',#8411,10.);
#2465=VECTOR('',#8414,10.);
#2466=VECTOR('',#8417,10.);
#2467=VECTOR('',#8418,10.);
#2468=VECTOR('',#8419,10.);
#2469=VECTOR('',#8422,10.);
#2470=VECTOR('',#8423,10.);
#2471=VECTOR('',#8426,10.);
#2472=VECTOR('',#8427,10.);
#2473=VECTOR('',#8430,10.);
#2474=VECTOR('',#8431,10.);
#2475=VECTOR('',#8434,10.);
#2476=VECTOR('',#8435,10.);
#2477=VECTOR('',#8438,10.);
#2478=VECTOR('',#8441,10.);
#2479=VECTOR('',#8442,10.);
#2480=VECTOR('',#8443,10.);
#2481=VECTOR('',#8446,10.);
#2482=VECTOR('',#8447,10.);
#2483=VECTOR('',#8450,10.);
#2484=VECTOR('',#8451,10.);
#2485=VECTOR('',#8454,10.);
#2486=VECTOR('',#8455,10.);
#2487=VECTOR('',#8458,10.);
#2488=VECTOR('',#8459,10.);
#2489=VECTOR('',#8462,10.);
#2490=VECTOR('',#8465,10.);
#2491=VECTOR('',#8466,10.);
#2492=VECTOR('',#8467,10.);
#2493=VECTOR('',#8470,10.);
#2494=VECTOR('',#8471,10.);
#2495=VECTOR('',#8474,10.);
#2496=VECTOR('',#8475,10.);
#2497=VECTOR('',#8478,10.);
#2498=VECTOR('',#8479,10.);
#2499=VECTOR('',#8482,10.);
#2500=VECTOR('',#8483,10.);
#2501=VECTOR('',#8486,10.);
#2502=VECTOR('',#8489,10.);
#2503=VECTOR('',#8490,10.);
#2504=VECTOR('',#8491,10.);
#2505=VECTOR('',#8494,10.);
#2506=VECTOR('',#8495,10.);
#2507=VECTOR('',#8498,10.);
#2508=VECTOR('',#8499,10.);
#2509=VECTOR('',#8502,10.);
#2510=VECTOR('',#8503,10.);
#2511=VECTOR('',#8506,10.);
#2512=VECTOR('',#8507,10.);
#2513=VECTOR('',#8510,10.);
#2514=VECTOR('',#8513,10.);
#2515=VECTOR('',#8514,10.);
#2516=VECTOR('',#8515,10.);
#2517=VECTOR('',#8518,10.);
#2518=VECTOR('',#8519,10.);
#2519=VECTOR('',#8522,10.);
#2520=VECTOR('',#8523,10.);
#2521=VECTOR('',#8526,10.);
#2522=VECTOR('',#8527,10.);
#2523=VECTOR('',#8530,10.);
#2524=VECTOR('',#8531,10.);
#2525=VECTOR('',#8534,10.);
#2526=VECTOR('',#8537,10.);
#2527=VECTOR('',#8538,10.);
#2528=VECTOR('',#8539,10.);
#2529=VECTOR('',#8542,10.);
#2530=VECTOR('',#8543,10.);
#2531=VECTOR('',#8546,10.);
#2532=VECTOR('',#8547,10.);
#2533=VECTOR('',#8550,10.);
#2534=VECTOR('',#8551,10.);
#2535=VECTOR('',#8554,10.);
#2536=VECTOR('',#8555,10.);
#2537=VECTOR('',#8558,10.);
#2538=VECTOR('',#8561,10.);
#2539=VECTOR('',#8562,10.);
#2540=VECTOR('',#8563,10.);
#2541=VECTOR('',#8566,10.);
#2542=VECTOR('',#8567,10.);
#2543=VECTOR('',#8570,10.);
#2544=VECTOR('',#8571,10.);
#2545=VECTOR('',#8574,10.);
#2546=VECTOR('',#8575,10.);
#2547=VECTOR('',#8578,10.);
#2548=VECTOR('',#8579,10.);
#2549=VECTOR('',#8582,10.);
#2550=VECTOR('',#8585,10.);
#2551=VECTOR('',#8586,10.);
#2552=VECTOR('',#8587,10.);
#2553=VECTOR('',#8590,10.);
#2554=VECTOR('',#8591,10.);
#2555=VECTOR('',#8594,10.);
#2556=VECTOR('',#8595,10.);
#2557=VECTOR('',#8598,10.);
#2558=VECTOR('',#8599,10.);
#2559=VECTOR('',#8602,10.);
#2560=VECTOR('',#8603,10.);
#2561=VECTOR('',#8606,10.);
#2562=VECTOR('',#8609,10.);
#2563=VECTOR('',#8610,10.);
#2564=VECTOR('',#8611,10.);
#2565=VECTOR('',#8614,10.);
#2566=VECTOR('',#8615,10.);
#2567=VECTOR('',#8618,10.);
#2568=VECTOR('',#8619,10.);
#2569=VECTOR('',#8622,10.);
#2570=VECTOR('',#8623,10.);
#2571=VECTOR('',#8626,10.);
#2572=VECTOR('',#8627,10.);
#2573=VECTOR('',#8630,10.);
#2574=VECTOR('',#8633,10.);
#2575=VECTOR('',#8634,10.);
#2576=VECTOR('',#8635,10.);
#2577=VECTOR('',#8638,10.);
#2578=VECTOR('',#8639,10.);
#2579=VECTOR('',#8642,10.);
#2580=VECTOR('',#8643,10.);
#2581=VECTOR('',#8646,10.);
#2582=VECTOR('',#8647,10.);
#2583=VECTOR('',#8650,10.);
#2584=VECTOR('',#8651,10.);
#2585=VECTOR('',#8654,10.);
#2586=VECTOR('',#8657,10.);
#2587=VECTOR('',#8658,10.);
#2588=VECTOR('',#8659,10.);
#2589=VECTOR('',#8662,10.);
#2590=VECTOR('',#8663,10.);
#2591=VECTOR('',#8666,10.);
#2592=VECTOR('',#8667,10.);
#2593=VECTOR('',#8670,10.);
#2594=VECTOR('',#8671,10.);
#2595=VECTOR('',#8674,10.);
#2596=VECTOR('',#8675,10.);
#2597=VECTOR('',#8678,10.);
#2598=VECTOR('',#8681,10.);
#2599=VECTOR('',#8682,10.);
#2600=VECTOR('',#8683,10.);
#2601=VECTOR('',#8686,10.);
#2602=VECTOR('',#8687,10.);
#2603=VECTOR('',#8690,10.);
#2604=VECTOR('',#8691,10.);
#2605=VECTOR('',#8694,10.);
#2606=VECTOR('',#8695,10.);
#2607=VECTOR('',#8698,10.);
#2608=VECTOR('',#8699,10.);
#2609=VECTOR('',#8702,10.);
#2610=VECTOR('',#8705,10.);
#2611=VECTOR('',#8706,10.);
#2612=VECTOR('',#8707,10.);
#2613=VECTOR('',#8710,10.);
#2614=VECTOR('',#8711,10.);
#2615=VECTOR('',#8714,10.);
#2616=VECTOR('',#8715,10.);
#2617=VECTOR('',#8718,10.);
#2618=VECTOR('',#8719,10.);
#2619=VECTOR('',#8722,10.);
#2620=VECTOR('',#8723,10.);
#2621=VECTOR('',#8726,10.);
#2622=VECTOR('',#8729,10.);
#2623=VECTOR('',#8730,10.);
#2624=VECTOR('',#8731,10.);
#2625=VECTOR('',#8734,10.);
#2626=VECTOR('',#8735,10.);
#2627=VECTOR('',#8738,10.);
#2628=VECTOR('',#8739,10.);
#2629=VECTOR('',#8742,10.);
#2630=VECTOR('',#8743,10.);
#2631=VECTOR('',#8746,10.);
#2632=VECTOR('',#8747,10.);
#2633=VECTOR('',#8750,10.);
#2634=VECTOR('',#8753,10.);
#2635=VECTOR('',#8754,10.);
#2636=VECTOR('',#8755,10.);
#2637=VECTOR('',#8758,10.);
#2638=VECTOR('',#8759,10.);
#2639=VECTOR('',#8762,10.);
#2640=VECTOR('',#8763,10.);
#2641=VECTOR('',#8766,10.);
#2642=VECTOR('',#8767,10.);
#2643=VECTOR('',#8770,10.);
#2644=VECTOR('',#8771,10.);
#2645=VECTOR('',#8774,10.);
#2646=VECTOR('',#8777,10.);
#2647=VECTOR('',#8778,10.);
#2648=VECTOR('',#8779,10.);
#2649=VECTOR('',#8782,10.);
#2650=VECTOR('',#8783,10.);
#2651=VECTOR('',#8786,10.);
#2652=VECTOR('',#8787,10.);
#2653=VECTOR('',#8790,10.);
#2654=VECTOR('',#8791,10.);
#2655=VECTOR('',#8794,10.);
#2656=VECTOR('',#8795,10.);
#2657=VECTOR('',#8798,10.);
#2658=VECTOR('',#8801,10.);
#2659=VECTOR('',#8802,10.);
#2660=VECTOR('',#8803,10.);
#2661=VECTOR('',#8806,10.);
#2662=VECTOR('',#8807,10.);
#2663=VECTOR('',#8810,10.);
#2664=VECTOR('',#8811,10.);
#2665=VECTOR('',#8814,10.);
#2666=VECTOR('',#8815,10.);
#2667=VECTOR('',#8818,10.);
#2668=VECTOR('',#8819,10.);
#2669=VECTOR('',#8822,10.);
#2670=VECTOR('',#8825,10.);
#2671=VECTOR('',#8826,10.);
#2672=VECTOR('',#8827,10.);
#2673=VECTOR('',#8830,10.);
#2674=VECTOR('',#8831,10.);
#2675=VECTOR('',#8834,10.);
#2676=VECTOR('',#8835,10.);
#2677=VECTOR('',#8838,10.);
#2678=VECTOR('',#8839,10.);
#2679=VECTOR('',#8842,10.);
#2680=VECTOR('',#8843,10.);
#2681=VECTOR('',#8846,10.);
#2682=VECTOR('',#8849,10.);
#2683=VECTOR('',#8850,10.);
#2684=VECTOR('',#8851,10.);
#2685=VECTOR('',#8854,10.);
#2686=VECTOR('',#8855,10.);
#2687=VECTOR('',#8858,10.);
#2688=VECTOR('',#8859,10.);
#2689=VECTOR('',#8862,10.);
#2690=VECTOR('',#8863,10.);
#2691=VECTOR('',#8866,10.);
#2692=VECTOR('',#8867,10.);
#2693=VECTOR('',#8870,10.);
#2694=VECTOR('',#8873,10.);
#2695=VECTOR('',#8874,10.);
#2696=VECTOR('',#8875,10.);
#2697=VECTOR('',#8878,10.);
#2698=VECTOR('',#8879,10.);
#2699=VECTOR('',#8882,10.);
#2700=VECTOR('',#8883,10.);
#2701=VECTOR('',#8886,10.);
#2702=VECTOR('',#8887,10.);
#2703=VECTOR('',#8890,10.);
#2704=VECTOR('',#8891,10.);
#2705=VECTOR('',#8894,10.);
#2706=VECTOR('',#8897,10.);
#2707=VECTOR('',#8898,10.);
#2708=VECTOR('',#8899,10.);
#2709=VECTOR('',#8902,10.);
#2710=VECTOR('',#8903,10.);
#2711=VECTOR('',#8906,10.);
#2712=VECTOR('',#8907,10.);
#2713=VECTOR('',#8910,10.);
#2714=VECTOR('',#8911,10.);
#2715=VECTOR('',#8914,10.);
#2716=VECTOR('',#8915,10.);
#2717=VECTOR('',#8918,10.);
#2718=VECTOR('',#8921,10.);
#2719=VECTOR('',#8922,10.);
#2720=VECTOR('',#8923,10.);
#2721=VECTOR('',#8926,10.);
#2722=VECTOR('',#8927,10.);
#2723=VECTOR('',#8930,10.);
#2724=VECTOR('',#8931,10.);
#2725=VECTOR('',#8934,10.);
#2726=VECTOR('',#8935,10.);
#2727=VECTOR('',#8938,10.);
#2728=VECTOR('',#8939,10.);
#2729=VECTOR('',#8942,10.);
#2730=VECTOR('',#8945,10.);
#2731=VECTOR('',#8946,10.);
#2732=VECTOR('',#8947,10.);
#2733=VECTOR('',#8950,10.);
#2734=VECTOR('',#8951,10.);
#2735=VECTOR('',#8954,10.);
#2736=VECTOR('',#8955,10.);
#2737=VECTOR('',#8958,10.);
#2738=VECTOR('',#8959,10.);
#2739=VECTOR('',#8962,10.);
#2740=VECTOR('',#8963,10.);
#2741=VECTOR('',#8966,10.);
#2742=VECTOR('',#8969,10.);
#2743=VECTOR('',#8970,10.);
#2744=VECTOR('',#8971,10.);
#2745=VECTOR('',#8974,10.);
#2746=VECTOR('',#8975,10.);
#2747=VECTOR('',#8978,10.);
#2748=VECTOR('',#8979,10.);
#2749=VECTOR('',#8982,10.);
#2750=VECTOR('',#8983,10.);
#2751=VECTOR('',#8986,10.);
#2752=VECTOR('',#8987,10.);
#2753=VECTOR('',#8990,10.);
#2754=VECTOR('',#8993,10.);
#2755=VECTOR('',#8994,10.);
#2756=VECTOR('',#8995,10.);
#2757=VECTOR('',#8998,10.);
#2758=VECTOR('',#8999,10.);
#2759=VECTOR('',#9002,10.);
#2760=VECTOR('',#9003,10.);
#2761=VECTOR('',#9006,10.);
#2762=VECTOR('',#9007,10.);
#2763=VECTOR('',#9010,10.);
#2764=VECTOR('',#9011,10.);
#2765=VECTOR('',#9014,10.);
#2766=VECTOR('',#9017,10.);
#2767=VECTOR('',#9018,10.);
#2768=VECTOR('',#9019,10.);
#2769=VECTOR('',#9022,10.);
#2770=VECTOR('',#9023,10.);
#2771=VECTOR('',#9026,10.);
#2772=VECTOR('',#9027,10.);
#2773=VECTOR('',#9030,10.);
#2774=VECTOR('',#9031,10.);
#2775=VECTOR('',#9034,10.);
#2776=VECTOR('',#9035,10.);
#2777=VECTOR('',#9038,10.);
#2778=VECTOR('',#9041,10.);
#2779=VECTOR('',#9042,10.);
#2780=VECTOR('',#9043,10.);
#2781=VECTOR('',#9046,10.);
#2782=VECTOR('',#9047,10.);
#2783=VECTOR('',#9050,10.);
#2784=VECTOR('',#9051,10.);
#2785=VECTOR('',#9054,10.);
#2786=VECTOR('',#9055,10.);
#2787=VECTOR('',#9058,10.);
#2788=VECTOR('',#9059,10.);
#2789=VECTOR('',#9062,10.);
#2790=VECTOR('',#9065,10.);
#2791=VECTOR('',#9066,10.);
#2792=VECTOR('',#9067,10.);
#2793=VECTOR('',#9070,10.);
#2794=VECTOR('',#9071,10.);
#2795=VECTOR('',#9074,10.);
#2796=VECTOR('',#9075,10.);
#2797=VECTOR('',#9078,10.);
#2798=VECTOR('',#9079,10.);
#2799=VECTOR('',#9082,10.);
#2800=VECTOR('',#9083,10.);
#2801=VECTOR('',#9086,10.);
#2802=VECTOR('',#9089,10.);
#2803=VECTOR('',#9090,10.);
#2804=VECTOR('',#9091,10.);
#2805=VECTOR('',#9094,10.);
#2806=VECTOR('',#9095,10.);
#2807=VECTOR('',#9098,10.);
#2808=VECTOR('',#9099,10.);
#2809=VECTOR('',#9102,10.);
#2810=VECTOR('',#9103,10.);
#2811=VECTOR('',#9106,10.);
#2812=VECTOR('',#9107,10.);
#2813=VECTOR('',#9110,10.);
#2814=VECTOR('',#9113,10.);
#2815=VECTOR('',#9114,10.);
#2816=VECTOR('',#9115,10.);
#2817=VECTOR('',#9118,10.);
#2818=VECTOR('',#9119,10.);
#2819=VECTOR('',#9122,10.);
#2820=VECTOR('',#9123,10.);
#2821=VECTOR('',#9126,10.);
#2822=VECTOR('',#9127,10.);
#2823=VECTOR('',#9130,10.);
#2824=VECTOR('',#9131,10.);
#2825=VECTOR('',#9134,10.);
#2826=VECTOR('',#9139,0.8115);
#2827=VECTOR('',#9148,0.8115);
#2828=VECTOR('',#9155,1.27);
#2829=VECTOR('',#9160,1.27);
#2830=VECTOR('',#9165,10.);
#2831=VECTOR('',#9166,10.);
#2832=VECTOR('',#9167,10.);
#2833=VECTOR('',#9170,10.);
#2834=VECTOR('',#9171,10.);
#2835=VECTOR('',#9174,10.);
#2836=VECTOR('',#9175,10.);
#2837=VECTOR('',#9178,10.);
#2838=VECTOR('',#9181,10.);
#2839=VECTOR('',#9182,10.);
#2840=VECTOR('',#9185,10.);
#2841=VECTOR('',#9186,10.);
#2842=VECTOR('',#9189,10.);
#2843=VECTOR('',#9192,10.);
#2844=VECTOR('',#9193,10.);
#2845=VECTOR('',#9196,10.);
#2846=VECTOR('',#9199,10.);
#2847=VECTOR('',#9200,10.);
#2848=VECTOR('',#9203,10.);
#2849=VECTOR('',#9204,10.);
#2850=VECTOR('',#9207,10.);
#2851=VECTOR('',#9210,10.);
#2852=VECTOR('',#9211,10.);
#2853=VECTOR('',#9214,10.);
#2854=VECTOR('',#9215,10.);
#2855=VECTOR('',#9218,10.);
#2856=VECTOR('',#9221,10.);
#2857=VECTOR('',#9224,10.);
#2858=VECTOR('',#9227,10.);
#2859=VECTOR('',#9228,10.);
#2860=VECTOR('',#9231,10.);
#2861=VECTOR('',#9234,10.);
#2862=VECTOR('',#9235,10.);
#2863=VECTOR('',#9238,10.);
#2864=VECTOR('',#9241,10.);
#2865=VECTOR('',#9242,10.);
#2866=VECTOR('',#9245,10.);
#2867=VECTOR('',#9252,10.);
#2868=VECTOR('',#9253,10.);
#2869=VECTOR('',#9260,10.);
#2870=VECTOR('',#9261,10.);
#2871=VECTOR('',#9264,10.);
#2872=VECTOR('',#9267,10.);
#2873=VECTOR('',#9268,10.);
#2874=VECTOR('',#9271,10.);
#2875=VECTOR('',#9272,10.);
#2876=VECTOR('',#9273,10.);
#2877=VECTOR('',#9274,10.);
#2878=VECTOR('',#9275,10.);
#2879=VECTOR('',#9284,10.);
#2880=VECTOR('',#9287,10.);
#2881=VECTOR('',#9288,10.);
#2882=VECTOR('',#9289,10.);
#2883=VECTOR('',#9292,10.);
#2884=VECTOR('',#9293,10.);
#2885=VECTOR('',#9296,10.);
#2886=VECTOR('',#9297,10.);
#2887=VECTOR('',#9300,10.);
#2888=VECTOR('',#9301,10.);
#2889=VECTOR('',#9304,10.);
#2890=VECTOR('',#9307,10.);
#2891=VECTOR('',#9308,10.);
#2892=VECTOR('',#9309,10.);
#2893=VECTOR('',#9312,10.);
#2894=VECTOR('',#9313,10.);
#2895=VECTOR('',#9314,10.);
#2896=VECTOR('',#9317,10.);
#2897=VECTOR('',#9318,10.);
#2898=VECTOR('',#9321,10.);
#2899=VERTEX_POINT('',#9328);
#2900=VERTEX_POINT('',#9329);
#2901=VERTEX_POINT('',#9331);
#2902=VERTEX_POINT('',#9333);
#2903=VERTEX_POINT('',#9337);
#2904=VERTEX_POINT('',#9338);
#2905=VERTEX_POINT('',#9340);
#2906=VERTEX_POINT('',#9342);
#2907=VERTEX_POINT('',#9344);
#2908=VERTEX_POINT('',#9346);
#2909=VERTEX_POINT('',#9348);
#2910=VERTEX_POINT('',#9352);
#2911=VERTEX_POINT('',#9353);
#2912=VERTEX_POINT('',#9355);
#2913=VERTEX_POINT('',#9357);
#2914=VERTEX_POINT('',#9359);
#2915=VERTEX_POINT('',#9361);
#2916=VERTEX_POINT('',#9363);
#2917=VERTEX_POINT('',#9365);
#2918=VERTEX_POINT('',#9367);
#2919=VERTEX_POINT('',#9369);
#2920=VERTEX_POINT('',#9371);
#2921=VERTEX_POINT('',#9373);
#2922=VERTEX_POINT('',#9375);
#2923=VERTEX_POINT('',#9378);
#2924=VERTEX_POINT('',#9380);
#2925=VERTEX_POINT('',#9382);
#2926=VERTEX_POINT('',#9384);
#2927=VERTEX_POINT('',#9386);
#2928=VERTEX_POINT('',#9388);
#2929=VERTEX_POINT('',#9391);
#2930=VERTEX_POINT('',#9393);
#2931=VERTEX_POINT('',#9396);
#2932=VERTEX_POINT('',#9397);
#2933=VERTEX_POINT('',#9399);
#2934=VERTEX_POINT('',#9401);
#2935=VERTEX_POINT('',#9403);
#2936=VERTEX_POINT('',#9405);
#2937=VERTEX_POINT('',#9408);
#2938=VERTEX_POINT('',#9409);
#2939=VERTEX_POINT('',#9411);
#2940=VERTEX_POINT('',#9413);
#2941=VERTEX_POINT('',#9415);
#2942=VERTEX_POINT('',#9417);
#2943=VERTEX_POINT('',#9420);
#2944=VERTEX_POINT('',#9421);
#2945=VERTEX_POINT('',#9423);
#2946=VERTEX_POINT('',#9425);
#2947=VERTEX_POINT('',#9427);
#2948=VERTEX_POINT('',#9429);
#2949=VERTEX_POINT('',#9432);
#2950=VERTEX_POINT('',#9433);
#2951=VERTEX_POINT('',#9435);
#2952=VERTEX_POINT('',#9437);
#2953=VERTEX_POINT('',#9439);
#2954=VERTEX_POINT('',#9441);
#2955=VERTEX_POINT('',#9444);
#2956=VERTEX_POINT('',#9445);
#2957=VERTEX_POINT('',#9447);
#2958=VERTEX_POINT('',#9449);
#2959=VERTEX_POINT('',#9451);
#2960=VERTEX_POINT('',#9453);
#2961=VERTEX_POINT('',#9456);
#2962=VERTEX_POINT('',#9457);
#2963=VERTEX_POINT('',#9459);
#2964=VERTEX_POINT('',#9461);
#2965=VERTEX_POINT('',#9463);
#2966=VERTEX_POINT('',#9465);
#2967=VERTEX_POINT('',#9468);
#2968=VERTEX_POINT('',#9469);
#2969=VERTEX_POINT('',#9471);
#2970=VERTEX_POINT('',#9473);
#2971=VERTEX_POINT('',#9475);
#2972=VERTEX_POINT('',#9477);
#2973=VERTEX_POINT('',#9480);
#2974=VERTEX_POINT('',#9481);
#2975=VERTEX_POINT('',#9483);
#2976=VERTEX_POINT('',#9485);
#2977=VERTEX_POINT('',#9487);
#2978=VERTEX_POINT('',#9489);
#2979=VERTEX_POINT('',#9492);
#2980=VERTEX_POINT('',#9493);
#2981=VERTEX_POINT('',#9495);
#2982=VERTEX_POINT('',#9497);
#2983=VERTEX_POINT('',#9499);
#2984=VERTEX_POINT('',#9501);
#2985=VERTEX_POINT('',#9504);
#2986=VERTEX_POINT('',#9505);
#2987=VERTEX_POINT('',#9507);
#2988=VERTEX_POINT('',#9509);
#2989=VERTEX_POINT('',#9511);
#2990=VERTEX_POINT('',#9513);
#2991=VERTEX_POINT('',#9516);
#2992=VERTEX_POINT('',#9517);
#2993=VERTEX_POINT('',#9519);
#2994=VERTEX_POINT('',#9521);
#2995=VERTEX_POINT('',#9523);
#2996=VERTEX_POINT('',#9525);
#2997=VERTEX_POINT('',#9528);
#2998=VERTEX_POINT('',#9529);
#2999=VERTEX_POINT('',#9531);
#3000=VERTEX_POINT('',#9533);
#3001=VERTEX_POINT('',#9535);
#3002=VERTEX_POINT('',#9537);
#3003=VERTEX_POINT('',#9540);
#3004=VERTEX_POINT('',#9541);
#3005=VERTEX_POINT('',#9543);
#3006=VERTEX_POINT('',#9545);
#3007=VERTEX_POINT('',#9547);
#3008=VERTEX_POINT('',#9549);
#3009=VERTEX_POINT('',#9552);
#3010=VERTEX_POINT('',#9553);
#3011=VERTEX_POINT('',#9555);
#3012=VERTEX_POINT('',#9557);
#3013=VERTEX_POINT('',#9559);
#3014=VERTEX_POINT('',#9561);
#3015=VERTEX_POINT('',#9564);
#3016=VERTEX_POINT('',#9565);
#3017=VERTEX_POINT('',#9567);
#3018=VERTEX_POINT('',#9569);
#3019=VERTEX_POINT('',#9571);
#3020=VERTEX_POINT('',#9573);
#3021=VERTEX_POINT('',#9576);
#3022=VERTEX_POINT('',#9577);
#3023=VERTEX_POINT('',#9579);
#3024=VERTEX_POINT('',#9581);
#3025=VERTEX_POINT('',#9583);
#3026=VERTEX_POINT('',#9585);
#3027=VERTEX_POINT('',#9588);
#3028=VERTEX_POINT('',#9589);
#3029=VERTEX_POINT('',#9591);
#3030=VERTEX_POINT('',#9593);
#3031=VERTEX_POINT('',#9595);
#3032=VERTEX_POINT('',#9597);
#3033=VERTEX_POINT('',#9600);
#3034=VERTEX_POINT('',#9601);
#3035=VERTEX_POINT('',#9603);
#3036=VERTEX_POINT('',#9605);
#3037=VERTEX_POINT('',#9607);
#3038=VERTEX_POINT('',#9609);
#3039=VERTEX_POINT('',#9612);
#3040=VERTEX_POINT('',#9613);
#3041=VERTEX_POINT('',#9615);
#3042=VERTEX_POINT('',#9617);
#3043=VERTEX_POINT('',#9619);
#3044=VERTEX_POINT('',#9621);
#3045=VERTEX_POINT('',#9624);
#3046=VERTEX_POINT('',#9625);
#3047=VERTEX_POINT('',#9627);
#3048=VERTEX_POINT('',#9629);
#3049=VERTEX_POINT('',#9631);
#3050=VERTEX_POINT('',#9633);
#3051=VERTEX_POINT('',#9636);
#3052=VERTEX_POINT('',#9637);
#3053=VERTEX_POINT('',#9639);
#3054=VERTEX_POINT('',#9641);
#3055=VERTEX_POINT('',#9643);
#3056=VERTEX_POINT('',#9645);
#3057=VERTEX_POINT('',#9648);
#3058=VERTEX_POINT('',#9649);
#3059=VERTEX_POINT('',#9651);
#3060=VERTEX_POINT('',#9653);
#3061=VERTEX_POINT('',#9655);
#3062=VERTEX_POINT('',#9657);
#3063=VERTEX_POINT('',#9660);
#3064=VERTEX_POINT('',#9661);
#3065=VERTEX_POINT('',#9663);
#3066=VERTEX_POINT('',#9665);
#3067=VERTEX_POINT('',#9667);
#3068=VERTEX_POINT('',#9669);
#3069=VERTEX_POINT('',#9672);
#3070=VERTEX_POINT('',#9673);
#3071=VERTEX_POINT('',#9675);
#3072=VERTEX_POINT('',#9677);
#3073=VERTEX_POINT('',#9679);
#3074=VERTEX_POINT('',#9681);
#3075=VERTEX_POINT('',#9684);
#3076=VERTEX_POINT('',#9685);
#3077=VERTEX_POINT('',#9687);
#3078=VERTEX_POINT('',#9689);
#3079=VERTEX_POINT('',#9691);
#3080=VERTEX_POINT('',#9693);
#3081=VERTEX_POINT('',#9696);
#3082=VERTEX_POINT('',#9697);
#3083=VERTEX_POINT('',#9699);
#3084=VERTEX_POINT('',#9701);
#3085=VERTEX_POINT('',#9703);
#3086=VERTEX_POINT('',#9705);
#3087=VERTEX_POINT('',#9708);
#3088=VERTEX_POINT('',#9709);
#3089=VERTEX_POINT('',#9711);
#3090=VERTEX_POINT('',#9713);
#3091=VERTEX_POINT('',#9715);
#3092=VERTEX_POINT('',#9717);
#3093=VERTEX_POINT('',#9720);
#3094=VERTEX_POINT('',#9721);
#3095=VERTEX_POINT('',#9723);
#3096=VERTEX_POINT('',#9725);
#3097=VERTEX_POINT('',#9727);
#3098=VERTEX_POINT('',#9729);
#3099=VERTEX_POINT('',#9732);
#3100=VERTEX_POINT('',#9733);
#3101=VERTEX_POINT('',#9735);
#3102=VERTEX_POINT('',#9737);
#3103=VERTEX_POINT('',#9739);
#3104=VERTEX_POINT('',#9741);
#3105=VERTEX_POINT('',#9744);
#3106=VERTEX_POINT('',#9745);
#3107=VERTEX_POINT('',#9747);
#3108=VERTEX_POINT('',#9749);
#3109=VERTEX_POINT('',#9751);
#3110=VERTEX_POINT('',#9753);
#3111=VERTEX_POINT('',#9756);
#3112=VERTEX_POINT('',#9757);
#3113=VERTEX_POINT('',#9759);
#3114=VERTEX_POINT('',#9761);
#3115=VERTEX_POINT('',#9763);
#3116=VERTEX_POINT('',#9765);
#3117=VERTEX_POINT('',#9768);
#3118=VERTEX_POINT('',#9769);
#3119=VERTEX_POINT('',#9771);
#3120=VERTEX_POINT('',#9773);
#3121=VERTEX_POINT('',#9775);
#3122=VERTEX_POINT('',#9777);
#3123=VERTEX_POINT('',#9780);
#3124=VERTEX_POINT('',#9781);
#3125=VERTEX_POINT('',#9783);
#3126=VERTEX_POINT('',#9785);
#3127=VERTEX_POINT('',#9787);
#3128=VERTEX_POINT('',#9789);
#3129=VERTEX_POINT('',#9792);
#3130=VERTEX_POINT('',#9793);
#3131=VERTEX_POINT('',#9795);
#3132=VERTEX_POINT('',#9797);
#3133=VERTEX_POINT('',#9799);
#3134=VERTEX_POINT('',#9801);
#3135=VERTEX_POINT('',#9804);
#3136=VERTEX_POINT('',#9805);
#3137=VERTEX_POINT('',#9807);
#3138=VERTEX_POINT('',#9809);
#3139=VERTEX_POINT('',#9811);
#3140=VERTEX_POINT('',#9813);
#3141=VERTEX_POINT('',#9816);
#3142=VERTEX_POINT('',#9817);
#3143=VERTEX_POINT('',#9819);
#3144=VERTEX_POINT('',#9821);
#3145=VERTEX_POINT('',#9823);
#3146=VERTEX_POINT('',#9825);
#3147=VERTEX_POINT('',#9828);
#3148=VERTEX_POINT('',#9829);
#3149=VERTEX_POINT('',#9831);
#3150=VERTEX_POINT('',#9833);
#3151=VERTEX_POINT('',#9835);
#3152=VERTEX_POINT('',#9837);
#3153=VERTEX_POINT('',#9840);
#3154=VERTEX_POINT('',#9841);
#3155=VERTEX_POINT('',#9843);
#3156=VERTEX_POINT('',#9845);
#3157=VERTEX_POINT('',#9847);
#3158=VERTEX_POINT('',#9849);
#3159=VERTEX_POINT('',#9852);
#3160=VERTEX_POINT('',#9853);
#3161=VERTEX_POINT('',#9855);
#3162=VERTEX_POINT('',#9857);
#3163=VERTEX_POINT('',#9859);
#3164=VERTEX_POINT('',#9861);
#3165=VERTEX_POINT('',#9864);
#3166=VERTEX_POINT('',#9865);
#3167=VERTEX_POINT('',#9867);
#3168=VERTEX_POINT('',#9869);
#3169=VERTEX_POINT('',#9871);
#3170=VERTEX_POINT('',#9873);
#3171=VERTEX_POINT('',#9876);
#3172=VERTEX_POINT('',#9878);
#3173=VERTEX_POINT('',#9880);
#3174=VERTEX_POINT('',#9881);
#3175=VERTEX_POINT('',#9883);
#3176=VERTEX_POINT('',#9885);
#3177=VERTEX_POINT('',#9888);
#3178=VERTEX_POINT('',#9889);
#3179=VERTEX_POINT('',#9891);
#3180=VERTEX_POINT('',#9893);
#3181=VERTEX_POINT('',#9895);
#3182=VERTEX_POINT('',#9897);
#3183=VERTEX_POINT('',#9900);
#3184=VERTEX_POINT('',#9901);
#3185=VERTEX_POINT('',#9903);
#3186=VERTEX_POINT('',#9905);
#3187=VERTEX_POINT('',#9907);
#3188=VERTEX_POINT('',#9909);
#3189=VERTEX_POINT('',#9912);
#3190=VERTEX_POINT('',#9913);
#3191=VERTEX_POINT('',#9915);
#3192=VERTEX_POINT('',#9917);
#3193=VERTEX_POINT('',#9919);
#3194=VERTEX_POINT('',#9921);
#3195=VERTEX_POINT('',#9924);
#3196=VERTEX_POINT('',#9925);
#3197=VERTEX_POINT('',#9927);
#3198=VERTEX_POINT('',#9929);
#3199=VERTEX_POINT('',#9931);
#3200=VERTEX_POINT('',#9933);
#3201=VERTEX_POINT('',#9936);
#3202=VERTEX_POINT('',#9937);
#3203=VERTEX_POINT('',#9939);
#3204=VERTEX_POINT('',#9941);
#3205=VERTEX_POINT('',#9943);
#3206=VERTEX_POINT('',#9945);
#3207=VERTEX_POINT('',#9948);
#3208=VERTEX_POINT('',#9949);
#3209=VERTEX_POINT('',#9951);
#3210=VERTEX_POINT('',#9953);
#3211=VERTEX_POINT('',#9955);
#3212=VERTEX_POINT('',#9957);
#3213=VERTEX_POINT('',#9960);
#3214=VERTEX_POINT('',#9961);
#3215=VERTEX_POINT('',#9963);
#3216=VERTEX_POINT('',#9965);
#3217=VERTEX_POINT('',#9967);
#3218=VERTEX_POINT('',#9969);
#3219=VERTEX_POINT('',#9972);
#3220=VERTEX_POINT('',#9973);
#3221=VERTEX_POINT('',#9975);
#3222=VERTEX_POINT('',#9977);
#3223=VERTEX_POINT('',#9979);
#3224=VERTEX_POINT('',#9981);
#3225=VERTEX_POINT('',#9985);
#3226=VERTEX_POINT('',#9987);
#3227=VERTEX_POINT('',#9991);
#3228=VERTEX_POINT('',#9993);
#3229=VERTEX_POINT('',#9997);
#3230=VERTEX_POINT('',#9998);
#3231=VERTEX_POINT('',#10003);
#3232=VERTEX_POINT('',#10004);
#3233=VERTEX_POINT('',#10009);
#3234=VERTEX_POINT('',#10011);
#3235=VERTEX_POINT('',#10015);
#3236=VERTEX_POINT('',#10019);
#3237=VERTEX_POINT('',#10023);
#3238=VERTEX_POINT('',#10027);
#3239=VERTEX_POINT('',#10033);
#3240=VERTEX_POINT('',#10035);
#3241=VERTEX_POINT('',#10039);
#3242=VERTEX_POINT('',#10043);
#3243=VERTEX_POINT('',#10047);
#3244=VERTEX_POINT('',#10051);
#3245=VERTEX_POINT('',#10057);
#3246=VERTEX_POINT('',#10059);
#3247=VERTEX_POINT('',#10063);
#3248=VERTEX_POINT('',#10067);
#3249=VERTEX_POINT('',#10071);
#3250=VERTEX_POINT('',#10075);
#3251=VERTEX_POINT('',#10081);
#3252=VERTEX_POINT('',#10083);
#3253=VERTEX_POINT('',#10087);
#3254=VERTEX_POINT('',#10091);
#3255=VERTEX_POINT('',#10095);
#3256=VERTEX_POINT('',#10099);
#3257=VERTEX_POINT('',#10105);
#3258=VERTEX_POINT('',#10107);
#3259=VERTEX_POINT('',#10111);
#3260=VERTEX_POINT('',#10115);
#3261=VERTEX_POINT('',#10119);
#3262=VERTEX_POINT('',#10123);
#3263=VERTEX_POINT('',#10129);
#3264=VERTEX_POINT('',#10131);
#3265=VERTEX_POINT('',#10135);
#3266=VERTEX_POINT('',#10139);
#3267=VERTEX_POINT('',#10143);
#3268=VERTEX_POINT('',#10147);
#3269=VERTEX_POINT('',#10153);
#3270=VERTEX_POINT('',#10155);
#3271=VERTEX_POINT('',#10159);
#3272=VERTEX_POINT('',#10163);
#3273=VERTEX_POINT('',#10167);
#3274=VERTEX_POINT('',#10171);
#3275=VERTEX_POINT('',#10177);
#3276=VERTEX_POINT('',#10179);
#3277=VERTEX_POINT('',#10183);
#3278=VERTEX_POINT('',#10187);
#3279=VERTEX_POINT('',#10191);
#3280=VERTEX_POINT('',#10195);
#3281=VERTEX_POINT('',#10201);
#3282=VERTEX_POINT('',#10203);
#3283=VERTEX_POINT('',#10207);
#3284=VERTEX_POINT('',#10211);
#3285=VERTEX_POINT('',#10215);
#3286=VERTEX_POINT('',#10219);
#3287=VERTEX_POINT('',#10225);
#3288=VERTEX_POINT('',#10227);
#3289=VERTEX_POINT('',#10231);
#3290=VERTEX_POINT('',#10235);
#3291=VERTEX_POINT('',#10239);
#3292=VERTEX_POINT('',#10243);
#3293=VERTEX_POINT('',#10249);
#3294=VERTEX_POINT('',#10251);
#3295=VERTEX_POINT('',#10255);
#3296=VERTEX_POINT('',#10259);
#3297=VERTEX_POINT('',#10263);
#3298=VERTEX_POINT('',#10267);
#3299=VERTEX_POINT('',#10273);
#3300=VERTEX_POINT('',#10275);
#3301=VERTEX_POINT('',#10279);
#3302=VERTEX_POINT('',#10283);
#3303=VERTEX_POINT('',#10287);
#3304=VERTEX_POINT('',#10291);
#3305=VERTEX_POINT('',#10297);
#3306=VERTEX_POINT('',#10299);
#3307=VERTEX_POINT('',#10303);
#3308=VERTEX_POINT('',#10307);
#3309=VERTEX_POINT('',#10311);
#3310=VERTEX_POINT('',#10315);
#3311=VERTEX_POINT('',#10321);
#3312=VERTEX_POINT('',#10323);
#3313=VERTEX_POINT('',#10327);
#3314=VERTEX_POINT('',#10331);
#3315=VERTEX_POINT('',#10335);
#3316=VERTEX_POINT('',#10339);
#3317=VERTEX_POINT('',#10345);
#3318=VERTEX_POINT('',#10347);
#3319=VERTEX_POINT('',#10351);
#3320=VERTEX_POINT('',#10355);
#3321=VERTEX_POINT('',#10359);
#3322=VERTEX_POINT('',#10363);
#3323=VERTEX_POINT('',#10369);
#3324=VERTEX_POINT('',#10371);
#3325=VERTEX_POINT('',#10375);
#3326=VERTEX_POINT('',#10379);
#3327=VERTEX_POINT('',#10383);
#3328=VERTEX_POINT('',#10387);
#3329=VERTEX_POINT('',#10393);
#3330=VERTEX_POINT('',#10395);
#3331=VERTEX_POINT('',#10399);
#3332=VERTEX_POINT('',#10403);
#3333=VERTEX_POINT('',#10407);
#3334=VERTEX_POINT('',#10411);
#3335=VERTEX_POINT('',#10417);
#3336=VERTEX_POINT('',#10419);
#3337=VERTEX_POINT('',#10423);
#3338=VERTEX_POINT('',#10427);
#3339=VERTEX_POINT('',#10431);
#3340=VERTEX_POINT('',#10435);
#3341=VERTEX_POINT('',#10441);
#3342=VERTEX_POINT('',#10443);
#3343=VERTEX_POINT('',#10447);
#3344=VERTEX_POINT('',#10451);
#3345=VERTEX_POINT('',#10455);
#3346=VERTEX_POINT('',#10459);
#3347=VERTEX_POINT('',#10465);
#3348=VERTEX_POINT('',#10467);
#3349=VERTEX_POINT('',#10471);
#3350=VERTEX_POINT('',#10475);
#3351=VERTEX_POINT('',#10479);
#3352=VERTEX_POINT('',#10483);
#3353=VERTEX_POINT('',#10489);
#3354=VERTEX_POINT('',#10491);
#3355=VERTEX_POINT('',#10495);
#3356=VERTEX_POINT('',#10499);
#3357=VERTEX_POINT('',#10503);
#3358=VERTEX_POINT('',#10507);
#3359=VERTEX_POINT('',#10513);
#3360=VERTEX_POINT('',#10515);
#3361=VERTEX_POINT('',#10519);
#3362=VERTEX_POINT('',#10523);
#3363=VERTEX_POINT('',#10527);
#3364=VERTEX_POINT('',#10531);
#3365=VERTEX_POINT('',#10537);
#3366=VERTEX_POINT('',#10539);
#3367=VERTEX_POINT('',#10543);
#3368=VERTEX_POINT('',#10547);
#3369=VERTEX_POINT('',#10551);
#3370=VERTEX_POINT('',#10555);
#3371=VERTEX_POINT('',#10561);
#3372=VERTEX_POINT('',#10563);
#3373=VERTEX_POINT('',#10567);
#3374=VERTEX_POINT('',#10571);
#3375=VERTEX_POINT('',#10575);
#3376=VERTEX_POINT('',#10579);
#3377=VERTEX_POINT('',#10585);
#3378=VERTEX_POINT('',#10587);
#3379=VERTEX_POINT('',#10591);
#3380=VERTEX_POINT('',#10595);
#3381=VERTEX_POINT('',#10599);
#3382=VERTEX_POINT('',#10603);
#3383=VERTEX_POINT('',#10609);
#3384=VERTEX_POINT('',#10611);
#3385=VERTEX_POINT('',#10615);
#3386=VERTEX_POINT('',#10619);
#3387=VERTEX_POINT('',#10623);
#3388=VERTEX_POINT('',#10627);
#3389=VERTEX_POINT('',#10633);
#3390=VERTEX_POINT('',#10635);
#3391=VERTEX_POINT('',#10639);
#3392=VERTEX_POINT('',#10643);
#3393=VERTEX_POINT('',#10647);
#3394=VERTEX_POINT('',#10651);
#3395=VERTEX_POINT('',#10657);
#3396=VERTEX_POINT('',#10659);
#3397=VERTEX_POINT('',#10663);
#3398=VERTEX_POINT('',#10667);
#3399=VERTEX_POINT('',#10671);
#3400=VERTEX_POINT('',#10675);
#3401=VERTEX_POINT('',#10681);
#3402=VERTEX_POINT('',#10683);
#3403=VERTEX_POINT('',#10687);
#3404=VERTEX_POINT('',#10691);
#3405=VERTEX_POINT('',#10695);
#3406=VERTEX_POINT('',#10699);
#3407=VERTEX_POINT('',#10705);
#3408=VERTEX_POINT('',#10707);
#3409=VERTEX_POINT('',#10711);
#3410=VERTEX_POINT('',#10715);
#3411=VERTEX_POINT('',#10719);
#3412=VERTEX_POINT('',#10723);
#3413=VERTEX_POINT('',#10729);
#3414=VERTEX_POINT('',#10731);
#3415=VERTEX_POINT('',#10735);
#3416=VERTEX_POINT('',#10739);
#3417=VERTEX_POINT('',#10743);
#3418=VERTEX_POINT('',#10747);
#3419=VERTEX_POINT('',#10753);
#3420=VERTEX_POINT('',#10755);
#3421=VERTEX_POINT('',#10759);
#3422=VERTEX_POINT('',#10763);
#3423=VERTEX_POINT('',#10767);
#3424=VERTEX_POINT('',#10771);
#3425=VERTEX_POINT('',#10777);
#3426=VERTEX_POINT('',#10779);
#3427=VERTEX_POINT('',#10783);
#3428=VERTEX_POINT('',#10787);
#3429=VERTEX_POINT('',#10791);
#3430=VERTEX_POINT('',#10795);
#3431=VERTEX_POINT('',#10801);
#3432=VERTEX_POINT('',#10803);
#3433=VERTEX_POINT('',#10807);
#3434=VERTEX_POINT('',#10811);
#3435=VERTEX_POINT('',#10815);
#3436=VERTEX_POINT('',#10819);
#3437=VERTEX_POINT('',#10825);
#3438=VERTEX_POINT('',#10827);
#3439=VERTEX_POINT('',#10831);
#3440=VERTEX_POINT('',#10835);
#3441=VERTEX_POINT('',#10839);
#3442=VERTEX_POINT('',#10843);
#3443=VERTEX_POINT('',#10849);
#3444=VERTEX_POINT('',#10851);
#3445=VERTEX_POINT('',#10855);
#3446=VERTEX_POINT('',#10859);
#3447=VERTEX_POINT('',#10863);
#3448=VERTEX_POINT('',#10867);
#3449=VERTEX_POINT('',#10873);
#3450=VERTEX_POINT('',#10875);
#3451=VERTEX_POINT('',#10879);
#3452=VERTEX_POINT('',#10883);
#3453=VERTEX_POINT('',#10887);
#3454=VERTEX_POINT('',#10891);
#3455=VERTEX_POINT('',#10897);
#3456=VERTEX_POINT('',#10899);
#3457=VERTEX_POINT('',#10903);
#3458=VERTEX_POINT('',#10907);
#3459=VERTEX_POINT('',#10911);
#3460=VERTEX_POINT('',#10915);
#3461=VERTEX_POINT('',#10921);
#3462=VERTEX_POINT('',#10923);
#3463=VERTEX_POINT('',#10927);
#3464=VERTEX_POINT('',#10931);
#3465=VERTEX_POINT('',#10935);
#3466=VERTEX_POINT('',#10939);
#3467=VERTEX_POINT('',#10945);
#3468=VERTEX_POINT('',#10947);
#3469=VERTEX_POINT('',#10951);
#3470=VERTEX_POINT('',#10955);
#3471=VERTEX_POINT('',#10959);
#3472=VERTEX_POINT('',#10963);
#3473=VERTEX_POINT('',#10969);
#3474=VERTEX_POINT('',#10971);
#3475=VERTEX_POINT('',#10975);
#3476=VERTEX_POINT('',#10979);
#3477=VERTEX_POINT('',#10983);
#3478=VERTEX_POINT('',#10987);
#3479=VERTEX_POINT('',#10993);
#3480=VERTEX_POINT('',#10995);
#3481=VERTEX_POINT('',#10999);
#3482=VERTEX_POINT('',#11003);
#3483=VERTEX_POINT('',#11007);
#3484=VERTEX_POINT('',#11011);
#3485=VERTEX_POINT('',#11017);
#3486=VERTEX_POINT('',#11019);
#3487=VERTEX_POINT('',#11023);
#3488=VERTEX_POINT('',#11027);
#3489=VERTEX_POINT('',#11031);
#3490=VERTEX_POINT('',#11035);
#3491=VERTEX_POINT('',#11041);
#3492=VERTEX_POINT('',#11043);
#3493=VERTEX_POINT('',#11047);
#3494=VERTEX_POINT('',#11051);
#3495=VERTEX_POINT('',#11055);
#3496=VERTEX_POINT('',#11059);
#3497=VERTEX_POINT('',#11065);
#3498=VERTEX_POINT('',#11067);
#3499=VERTEX_POINT('',#11071);
#3500=VERTEX_POINT('',#11075);
#3501=VERTEX_POINT('',#11079);
#3502=VERTEX_POINT('',#11083);
#3503=VERTEX_POINT('',#11089);
#3504=VERTEX_POINT('',#11091);
#3505=VERTEX_POINT('',#11095);
#3506=VERTEX_POINT('',#11099);
#3507=VERTEX_POINT('',#11103);
#3508=VERTEX_POINT('',#11107);
#3509=VERTEX_POINT('',#11113);
#3510=VERTEX_POINT('',#11115);
#3511=VERTEX_POINT('',#11119);
#3512=VERTEX_POINT('',#11123);
#3513=VERTEX_POINT('',#11127);
#3514=VERTEX_POINT('',#11131);
#3515=VERTEX_POINT('',#11137);
#3516=VERTEX_POINT('',#11139);
#3517=VERTEX_POINT('',#11143);
#3518=VERTEX_POINT('',#11147);
#3519=VERTEX_POINT('',#11151);
#3520=VERTEX_POINT('',#11155);
#3521=VERTEX_POINT('',#11161);
#3522=VERTEX_POINT('',#11163);
#3523=VERTEX_POINT('',#11168);
#3524=VERTEX_POINT('',#11170);
#3525=VERTEX_POINT('',#11192);
#3526=VERTEX_POINT('',#11214);
#3527=VERTEX_POINT('',#11219);
#3528=VERTEX_POINT('',#11221);
#3529=VERTEX_POINT('',#11225);
#3530=VERTEX_POINT('',#11229);
#3531=VERTEX_POINT('',#11235);
#3532=VERTEX_POINT('',#11239);
#3533=VERTEX_POINT('',#11245);
#3534=VERTEX_POINT('',#11251);
#3535=VERTEX_POINT('',#11255);
#3536=VERTEX_POINT('',#11261);
#3537=VERTEX_POINT('',#11265);
#3538=VERTEX_POINT('',#11269);
#3539=VERTEX_POINT('',#11271);
#3540=VERTEX_POINT('',#11273);
#3541=VERTEX_POINT('',#11275);
#3542=VERTEX_POINT('',#11279);
#3543=VERTEX_POINT('',#11285);
#3544=VERTEX_POINT('',#11291);
#3545=VERTEX_POINT('',#11295);
#3546=VERTEX_POINT('',#11296);
#3547=VERTEX_POINT('',#11305);
#3548=VERTEX_POINT('',#11306);
#3549=VERTEX_POINT('',#11308);
#3550=VERTEX_POINT('',#11310);
#3551=VERTEX_POINT('',#11312);
#3552=VERTEX_POINT('',#11319);
#3553=VERTEX_POINT('',#11321);
#3554=VERTEX_POINT('',#11323);
#3555=VERTEX_POINT('',#11325);
#3556=VERTEX_POINT('',#11334);
#3557=VERTEX_POINT('',#11336);
#3558=VERTEX_POINT('',#11340);
#3559=VERTEX_POINT('',#11344);
#3560=VERTEX_POINT('',#11348);
#3561=VERTEX_POINT('',#11354);
#3562=VERTEX_POINT('',#11355);
#3563=VERTEX_POINT('',#11357);
#3564=VERTEX_POINT('',#11361);
#3565=VERTEX_POINT('',#11366);
#3566=EDGE_CURVE('',#2899,#2900,#929,.T.);
#3567=EDGE_CURVE('',#2901,#2900,#930,.T.);
#3568=EDGE_CURVE('',#2902,#2901,#931,.T.);
#3569=EDGE_CURVE('',#2902,#2899,#932,.T.);
#3570=EDGE_CURVE('',#2903,#2904,#933,.T.);
#3571=EDGE_CURVE('',#2903,#2905,#934,.T.);
#3572=EDGE_CURVE('',#2905,#2906,#935,.T.);
#3573=EDGE_CURVE('',#2907,#2906,#936,.T.);
#3574=EDGE_CURVE('',#2907,#2908,#937,.T.);
#3575=EDGE_CURVE('',#2908,#2909,#938,.T.);
#3576=EDGE_CURVE('',#2904,#2909,#939,.T.);
#3577=EDGE_CURVE('',#2910,#2911,#940,.T.);
#3578=EDGE_CURVE('',#2911,#2912,#941,.T.);
#3579=EDGE_CURVE('',#2912,#2913,#942,.T.);
#3580=EDGE_CURVE('',#2913,#2914,#943,.T.);
#3581=EDGE_CURVE('',#2914,#2915,#944,.T.);
#3582=EDGE_CURVE('',#2915,#2916,#945,.T.);
#3583=EDGE_CURVE('',#2917,#2916,#135,.T.);
#3584=EDGE_CURVE('',#2918,#2917,#946,.T.);
#3585=EDGE_CURVE('',#2918,#2919,#947,.T.);
#3586=EDGE_CURVE('',#2919,#2920,#948,.T.);
#3587=EDGE_CURVE('',#2920,#2921,#949,.T.);
#3588=EDGE_CURVE('',#2922,#2921,#950,.T.);
#3589=EDGE_CURVE('',#2922,#2905,#951,.T.);
#3590=EDGE_CURVE('',#2923,#2903,#136,.T.);
#3591=EDGE_CURVE('',#2923,#2924,#952,.T.);
#3592=EDGE_CURVE('',#2924,#2925,#953,.T.);
#3593=EDGE_CURVE('',#2925,#2926,#954,.T.);
#3594=EDGE_CURVE('',#2926,#2927,#955,.T.);
#3595=EDGE_CURVE('',#2927,#2928,#956,.T.);
#3596=EDGE_CURVE('',#2928,#2900,#957,.T.);
#3597=EDGE_CURVE('',#2929,#2899,#958,.T.);
#3598=EDGE_CURVE('',#2929,#2930,#959,.T.);
#3599=EDGE_CURVE('',#2930,#2910,#960,.T.);
#3600=EDGE_CURVE('',#2931,#2932,#961,.T.);
#3601=EDGE_CURVE('',#2932,#2933,#962,.T.);
#3602=EDGE_CURVE('',#2933,#2934,#963,.T.);
#3603=EDGE_CURVE('',#2934,#2935,#964,.T.);
#3604=EDGE_CURVE('',#2935,#2936,#965,.T.);
#3605=EDGE_CURVE('',#2936,#2931,#966,.T.);
#3606=EDGE_CURVE('',#2937,#2938,#967,.T.);
#3607=EDGE_CURVE('',#2938,#2939,#968,.T.);
#3608=EDGE_CURVE('',#2939,#2940,#969,.T.);
#3609=EDGE_CURVE('',#2940,#2941,#970,.T.);
#3610=EDGE_CURVE('',#2941,#2942,#971,.T.);
#3611=EDGE_CURVE('',#2942,#2937,#972,.T.);
#3612=EDGE_CURVE('',#2943,#2944,#973,.T.);
#3613=EDGE_CURVE('',#2944,#2945,#974,.T.);
#3614=EDGE_CURVE('',#2945,#2946,#975,.T.);
#3615=EDGE_CURVE('',#2946,#2947,#976,.T.);
#3616=EDGE_CURVE('',#2947,#2948,#977,.T.);
#3617=EDGE_CURVE('',#2948,#2943,#978,.T.);
#3618=EDGE_CURVE('',#2949,#2950,#979,.T.);
#3619=EDGE_CURVE('',#2950,#2951,#980,.T.);
#3620=EDGE_CURVE('',#2951,#2952,#981,.T.);
#3621=EDGE_CURVE('',#2952,#2953,#982,.T.);
#3622=EDGE_CURVE('',#2953,#2954,#983,.T.);
#3623=EDGE_CURVE('',#2954,#2949,#984,.T.);
#3624=EDGE_CURVE('',#2955,#2956,#985,.T.);
#3625=EDGE_CURVE('',#2956,#2957,#986,.T.);
#3626=EDGE_CURVE('',#2957,#2958,#987,.T.);
#3627=EDGE_CURVE('',#2958,#2959,#988,.T.);
#3628=EDGE_CURVE('',#2959,#2960,#989,.T.);
#3629=EDGE_CURVE('',#2960,#2955,#990,.T.);
#3630=EDGE_CURVE('',#2961,#2962,#991,.T.);
#3631=EDGE_CURVE('',#2962,#2963,#992,.T.);
#3632=EDGE_CURVE('',#2963,#2964,#993,.T.);
#3633=EDGE_CURVE('',#2964,#2965,#994,.T.);
#3634=EDGE_CURVE('',#2965,#2966,#995,.T.);
#3635=EDGE_CURVE('',#2966,#2961,#996,.T.);
#3636=EDGE_CURVE('',#2967,#2968,#997,.T.);
#3637=EDGE_CURVE('',#2968,#2969,#998,.T.);
#3638=EDGE_CURVE('',#2969,#2970,#999,.T.);
#3639=EDGE_CURVE('',#2970,#2971,#1000,.T.);
#3640=EDGE_CURVE('',#2971,#2972,#1001,.T.);
#3641=EDGE_CURVE('',#2972,#2967,#1002,.T.);
#3642=EDGE_CURVE('',#2973,#2974,#1003,.T.);
#3643=EDGE_CURVE('',#2974,#2975,#1004,.T.);
#3644=EDGE_CURVE('',#2975,#2976,#1005,.T.);
#3645=EDGE_CURVE('',#2976,#2977,#1006,.T.);
#3646=EDGE_CURVE('',#2977,#2978,#1007,.T.);
#3647=EDGE_CURVE('',#2978,#2973,#1008,.T.);
#3648=EDGE_CURVE('',#2979,#2980,#1009,.T.);
#3649=EDGE_CURVE('',#2980,#2981,#1010,.T.);
#3650=EDGE_CURVE('',#2981,#2982,#1011,.T.);
#3651=EDGE_CURVE('',#2982,#2983,#1012,.T.);
#3652=EDGE_CURVE('',#2983,#2984,#1013,.T.);
#3653=EDGE_CURVE('',#2984,#2979,#1014,.T.);
#3654=EDGE_CURVE('',#2985,#2986,#1015,.T.);
#3655=EDGE_CURVE('',#2986,#2987,#1016,.T.);
#3656=EDGE_CURVE('',#2987,#2988,#1017,.T.);
#3657=EDGE_CURVE('',#2988,#2989,#1018,.T.);
#3658=EDGE_CURVE('',#2989,#2990,#1019,.T.);
#3659=EDGE_CURVE('',#2990,#2985,#1020,.T.);
#3660=EDGE_CURVE('',#2991,#2992,#1021,.T.);
#3661=EDGE_CURVE('',#2992,#2993,#1022,.T.);
#3662=EDGE_CURVE('',#2993,#2994,#1023,.T.);
#3663=EDGE_CURVE('',#2994,#2995,#1024,.T.);
#3664=EDGE_CURVE('',#2995,#2996,#1025,.T.);
#3665=EDGE_CURVE('',#2996,#2991,#1026,.T.);
#3666=EDGE_CURVE('',#2997,#2998,#1027,.T.);
#3667=EDGE_CURVE('',#2998,#2999,#1028,.T.);
#3668=EDGE_CURVE('',#2999,#3000,#1029,.T.);
#3669=EDGE_CURVE('',#3000,#3001,#1030,.T.);
#3670=EDGE_CURVE('',#3001,#3002,#1031,.T.);
#3671=EDGE_CURVE('',#3002,#2997,#1032,.T.);
#3672=EDGE_CURVE('',#3003,#3004,#1033,.T.);
#3673=EDGE_CURVE('',#3004,#3005,#1034,.T.);
#3674=EDGE_CURVE('',#3005,#3006,#1035,.T.);
#3675=EDGE_CURVE('',#3006,#3007,#1036,.T.);
#3676=EDGE_CURVE('',#3007,#3008,#1037,.T.);
#3677=EDGE_CURVE('',#3008,#3003,#1038,.T.);
#3678=EDGE_CURVE('',#3009,#3010,#1039,.T.);
#3679=EDGE_CURVE('',#3010,#3011,#1040,.T.);
#3680=EDGE_CURVE('',#3011,#3012,#1041,.T.);
#3681=EDGE_CURVE('',#3012,#3013,#1042,.T.);
#3682=EDGE_CURVE('',#3013,#3014,#1043,.T.);
#3683=EDGE_CURVE('',#3014,#3009,#1044,.T.);
#3684=EDGE_CURVE('',#3015,#3016,#1045,.T.);
#3685=EDGE_CURVE('',#3016,#3017,#1046,.T.);
#3686=EDGE_CURVE('',#3017,#3018,#1047,.T.);
#3687=EDGE_CURVE('',#3018,#3019,#1048,.T.);
#3688=EDGE_CURVE('',#3019,#3020,#1049,.T.);
#3689=EDGE_CURVE('',#3020,#3015,#1050,.T.);
#3690=EDGE_CURVE('',#3021,#3022,#1051,.T.);
#3691=EDGE_CURVE('',#3022,#3023,#1052,.T.);
#3692=EDGE_CURVE('',#3023,#3024,#1053,.T.);
#3693=EDGE_CURVE('',#3024,#3025,#1054,.T.);
#3694=EDGE_CURVE('',#3025,#3026,#1055,.T.);
#3695=EDGE_CURVE('',#3026,#3021,#1056,.T.);
#3696=EDGE_CURVE('',#3027,#3028,#1057,.T.);
#3697=EDGE_CURVE('',#3028,#3029,#1058,.T.);
#3698=EDGE_CURVE('',#3029,#3030,#1059,.T.);
#3699=EDGE_CURVE('',#3030,#3031,#1060,.T.);
#3700=EDGE_CURVE('',#3031,#3032,#1061,.T.);
#3701=EDGE_CURVE('',#3032,#3027,#1062,.T.);
#3702=EDGE_CURVE('',#3033,#3034,#1063,.T.);
#3703=EDGE_CURVE('',#3034,#3035,#1064,.T.);
#3704=EDGE_CURVE('',#3035,#3036,#1065,.T.);
#3705=EDGE_CURVE('',#3036,#3037,#1066,.T.);
#3706=EDGE_CURVE('',#3037,#3038,#1067,.T.);
#3707=EDGE_CURVE('',#3038,#3033,#1068,.T.);
#3708=EDGE_CURVE('',#3039,#3040,#1069,.T.);
#3709=EDGE_CURVE('',#3040,#3041,#1070,.T.);
#3710=EDGE_CURVE('',#3041,#3042,#1071,.T.);
#3711=EDGE_CURVE('',#3042,#3043,#1072,.T.);
#3712=EDGE_CURVE('',#3043,#3044,#1073,.T.);
#3713=EDGE_CURVE('',#3044,#3039,#1074,.T.);
#3714=EDGE_CURVE('',#3045,#3046,#1075,.T.);
#3715=EDGE_CURVE('',#3046,#3047,#1076,.T.);
#3716=EDGE_CURVE('',#3047,#3048,#1077,.T.);
#3717=EDGE_CURVE('',#3048,#3049,#1078,.T.);
#3718=EDGE_CURVE('',#3049,#3050,#1079,.T.);
#3719=EDGE_CURVE('',#3050,#3045,#1080,.T.);
#3720=EDGE_CURVE('',#3051,#3052,#1081,.T.);
#3721=EDGE_CURVE('',#3052,#3053,#1082,.T.);
#3722=EDGE_CURVE('',#3053,#3054,#1083,.T.);
#3723=EDGE_CURVE('',#3054,#3055,#1084,.T.);
#3724=EDGE_CURVE('',#3055,#3056,#1085,.T.);
#3725=EDGE_CURVE('',#3056,#3051,#1086,.T.);
#3726=EDGE_CURVE('',#3057,#3058,#1087,.T.);
#3727=EDGE_CURVE('',#3058,#3059,#1088,.T.);
#3728=EDGE_CURVE('',#3059,#3060,#1089,.T.);
#3729=EDGE_CURVE('',#3060,#3061,#1090,.T.);
#3730=EDGE_CURVE('',#3061,#3062,#1091,.T.);
#3731=EDGE_CURVE('',#3062,#3057,#1092,.T.);
#3732=EDGE_CURVE('',#3063,#3064,#1093,.T.);
#3733=EDGE_CURVE('',#3064,#3065,#1094,.T.);
#3734=EDGE_CURVE('',#3065,#3066,#1095,.T.);
#3735=EDGE_CURVE('',#3066,#3067,#1096,.T.);
#3736=EDGE_CURVE('',#3067,#3068,#1097,.T.);
#3737=EDGE_CURVE('',#3068,#3063,#1098,.T.);
#3738=EDGE_CURVE('',#3069,#3070,#1099,.T.);
#3739=EDGE_CURVE('',#3070,#3071,#1100,.T.);
#3740=EDGE_CURVE('',#3071,#3072,#1101,.T.);
#3741=EDGE_CURVE('',#3072,#3073,#1102,.T.);
#3742=EDGE_CURVE('',#3073,#3074,#1103,.T.);
#3743=EDGE_CURVE('',#3074,#3069,#1104,.T.);
#3744=EDGE_CURVE('',#3075,#3076,#1105,.T.);
#3745=EDGE_CURVE('',#3076,#3077,#1106,.T.);
#3746=EDGE_CURVE('',#3077,#3078,#1107,.T.);
#3747=EDGE_CURVE('',#3078,#3079,#1108,.T.);
#3748=EDGE_CURVE('',#3079,#3080,#1109,.T.);
#3749=EDGE_CURVE('',#3080,#3075,#1110,.T.);
#3750=EDGE_CURVE('',#3081,#3082,#1111,.T.);
#3751=EDGE_CURVE('',#3082,#3083,#1112,.T.);
#3752=EDGE_CURVE('',#3083,#3084,#1113,.T.);
#3753=EDGE_CURVE('',#3084,#3085,#1114,.T.);
#3754=EDGE_CURVE('',#3085,#3086,#1115,.T.);
#3755=EDGE_CURVE('',#3086,#3081,#1116,.T.);
#3756=EDGE_CURVE('',#3087,#3088,#1117,.T.);
#3757=EDGE_CURVE('',#3088,#3089,#1118,.T.);
#3758=EDGE_CURVE('',#3089,#3090,#1119,.T.);
#3759=EDGE_CURVE('',#3090,#3091,#1120,.T.);
#3760=EDGE_CURVE('',#3091,#3092,#1121,.T.);
#3761=EDGE_CURVE('',#3092,#3087,#1122,.T.);
#3762=EDGE_CURVE('',#3093,#3094,#1123,.T.);
#3763=EDGE_CURVE('',#3094,#3095,#1124,.T.);
#3764=EDGE_CURVE('',#3095,#3096,#1125,.T.);
#3765=EDGE_CURVE('',#3096,#3097,#1126,.T.);
#3766=EDGE_CURVE('',#3097,#3098,#1127,.T.);
#3767=EDGE_CURVE('',#3098,#3093,#1128,.T.);
#3768=EDGE_CURVE('',#3099,#3100,#1129,.T.);
#3769=EDGE_CURVE('',#3100,#3101,#1130,.T.);
#3770=EDGE_CURVE('',#3101,#3102,#1131,.T.);
#3771=EDGE_CURVE('',#3102,#3103,#1132,.T.);
#3772=EDGE_CURVE('',#3103,#3104,#1133,.T.);
#3773=EDGE_CURVE('',#3104,#3099,#1134,.T.);
#3774=EDGE_CURVE('',#3105,#3106,#1135,.T.);
#3775=EDGE_CURVE('',#3106,#3107,#1136,.T.);
#3776=EDGE_CURVE('',#3107,#3108,#1137,.T.);
#3777=EDGE_CURVE('',#3108,#3109,#1138,.T.);
#3778=EDGE_CURVE('',#3109,#3110,#1139,.T.);
#3779=EDGE_CURVE('',#3110,#3105,#1140,.T.);
#3780=EDGE_CURVE('',#3111,#3112,#1141,.T.);
#3781=EDGE_CURVE('',#3112,#3113,#1142,.T.);
#3782=EDGE_CURVE('',#3113,#3114,#1143,.T.);
#3783=EDGE_CURVE('',#3114,#3115,#1144,.T.);
#3784=EDGE_CURVE('',#3115,#3116,#1145,.T.);
#3785=EDGE_CURVE('',#3116,#3111,#1146,.T.);
#3786=EDGE_CURVE('',#3117,#3118,#1147,.T.);
#3787=EDGE_CURVE('',#3118,#3119,#1148,.T.);
#3788=EDGE_CURVE('',#3119,#3120,#1149,.T.);
#3789=EDGE_CURVE('',#3120,#3121,#1150,.T.);
#3790=EDGE_CURVE('',#3121,#3122,#1151,.T.);
#3791=EDGE_CURVE('',#3122,#3117,#1152,.T.);
#3792=EDGE_CURVE('',#3123,#3124,#1153,.T.);
#3793=EDGE_CURVE('',#3124,#3125,#1154,.T.);
#3794=EDGE_CURVE('',#3125,#3126,#1155,.T.);
#3795=EDGE_CURVE('',#3126,#3127,#1156,.T.);
#3796=EDGE_CURVE('',#3127,#3128,#1157,.T.);
#3797=EDGE_CURVE('',#3128,#3123,#1158,.T.);
#3798=EDGE_CURVE('',#3129,#3130,#1159,.T.);
#3799=EDGE_CURVE('',#3130,#3131,#1160,.T.);
#3800=EDGE_CURVE('',#3131,#3132,#1161,.T.);
#3801=EDGE_CURVE('',#3132,#3133,#1162,.T.);
#3802=EDGE_CURVE('',#3133,#3134,#1163,.T.);
#3803=EDGE_CURVE('',#3134,#3129,#1164,.T.);
#3804=EDGE_CURVE('',#3135,#3136,#1165,.T.);
#3805=EDGE_CURVE('',#3136,#3137,#1166,.T.);
#3806=EDGE_CURVE('',#3137,#3138,#1167,.T.);
#3807=EDGE_CURVE('',#3138,#3139,#1168,.T.);
#3808=EDGE_CURVE('',#3139,#3140,#1169,.T.);
#3809=EDGE_CURVE('',#3140,#3135,#1170,.T.);
#3810=EDGE_CURVE('',#3141,#3142,#1171,.T.);
#3811=EDGE_CURVE('',#3142,#3143,#1172,.T.);
#3812=EDGE_CURVE('',#3143,#3144,#1173,.T.);
#3813=EDGE_CURVE('',#3144,#3145,#1174,.T.);
#3814=EDGE_CURVE('',#3145,#3146,#1175,.T.);
#3815=EDGE_CURVE('',#3146,#3141,#1176,.T.);
#3816=EDGE_CURVE('',#3147,#3148,#1177,.T.);
#3817=EDGE_CURVE('',#3148,#3149,#1178,.T.);
#3818=EDGE_CURVE('',#3149,#3150,#1179,.T.);
#3819=EDGE_CURVE('',#3150,#3151,#1180,.T.);
#3820=EDGE_CURVE('',#3151,#3152,#1181,.T.);
#3821=EDGE_CURVE('',#3152,#3147,#1182,.T.);
#3822=EDGE_CURVE('',#3153,#3154,#1183,.T.);
#3823=EDGE_CURVE('',#3154,#3155,#1184,.T.);
#3824=EDGE_CURVE('',#3155,#3156,#1185,.T.);
#3825=EDGE_CURVE('',#3156,#3157,#1186,.T.);
#3826=EDGE_CURVE('',#3157,#3158,#1187,.T.);
#3827=EDGE_CURVE('',#3158,#3153,#1188,.T.);
#3828=EDGE_CURVE('',#3159,#3160,#1189,.T.);
#3829=EDGE_CURVE('',#3160,#3161,#1190,.T.);
#3830=EDGE_CURVE('',#3161,#3162,#1191,.T.);
#3831=EDGE_CURVE('',#3162,#3163,#1192,.T.);
#3832=EDGE_CURVE('',#3163,#3164,#1193,.T.);
#3833=EDGE_CURVE('',#3164,#3159,#1194,.T.);
#3834=EDGE_CURVE('',#3165,#3166,#1195,.T.);
#3835=EDGE_CURVE('',#3166,#3167,#1196,.T.);
#3836=EDGE_CURVE('',#3167,#3168,#1197,.T.);
#3837=EDGE_CURVE('',#3168,#3169,#1198,.T.);
#3838=EDGE_CURVE('',#3169,#3170,#1199,.T.);
#3839=EDGE_CURVE('',#3170,#3165,#1200,.T.);
#3840=EDGE_CURVE('',#3171,#3171,#137,.T.);
#3841=EDGE_CURVE('',#3172,#3172,#138,.T.);
#3842=EDGE_CURVE('',#3173,#3174,#1201,.T.);
#3843=EDGE_CURVE('',#3174,#3175,#1202,.T.);
#3844=EDGE_CURVE('',#3175,#3176,#1203,.T.);
#3845=EDGE_CURVE('',#3176,#3173,#1204,.T.);
#3846=EDGE_CURVE('',#3177,#3178,#1205,.T.);
#3847=EDGE_CURVE('',#3178,#3179,#1206,.T.);
#3848=EDGE_CURVE('',#3179,#3180,#1207,.T.);
#3849=EDGE_CURVE('',#3180,#3181,#1208,.T.);
#3850=EDGE_CURVE('',#3181,#3182,#1209,.T.);
#3851=EDGE_CURVE('',#3182,#3177,#1210,.T.);
#3852=EDGE_CURVE('',#3183,#3184,#1211,.T.);
#3853=EDGE_CURVE('',#3184,#3185,#1212,.T.);
#3854=EDGE_CURVE('',#3185,#3186,#1213,.T.);
#3855=EDGE_CURVE('',#3186,#3187,#1214,.T.);
#3856=EDGE_CURVE('',#3187,#3188,#1215,.T.);
#3857=EDGE_CURVE('',#3188,#3183,#1216,.T.);
#3858=EDGE_CURVE('',#3189,#3190,#1217,.T.);
#3859=EDGE_CURVE('',#3190,#3191,#1218,.T.);
#3860=EDGE_CURVE('',#3191,#3192,#1219,.T.);
#3861=EDGE_CURVE('',#3192,#3193,#1220,.T.);
#3862=EDGE_CURVE('',#3193,#3194,#1221,.T.);
#3863=EDGE_CURVE('',#3194,#3189,#1222,.T.);
#3864=EDGE_CURVE('',#3195,#3196,#1223,.T.);
#3865=EDGE_CURVE('',#3196,#3197,#1224,.T.);
#3866=EDGE_CURVE('',#3197,#3198,#1225,.T.);
#3867=EDGE_CURVE('',#3198,#3199,#1226,.T.);
#3868=EDGE_CURVE('',#3199,#3200,#1227,.T.);
#3869=EDGE_CURVE('',#3200,#3195,#1228,.T.);
#3870=EDGE_CURVE('',#3201,#3202,#1229,.T.);
#3871=EDGE_CURVE('',#3202,#3203,#1230,.T.);
#3872=EDGE_CURVE('',#3203,#3204,#1231,.T.);
#3873=EDGE_CURVE('',#3204,#3205,#1232,.T.);
#3874=EDGE_CURVE('',#3205,#3206,#1233,.T.);
#3875=EDGE_CURVE('',#3206,#3201,#1234,.T.);
#3876=EDGE_CURVE('',#3207,#3208,#1235,.T.);
#3877=EDGE_CURVE('',#3208,#3209,#1236,.T.);
#3878=EDGE_CURVE('',#3209,#3210,#1237,.T.);
#3879=EDGE_CURVE('',#3210,#3211,#1238,.T.);
#3880=EDGE_CURVE('',#3211,#3212,#1239,.T.);
#3881=EDGE_CURVE('',#3212,#3207,#1240,.T.);
#3882=EDGE_CURVE('',#3213,#3214,#1241,.T.);
#3883=EDGE_CURVE('',#3214,#3215,#1242,.T.);
#3884=EDGE_CURVE('',#3215,#3216,#1243,.T.);
#3885=EDGE_CURVE('',#3216,#3217,#1244,.T.);
#3886=EDGE_CURVE('',#3217,#3218,#1245,.T.);
#3887=EDGE_CURVE('',#3218,#3213,#1246,.T.);
#3888=EDGE_CURVE('',#3219,#3220,#1247,.T.);
#3889=EDGE_CURVE('',#3220,#3221,#1248,.T.);
#3890=EDGE_CURVE('',#3221,#3222,#1249,.T.);
#3891=EDGE_CURVE('',#3222,#3223,#1250,.T.);
#3892=EDGE_CURVE('',#3223,#3224,#1251,.T.);
#3893=EDGE_CURVE('',#3224,#3219,#1252,.T.);
#3894=EDGE_CURVE('',#3225,#2912,#1253,.T.);
#3895=EDGE_CURVE('',#3226,#2911,#1254,.T.);
#3896=EDGE_CURVE('',#3226,#3225,#1255,.T.);
#3897=EDGE_CURVE('',#3227,#2927,#1256,.T.);
#3898=EDGE_CURVE('',#3228,#2926,#1257,.T.);
#3899=EDGE_CURVE('',#3228,#3227,#1258,.T.);
#3900=EDGE_CURVE('',#3229,#3230,#1259,.T.);
#3901=EDGE_CURVE('',#3230,#3227,#1260,.T.);
#3902=EDGE_CURVE('',#3229,#3228,#1261,.T.);
#3903=EDGE_CURVE('',#3231,#3232,#1262,.T.);
#3904=EDGE_CURVE('',#3232,#3225,#1263,.T.);
#3905=EDGE_CURVE('',#3231,#3226,#1264,.T.);
#3906=EDGE_CURVE('',#3233,#3222,#1265,.T.);
#3907=EDGE_CURVE('',#3234,#3233,#1266,.T.);
#3908=EDGE_CURVE('',#3234,#3223,#1267,.T.);
#3909=EDGE_CURVE('',#3235,#3234,#1268,.T.);
#3910=EDGE_CURVE('',#3235,#3224,#1269,.T.);
#3911=EDGE_CURVE('',#3236,#3235,#1270,.T.);
#3912=EDGE_CURVE('',#3236,#3219,#1271,.T.);
#3913=EDGE_CURVE('',#3237,#3236,#1272,.T.);
#3914=EDGE_CURVE('',#3237,#3220,#1273,.T.);
#3915=EDGE_CURVE('',#3238,#3237,#1274,.T.);
#3916=EDGE_CURVE('',#3238,#3221,#1275,.T.);
#3917=EDGE_CURVE('',#3233,#3238,#1276,.T.);
#3918=EDGE_CURVE('',#3239,#3216,#1277,.T.);
#3919=EDGE_CURVE('',#3240,#3239,#1278,.T.);
#3920=EDGE_CURVE('',#3240,#3217,#1279,.T.);
#3921=EDGE_CURVE('',#3241,#3240,#1280,.T.);
#3922=EDGE_CURVE('',#3241,#3218,#1281,.T.);
#3923=EDGE_CURVE('',#3242,#3241,#1282,.T.);
#3924=EDGE_CURVE('',#3242,#3213,#1283,.T.);
#3925=EDGE_CURVE('',#3243,#3242,#1284,.T.);
#3926=EDGE_CURVE('',#3243,#3214,#1285,.T.);
#3927=EDGE_CURVE('',#3244,#3243,#1286,.T.);
#3928=EDGE_CURVE('',#3244,#3215,#1287,.T.);
#3929=EDGE_CURVE('',#3239,#3244,#1288,.T.);
#3930=EDGE_CURVE('',#3245,#3210,#1289,.T.);
#3931=EDGE_CURVE('',#3246,#3245,#1290,.T.);
#3932=EDGE_CURVE('',#3246,#3211,#1291,.T.);
#3933=EDGE_CURVE('',#3247,#3246,#1292,.T.);
#3934=EDGE_CURVE('',#3247,#3212,#1293,.T.);
#3935=EDGE_CURVE('',#3248,#3247,#1294,.T.);
#3936=EDGE_CURVE('',#3248,#3207,#1295,.T.);
#3937=EDGE_CURVE('',#3249,#3248,#1296,.T.);
#3938=EDGE_CURVE('',#3249,#3208,#1297,.T.);
#3939=EDGE_CURVE('',#3250,#3249,#1298,.T.);
#3940=EDGE_CURVE('',#3250,#3209,#1299,.T.);
#3941=EDGE_CURVE('',#3245,#3250,#1300,.T.);
#3942=EDGE_CURVE('',#3251,#3204,#1301,.T.);
#3943=EDGE_CURVE('',#3252,#3251,#1302,.T.);
#3944=EDGE_CURVE('',#3252,#3205,#1303,.T.);
#3945=EDGE_CURVE('',#3253,#3252,#1304,.T.);
#3946=EDGE_CURVE('',#3253,#3206,#1305,.T.);
#3947=EDGE_CURVE('',#3254,#3253,#1306,.T.);
#3948=EDGE_CURVE('',#3254,#3201,#1307,.T.);
#3949=EDGE_CURVE('',#3255,#3254,#1308,.T.);
#3950=EDGE_CURVE('',#3255,#3202,#1309,.T.);
#3951=EDGE_CURVE('',#3256,#3255,#1310,.T.);
#3952=EDGE_CURVE('',#3256,#3203,#1311,.T.);
#3953=EDGE_CURVE('',#3251,#3256,#1312,.T.);
#3954=EDGE_CURVE('',#3257,#3198,#1313,.T.);
#3955=EDGE_CURVE('',#3258,#3257,#1314,.T.);
#3956=EDGE_CURVE('',#3258,#3199,#1315,.T.);
#3957=EDGE_CURVE('',#3259,#3258,#1316,.T.);
#3958=EDGE_CURVE('',#3259,#3200,#1317,.T.);
#3959=EDGE_CURVE('',#3260,#3259,#1318,.T.);
#3960=EDGE_CURVE('',#3260,#3195,#1319,.T.);
#3961=EDGE_CURVE('',#3261,#3260,#1320,.T.);
#3962=EDGE_CURVE('',#3261,#3196,#1321,.T.);
#3963=EDGE_CURVE('',#3262,#3261,#1322,.T.);
#3964=EDGE_CURVE('',#3262,#3197,#1323,.T.);
#3965=EDGE_CURVE('',#3257,#3262,#1324,.T.);
#3966=EDGE_CURVE('',#3263,#3192,#1325,.T.);
#3967=EDGE_CURVE('',#3264,#3263,#1326,.T.);
#3968=EDGE_CURVE('',#3264,#3193,#1327,.T.);
#3969=EDGE_CURVE('',#3265,#3264,#1328,.T.);
#3970=EDGE_CURVE('',#3265,#3194,#1329,.T.);
#3971=EDGE_CURVE('',#3266,#3265,#1330,.T.);
#3972=EDGE_CURVE('',#3266,#3189,#1331,.T.);
#3973=EDGE_CURVE('',#3267,#3266,#1332,.T.);
#3974=EDGE_CURVE('',#3267,#3190,#1333,.T.);
#3975=EDGE_CURVE('',#3268,#3267,#1334,.T.);
#3976=EDGE_CURVE('',#3268,#3191,#1335,.T.);
#3977=EDGE_CURVE('',#3263,#3268,#1336,.T.);
#3978=EDGE_CURVE('',#3269,#3186,#1337,.T.);
#3979=EDGE_CURVE('',#3270,#3269,#1338,.T.);
#3980=EDGE_CURVE('',#3270,#3187,#1339,.T.);
#3981=EDGE_CURVE('',#3271,#3270,#1340,.T.);
#3982=EDGE_CURVE('',#3271,#3188,#1341,.T.);
#3983=EDGE_CURVE('',#3272,#3271,#1342,.T.);
#3984=EDGE_CURVE('',#3272,#3183,#1343,.T.);
#3985=EDGE_CURVE('',#3273,#3272,#1344,.T.);
#3986=EDGE_CURVE('',#3273,#3184,#1345,.T.);
#3987=EDGE_CURVE('',#3274,#3273,#1346,.T.);
#3988=EDGE_CURVE('',#3274,#3185,#1347,.T.);
#3989=EDGE_CURVE('',#3269,#3274,#1348,.T.);
#3990=EDGE_CURVE('',#3275,#3180,#1349,.T.);
#3991=EDGE_CURVE('',#3276,#3275,#1350,.T.);
#3992=EDGE_CURVE('',#3276,#3181,#1351,.T.);
#3993=EDGE_CURVE('',#3277,#3276,#1352,.T.);
#3994=EDGE_CURVE('',#3277,#3182,#1353,.T.);
#3995=EDGE_CURVE('',#3278,#3277,#1354,.T.);
#3996=EDGE_CURVE('',#3278,#3177,#1355,.T.);
#3997=EDGE_CURVE('',#3279,#3278,#1356,.T.);
#3998=EDGE_CURVE('',#3279,#3178,#1357,.T.);
#3999=EDGE_CURVE('',#3280,#3279,#1358,.T.);
#4000=EDGE_CURVE('',#3280,#3179,#1359,.T.);
#4001=EDGE_CURVE('',#3275,#3280,#1360,.T.);
#4002=EDGE_CURVE('',#3281,#2934,#1361,.T.);
#4003=EDGE_CURVE('',#3282,#3281,#1362,.T.);
#4004=EDGE_CURVE('',#3282,#2935,#1363,.T.);
#4005=EDGE_CURVE('',#3283,#3282,#1364,.T.);
#4006=EDGE_CURVE('',#3283,#2936,#1365,.T.);
#4007=EDGE_CURVE('',#3284,#3283,#1366,.T.);
#4008=EDGE_CURVE('',#3284,#2931,#1367,.T.);
#4009=EDGE_CURVE('',#3285,#3284,#1368,.T.);
#4010=EDGE_CURVE('',#3285,#2932,#1369,.T.);
#4011=EDGE_CURVE('',#3286,#3285,#1370,.T.);
#4012=EDGE_CURVE('',#3286,#2933,#1371,.T.);
#4013=EDGE_CURVE('',#3281,#3286,#1372,.T.);
#4014=EDGE_CURVE('',#3287,#2940,#1373,.T.);
#4015=EDGE_CURVE('',#3288,#3287,#1374,.T.);
#4016=EDGE_CURVE('',#3288,#2941,#1375,.T.);
#4017=EDGE_CURVE('',#3289,#3288,#1376,.T.);
#4018=EDGE_CURVE('',#3289,#2942,#1377,.T.);
#4019=EDGE_CURVE('',#3290,#3289,#1378,.T.);
#4020=EDGE_CURVE('',#3290,#2937,#1379,.T.);
#4021=EDGE_CURVE('',#3291,#3290,#1380,.T.);
#4022=EDGE_CURVE('',#3291,#2938,#1381,.T.);
#4023=EDGE_CURVE('',#3292,#3291,#1382,.T.);
#4024=EDGE_CURVE('',#3292,#2939,#1383,.T.);
#4025=EDGE_CURVE('',#3287,#3292,#1384,.T.);
#4026=EDGE_CURVE('',#3293,#2946,#1385,.T.);
#4027=EDGE_CURVE('',#3294,#3293,#1386,.T.);
#4028=EDGE_CURVE('',#3294,#2947,#1387,.T.);
#4029=EDGE_CURVE('',#3295,#3294,#1388,.T.);
#4030=EDGE_CURVE('',#3295,#2948,#1389,.T.);
#4031=EDGE_CURVE('',#3296,#3295,#1390,.T.);
#4032=EDGE_CURVE('',#3296,#2943,#1391,.T.);
#4033=EDGE_CURVE('',#3297,#3296,#1392,.T.);
#4034=EDGE_CURVE('',#3297,#2944,#1393,.T.);
#4035=EDGE_CURVE('',#3298,#3297,#1394,.T.);
#4036=EDGE_CURVE('',#3298,#2945,#1395,.T.);
#4037=EDGE_CURVE('',#3293,#3298,#1396,.T.);
#4038=EDGE_CURVE('',#3299,#2952,#1397,.T.);
#4039=EDGE_CURVE('',#3300,#3299,#1398,.T.);
#4040=EDGE_CURVE('',#3300,#2953,#1399,.T.);
#4041=EDGE_CURVE('',#3301,#3300,#1400,.T.);
#4042=EDGE_CURVE('',#3301,#2954,#1401,.T.);
#4043=EDGE_CURVE('',#3302,#3301,#1402,.T.);
#4044=EDGE_CURVE('',#3302,#2949,#1403,.T.);
#4045=EDGE_CURVE('',#3303,#3302,#1404,.T.);
#4046=EDGE_CURVE('',#3303,#2950,#1405,.T.);
#4047=EDGE_CURVE('',#3304,#3303,#1406,.T.);
#4048=EDGE_CURVE('',#3304,#2951,#1407,.T.);
#4049=EDGE_CURVE('',#3299,#3304,#1408,.T.);
#4050=EDGE_CURVE('',#3305,#2958,#1409,.T.);
#4051=EDGE_CURVE('',#3306,#3305,#1410,.T.);
#4052=EDGE_CURVE('',#3306,#2959,#1411,.T.);
#4053=EDGE_CURVE('',#3307,#3306,#1412,.T.);
#4054=EDGE_CURVE('',#3307,#2960,#1413,.T.);
#4055=EDGE_CURVE('',#3308,#3307,#1414,.T.);
#4056=EDGE_CURVE('',#3308,#2955,#1415,.T.);
#4057=EDGE_CURVE('',#3309,#3308,#1416,.T.);
#4058=EDGE_CURVE('',#3309,#2956,#1417,.T.);
#4059=EDGE_CURVE('',#3310,#3309,#1418,.T.);
#4060=EDGE_CURVE('',#3310,#2957,#1419,.T.);
#4061=EDGE_CURVE('',#3305,#3310,#1420,.T.);
#4062=EDGE_CURVE('',#3311,#2964,#1421,.T.);
#4063=EDGE_CURVE('',#3312,#3311,#1422,.T.);
#4064=EDGE_CURVE('',#3312,#2965,#1423,.T.);
#4065=EDGE_CURVE('',#3313,#3312,#1424,.T.);
#4066=EDGE_CURVE('',#3313,#2966,#1425,.T.);
#4067=EDGE_CURVE('',#3314,#3313,#1426,.T.);
#4068=EDGE_CURVE('',#3314,#2961,#1427,.T.);
#4069=EDGE_CURVE('',#3315,#3314,#1428,.T.);
#4070=EDGE_CURVE('',#3315,#2962,#1429,.T.);
#4071=EDGE_CURVE('',#3316,#3315,#1430,.T.);
#4072=EDGE_CURVE('',#3316,#2963,#1431,.T.);
#4073=EDGE_CURVE('',#3311,#3316,#1432,.T.);
#4074=EDGE_CURVE('',#3317,#2970,#1433,.T.);
#4075=EDGE_CURVE('',#3318,#3317,#1434,.T.);
#4076=EDGE_CURVE('',#3318,#2971,#1435,.T.);
#4077=EDGE_CURVE('',#3319,#3318,#1436,.T.);
#4078=EDGE_CURVE('',#3319,#2972,#1437,.T.);
#4079=EDGE_CURVE('',#3320,#3319,#1438,.T.);
#4080=EDGE_CURVE('',#3320,#2967,#1439,.T.);
#4081=EDGE_CURVE('',#3321,#3320,#1440,.T.);
#4082=EDGE_CURVE('',#3321,#2968,#1441,.T.);
#4083=EDGE_CURVE('',#3322,#3321,#1442,.T.);
#4084=EDGE_CURVE('',#3322,#2969,#1443,.T.);
#4085=EDGE_CURVE('',#3317,#3322,#1444,.T.);
#4086=EDGE_CURVE('',#3323,#2976,#1445,.T.);
#4087=EDGE_CURVE('',#3324,#3323,#1446,.T.);
#4088=EDGE_CURVE('',#3324,#2977,#1447,.T.);
#4089=EDGE_CURVE('',#3325,#3324,#1448,.T.);
#4090=EDGE_CURVE('',#3325,#2978,#1449,.T.);
#4091=EDGE_CURVE('',#3326,#3325,#1450,.T.);
#4092=EDGE_CURVE('',#3326,#2973,#1451,.T.);
#4093=EDGE_CURVE('',#3327,#3326,#1452,.T.);
#4094=EDGE_CURVE('',#3327,#2974,#1453,.T.);
#4095=EDGE_CURVE('',#3328,#3327,#1454,.T.);
#4096=EDGE_CURVE('',#3328,#2975,#1455,.T.);
#4097=EDGE_CURVE('',#3323,#3328,#1456,.T.);
#4098=EDGE_CURVE('',#3329,#2982,#1457,.T.);
#4099=EDGE_CURVE('',#3330,#3329,#1458,.T.);
#4100=EDGE_CURVE('',#3330,#2983,#1459,.T.);
#4101=EDGE_CURVE('',#3331,#3330,#1460,.T.);
#4102=EDGE_CURVE('',#3331,#2984,#1461,.T.);
#4103=EDGE_CURVE('',#3332,#3331,#1462,.T.);
#4104=EDGE_CURVE('',#3332,#2979,#1463,.T.);
#4105=EDGE_CURVE('',#3333,#3332,#1464,.T.);
#4106=EDGE_CURVE('',#3333,#2980,#1465,.T.);
#4107=EDGE_CURVE('',#3334,#3333,#1466,.T.);
#4108=EDGE_CURVE('',#3334,#2981,#1467,.T.);
#4109=EDGE_CURVE('',#3329,#3334,#1468,.T.);
#4110=EDGE_CURVE('',#3335,#2988,#1469,.T.);
#4111=EDGE_CURVE('',#3336,#3335,#1470,.T.);
#4112=EDGE_CURVE('',#3336,#2989,#1471,.T.);
#4113=EDGE_CURVE('',#3337,#3336,#1472,.T.);
#4114=EDGE_CURVE('',#3337,#2990,#1473,.T.);
#4115=EDGE_CURVE('',#3338,#3337,#1474,.T.);
#4116=EDGE_CURVE('',#3338,#2985,#1475,.T.);
#4117=EDGE_CURVE('',#3339,#3338,#1476,.T.);
#4118=EDGE_CURVE('',#3339,#2986,#1477,.T.);
#4119=EDGE_CURVE('',#3340,#3339,#1478,.T.);
#4120=EDGE_CURVE('',#3340,#2987,#1479,.T.);
#4121=EDGE_CURVE('',#3335,#3340,#1480,.T.);
#4122=EDGE_CURVE('',#3341,#2994,#1481,.T.);
#4123=EDGE_CURVE('',#3342,#3341,#1482,.T.);
#4124=EDGE_CURVE('',#3342,#2995,#1483,.T.);
#4125=EDGE_CURVE('',#3343,#3342,#1484,.T.);
#4126=EDGE_CURVE('',#3343,#2996,#1485,.T.);
#4127=EDGE_CURVE('',#3344,#3343,#1486,.T.);
#4128=EDGE_CURVE('',#3344,#2991,#1487,.T.);
#4129=EDGE_CURVE('',#3345,#3344,#1488,.T.);
#4130=EDGE_CURVE('',#3345,#2992,#1489,.T.);
#4131=EDGE_CURVE('',#3346,#3345,#1490,.T.);
#4132=EDGE_CURVE('',#3346,#2993,#1491,.T.);
#4133=EDGE_CURVE('',#3341,#3346,#1492,.T.);
#4134=EDGE_CURVE('',#3347,#3000,#1493,.T.);
#4135=EDGE_CURVE('',#3348,#3347,#1494,.T.);
#4136=EDGE_CURVE('',#3348,#3001,#1495,.T.);
#4137=EDGE_CURVE('',#3349,#3348,#1496,.T.);
#4138=EDGE_CURVE('',#3349,#3002,#1497,.T.);
#4139=EDGE_CURVE('',#3350,#3349,#1498,.T.);
#4140=EDGE_CURVE('',#3350,#2997,#1499,.T.);
#4141=EDGE_CURVE('',#3351,#3350,#1500,.T.);
#4142=EDGE_CURVE('',#3351,#2998,#1501,.T.);
#4143=EDGE_CURVE('',#3352,#3351,#1502,.T.);
#4144=EDGE_CURVE('',#3352,#2999,#1503,.T.);
#4145=EDGE_CURVE('',#3347,#3352,#1504,.T.);
#4146=EDGE_CURVE('',#3353,#3006,#1505,.T.);
#4147=EDGE_CURVE('',#3354,#3353,#1506,.T.);
#4148=EDGE_CURVE('',#3354,#3007,#1507,.T.);
#4149=EDGE_CURVE('',#3355,#3354,#1508,.T.);
#4150=EDGE_CURVE('',#3355,#3008,#1509,.T.);
#4151=EDGE_CURVE('',#3356,#3355,#1510,.T.);
#4152=EDGE_CURVE('',#3356,#3003,#1511,.T.);
#4153=EDGE_CURVE('',#3357,#3356,#1512,.T.);
#4154=EDGE_CURVE('',#3357,#3004,#1513,.T.);
#4155=EDGE_CURVE('',#3358,#3357,#1514,.T.);
#4156=EDGE_CURVE('',#3358,#3005,#1515,.T.);
#4157=EDGE_CURVE('',#3353,#3358,#1516,.T.);
#4158=EDGE_CURVE('',#3359,#3012,#1517,.T.);
#4159=EDGE_CURVE('',#3360,#3359,#1518,.T.);
#4160=EDGE_CURVE('',#3360,#3013,#1519,.T.);
#4161=EDGE_CURVE('',#3361,#3360,#1520,.T.);
#4162=EDGE_CURVE('',#3361,#3014,#1521,.T.);
#4163=EDGE_CURVE('',#3362,#3361,#1522,.T.);
#4164=EDGE_CURVE('',#3362,#3009,#1523,.T.);
#4165=EDGE_CURVE('',#3363,#3362,#1524,.T.);
#4166=EDGE_CURVE('',#3363,#3010,#1525,.T.);
#4167=EDGE_CURVE('',#3364,#3363,#1526,.T.);
#4168=EDGE_CURVE('',#3364,#3011,#1527,.T.);
#4169=EDGE_CURVE('',#3359,#3364,#1528,.T.);
#4170=EDGE_CURVE('',#3365,#3018,#1529,.T.);
#4171=EDGE_CURVE('',#3366,#3365,#1530,.T.);
#4172=EDGE_CURVE('',#3366,#3019,#1531,.T.);
#4173=EDGE_CURVE('',#3367,#3366,#1532,.T.);
#4174=EDGE_CURVE('',#3367,#3020,#1533,.T.);
#4175=EDGE_CURVE('',#3368,#3367,#1534,.T.);
#4176=EDGE_CURVE('',#3368,#3015,#1535,.T.);
#4177=EDGE_CURVE('',#3369,#3368,#1536,.T.);
#4178=EDGE_CURVE('',#3369,#3016,#1537,.T.);
#4179=EDGE_CURVE('',#3370,#3369,#1538,.T.);
#4180=EDGE_CURVE('',#3370,#3017,#1539,.T.);
#4181=EDGE_CURVE('',#3365,#3370,#1540,.T.);
#4182=EDGE_CURVE('',#3371,#3024,#1541,.T.);
#4183=EDGE_CURVE('',#3372,#3371,#1542,.T.);
#4184=EDGE_CURVE('',#3372,#3025,#1543,.T.);
#4185=EDGE_CURVE('',#3373,#3372,#1544,.T.);
#4186=EDGE_CURVE('',#3373,#3026,#1545,.T.);
#4187=EDGE_CURVE('',#3374,#3373,#1546,.T.);
#4188=EDGE_CURVE('',#3374,#3021,#1547,.T.);
#4189=EDGE_CURVE('',#3375,#3374,#1548,.T.);
#4190=EDGE_CURVE('',#3375,#3022,#1549,.T.);
#4191=EDGE_CURVE('',#3376,#3375,#1550,.T.);
#4192=EDGE_CURVE('',#3376,#3023,#1551,.T.);
#4193=EDGE_CURVE('',#3371,#3376,#1552,.T.);
#4194=EDGE_CURVE('',#3377,#3030,#1553,.T.);
#4195=EDGE_CURVE('',#3378,#3377,#1554,.T.);
#4196=EDGE_CURVE('',#3378,#3031,#1555,.T.);
#4197=EDGE_CURVE('',#3379,#3378,#1556,.T.);
#4198=EDGE_CURVE('',#3379,#3032,#1557,.T.);
#4199=EDGE_CURVE('',#3380,#3379,#1558,.T.);
#4200=EDGE_CURVE('',#3380,#3027,#1559,.T.);
#4201=EDGE_CURVE('',#3381,#3380,#1560,.T.);
#4202=EDGE_CURVE('',#3381,#3028,#1561,.T.);
#4203=EDGE_CURVE('',#3382,#3381,#1562,.T.);
#4204=EDGE_CURVE('',#3382,#3029,#1563,.T.);
#4205=EDGE_CURVE('',#3377,#3382,#1564,.T.);
#4206=EDGE_CURVE('',#3383,#3036,#1565,.T.);
#4207=EDGE_CURVE('',#3384,#3383,#1566,.T.);
#4208=EDGE_CURVE('',#3384,#3037,#1567,.T.);
#4209=EDGE_CURVE('',#3385,#3384,#1568,.T.);
#4210=EDGE_CURVE('',#3385,#3038,#1569,.T.);
#4211=EDGE_CURVE('',#3386,#3385,#1570,.T.);
#4212=EDGE_CURVE('',#3386,#3033,#1571,.T.);
#4213=EDGE_CURVE('',#3387,#3386,#1572,.T.);
#4214=EDGE_CURVE('',#3387,#3034,#1573,.T.);
#4215=EDGE_CURVE('',#3388,#3387,#1574,.T.);
#4216=EDGE_CURVE('',#3388,#3035,#1575,.T.);
#4217=EDGE_CURVE('',#3383,#3388,#1576,.T.);
#4218=EDGE_CURVE('',#3389,#3042,#1577,.T.);
#4219=EDGE_CURVE('',#3390,#3389,#1578,.T.);
#4220=EDGE_CURVE('',#3390,#3043,#1579,.T.);
#4221=EDGE_CURVE('',#3391,#3390,#1580,.T.);
#4222=EDGE_CURVE('',#3391,#3044,#1581,.T.);
#4223=EDGE_CURVE('',#3392,#3391,#1582,.T.);
#4224=EDGE_CURVE('',#3392,#3039,#1583,.T.);
#4225=EDGE_CURVE('',#3393,#3392,#1584,.T.);
#4226=EDGE_CURVE('',#3393,#3040,#1585,.T.);
#4227=EDGE_CURVE('',#3394,#3393,#1586,.T.);
#4228=EDGE_CURVE('',#3394,#3041,#1587,.T.);
#4229=EDGE_CURVE('',#3389,#3394,#1588,.T.);
#4230=EDGE_CURVE('',#3395,#3048,#1589,.T.);
#4231=EDGE_CURVE('',#3396,#3395,#1590,.T.);
#4232=EDGE_CURVE('',#3396,#3049,#1591,.T.);
#4233=EDGE_CURVE('',#3397,#3396,#1592,.T.);
#4234=EDGE_CURVE('',#3397,#3050,#1593,.T.);
#4235=EDGE_CURVE('',#3398,#3397,#1594,.T.);
#4236=EDGE_CURVE('',#3398,#3045,#1595,.T.);
#4237=EDGE_CURVE('',#3399,#3398,#1596,.T.);
#4238=EDGE_CURVE('',#3399,#3046,#1597,.T.);
#4239=EDGE_CURVE('',#3400,#3399,#1598,.T.);
#4240=EDGE_CURVE('',#3400,#3047,#1599,.T.);
#4241=EDGE_CURVE('',#3395,#3400,#1600,.T.);
#4242=EDGE_CURVE('',#3401,#3054,#1601,.T.);
#4243=EDGE_CURVE('',#3402,#3401,#1602,.T.);
#4244=EDGE_CURVE('',#3402,#3055,#1603,.T.);
#4245=EDGE_CURVE('',#3403,#3402,#1604,.T.);
#4246=EDGE_CURVE('',#3403,#3056,#1605,.T.);
#4247=EDGE_CURVE('',#3404,#3403,#1606,.T.);
#4248=EDGE_CURVE('',#3404,#3051,#1607,.T.);
#4249=EDGE_CURVE('',#3405,#3404,#1608,.T.);
#4250=EDGE_CURVE('',#3405,#3052,#1609,.T.);
#4251=EDGE_CURVE('',#3406,#3405,#1610,.T.);
#4252=EDGE_CURVE('',#3406,#3053,#1611,.T.);
#4253=EDGE_CURVE('',#3401,#3406,#1612,.T.);
#4254=EDGE_CURVE('',#3407,#3060,#1613,.T.);
#4255=EDGE_CURVE('',#3408,#3407,#1614,.T.);
#4256=EDGE_CURVE('',#3408,#3061,#1615,.T.);
#4257=EDGE_CURVE('',#3409,#3408,#1616,.T.);
#4258=EDGE_CURVE('',#3409,#3062,#1617,.T.);
#4259=EDGE_CURVE('',#3410,#3409,#1618,.T.);
#4260=EDGE_CURVE('',#3410,#3057,#1619,.T.);
#4261=EDGE_CURVE('',#3411,#3410,#1620,.T.);
#4262=EDGE_CURVE('',#3411,#3058,#1621,.T.);
#4263=EDGE_CURVE('',#3412,#3411,#1622,.T.);
#4264=EDGE_CURVE('',#3412,#3059,#1623,.T.);
#4265=EDGE_CURVE('',#3407,#3412,#1624,.T.);
#4266=EDGE_CURVE('',#3413,#3066,#1625,.T.);
#4267=EDGE_CURVE('',#3414,#3413,#1626,.T.);
#4268=EDGE_CURVE('',#3414,#3067,#1627,.T.);
#4269=EDGE_CURVE('',#3415,#3414,#1628,.T.);
#4270=EDGE_CURVE('',#3415,#3068,#1629,.T.);
#4271=EDGE_CURVE('',#3416,#3415,#1630,.T.);
#4272=EDGE_CURVE('',#3416,#3063,#1631,.T.);
#4273=EDGE_CURVE('',#3417,#3416,#1632,.T.);
#4274=EDGE_CURVE('',#3417,#3064,#1633,.T.);
#4275=EDGE_CURVE('',#3418,#3417,#1634,.T.);
#4276=EDGE_CURVE('',#3418,#3065,#1635,.T.);
#4277=EDGE_CURVE('',#3413,#3418,#1636,.T.);
#4278=EDGE_CURVE('',#3419,#3072,#1637,.T.);
#4279=EDGE_CURVE('',#3420,#3419,#1638,.T.);
#4280=EDGE_CURVE('',#3420,#3073,#1639,.T.);
#4281=EDGE_CURVE('',#3421,#3420,#1640,.T.);
#4282=EDGE_CURVE('',#3421,#3074,#1641,.T.);
#4283=EDGE_CURVE('',#3422,#3421,#1642,.T.);
#4284=EDGE_CURVE('',#3422,#3069,#1643,.T.);
#4285=EDGE_CURVE('',#3423,#3422,#1644,.T.);
#4286=EDGE_CURVE('',#3423,#3070,#1645,.T.);
#4287=EDGE_CURVE('',#3424,#3423,#1646,.T.);
#4288=EDGE_CURVE('',#3424,#3071,#1647,.T.);
#4289=EDGE_CURVE('',#3419,#3424,#1648,.T.);
#4290=EDGE_CURVE('',#3425,#3078,#1649,.T.);
#4291=EDGE_CURVE('',#3426,#3425,#1650,.T.);
#4292=EDGE_CURVE('',#3426,#3079,#1651,.T.);
#4293=EDGE_CURVE('',#3427,#3426,#1652,.T.);
#4294=EDGE_CURVE('',#3427,#3080,#1653,.T.);
#4295=EDGE_CURVE('',#3428,#3427,#1654,.T.);
#4296=EDGE_CURVE('',#3428,#3075,#1655,.T.);
#4297=EDGE_CURVE('',#3429,#3428,#1656,.T.);
#4298=EDGE_CURVE('',#3429,#3076,#1657,.T.);
#4299=EDGE_CURVE('',#3430,#3429,#1658,.T.);
#4300=EDGE_CURVE('',#3430,#3077,#1659,.T.);
#4301=EDGE_CURVE('',#3425,#3430,#1660,.T.);
#4302=EDGE_CURVE('',#3431,#3084,#1661,.T.);
#4303=EDGE_CURVE('',#3432,#3431,#1662,.T.);
#4304=EDGE_CURVE('',#3432,#3085,#1663,.T.);
#4305=EDGE_CURVE('',#3433,#3432,#1664,.T.);
#4306=EDGE_CURVE('',#3433,#3086,#1665,.T.);
#4307=EDGE_CURVE('',#3434,#3433,#1666,.T.);
#4308=EDGE_CURVE('',#3434,#3081,#1667,.T.);
#4309=EDGE_CURVE('',#3435,#3434,#1668,.T.);
#4310=EDGE_CURVE('',#3435,#3082,#1669,.T.);
#4311=EDGE_CURVE('',#3436,#3435,#1670,.T.);
#4312=EDGE_CURVE('',#3436,#3083,#1671,.T.);
#4313=EDGE_CURVE('',#3431,#3436,#1672,.T.);
#4314=EDGE_CURVE('',#3437,#3090,#1673,.T.);
#4315=EDGE_CURVE('',#3438,#3437,#1674,.T.);
#4316=EDGE_CURVE('',#3438,#3091,#1675,.T.);
#4317=EDGE_CURVE('',#3439,#3438,#1676,.T.);
#4318=EDGE_CURVE('',#3439,#3092,#1677,.T.);
#4319=EDGE_CURVE('',#3440,#3439,#1678,.T.);
#4320=EDGE_CURVE('',#3440,#3087,#1679,.T.);
#4321=EDGE_CURVE('',#3441,#3440,#1680,.T.);
#4322=EDGE_CURVE('',#3441,#3088,#1681,.T.);
#4323=EDGE_CURVE('',#3442,#3441,#1682,.T.);
#4324=EDGE_CURVE('',#3442,#3089,#1683,.T.);
#4325=EDGE_CURVE('',#3437,#3442,#1684,.T.);
#4326=EDGE_CURVE('',#3443,#3096,#1685,.T.);
#4327=EDGE_CURVE('',#3444,#3443,#1686,.T.);
#4328=EDGE_CURVE('',#3444,#3097,#1687,.T.);
#4329=EDGE_CURVE('',#3445,#3444,#1688,.T.);
#4330=EDGE_CURVE('',#3445,#3098,#1689,.T.);
#4331=EDGE_CURVE('',#3446,#3445,#1690,.T.);
#4332=EDGE_CURVE('',#3446,#3093,#1691,.T.);
#4333=EDGE_CURVE('',#3447,#3446,#1692,.T.);
#4334=EDGE_CURVE('',#3447,#3094,#1693,.T.);
#4335=EDGE_CURVE('',#3448,#3447,#1694,.T.);
#4336=EDGE_CURVE('',#3448,#3095,#1695,.T.);
#4337=EDGE_CURVE('',#3443,#3448,#1696,.T.);
#4338=EDGE_CURVE('',#3449,#3102,#1697,.T.);
#4339=EDGE_CURVE('',#3450,#3449,#1698,.T.);
#4340=EDGE_CURVE('',#3450,#3103,#1699,.T.);
#4341=EDGE_CURVE('',#3451,#3450,#1700,.T.);
#4342=EDGE_CURVE('',#3451,#3104,#1701,.T.);
#4343=EDGE_CURVE('',#3452,#3451,#1702,.T.);
#4344=EDGE_CURVE('',#3452,#3099,#1703,.T.);
#4345=EDGE_CURVE('',#3453,#3452,#1704,.T.);
#4346=EDGE_CURVE('',#3453,#3100,#1705,.T.);
#4347=EDGE_CURVE('',#3454,#3453,#1706,.T.);
#4348=EDGE_CURVE('',#3454,#3101,#1707,.T.);
#4349=EDGE_CURVE('',#3449,#3454,#1708,.T.);
#4350=EDGE_CURVE('',#3455,#3108,#1709,.T.);
#4351=EDGE_CURVE('',#3456,#3455,#1710,.T.);
#4352=EDGE_CURVE('',#3456,#3109,#1711,.T.);
#4353=EDGE_CURVE('',#3457,#3456,#1712,.T.);
#4354=EDGE_CURVE('',#3457,#3110,#1713,.T.);
#4355=EDGE_CURVE('',#3458,#3457,#1714,.T.);
#4356=EDGE_CURVE('',#3458,#3105,#1715,.T.);
#4357=EDGE_CURVE('',#3459,#3458,#1716,.T.);
#4358=EDGE_CURVE('',#3459,#3106,#1717,.T.);
#4359=EDGE_CURVE('',#3460,#3459,#1718,.T.);
#4360=EDGE_CURVE('',#3460,#3107,#1719,.T.);
#4361=EDGE_CURVE('',#3455,#3460,#1720,.T.);
#4362=EDGE_CURVE('',#3461,#3114,#1721,.T.);
#4363=EDGE_CURVE('',#3462,#3461,#1722,.T.);
#4364=EDGE_CURVE('',#3462,#3115,#1723,.T.);
#4365=EDGE_CURVE('',#3463,#3462,#1724,.T.);
#4366=EDGE_CURVE('',#3463,#3116,#1725,.T.);
#4367=EDGE_CURVE('',#3464,#3463,#1726,.T.);
#4368=EDGE_CURVE('',#3464,#3111,#1727,.T.);
#4369=EDGE_CURVE('',#3465,#3464,#1728,.T.);
#4370=EDGE_CURVE('',#3465,#3112,#1729,.T.);
#4371=EDGE_CURVE('',#3466,#3465,#1730,.T.);
#4372=EDGE_CURVE('',#3466,#3113,#1731,.T.);
#4373=EDGE_CURVE('',#3461,#3466,#1732,.T.);
#4374=EDGE_CURVE('',#3467,#3120,#1733,.T.);
#4375=EDGE_CURVE('',#3468,#3467,#1734,.T.);
#4376=EDGE_CURVE('',#3468,#3121,#1735,.T.);
#4377=EDGE_CURVE('',#3469,#3468,#1736,.T.);
#4378=EDGE_CURVE('',#3469,#3122,#1737,.T.);
#4379=EDGE_CURVE('',#3470,#3469,#1738,.T.);
#4380=EDGE_CURVE('',#3470,#3117,#1739,.T.);
#4381=EDGE_CURVE('',#3471,#3470,#1740,.T.);
#4382=EDGE_CURVE('',#3471,#3118,#1741,.T.);
#4383=EDGE_CURVE('',#3472,#3471,#1742,.T.);
#4384=EDGE_CURVE('',#3472,#3119,#1743,.T.);
#4385=EDGE_CURVE('',#3467,#3472,#1744,.T.);
#4386=EDGE_CURVE('',#3473,#3126,#1745,.T.);
#4387=EDGE_CURVE('',#3474,#3473,#1746,.T.);
#4388=EDGE_CURVE('',#3474,#3127,#1747,.T.);
#4389=EDGE_CURVE('',#3475,#3474,#1748,.T.);
#4390=EDGE_CURVE('',#3475,#3128,#1749,.T.);
#4391=EDGE_CURVE('',#3476,#3475,#1750,.T.);
#4392=EDGE_CURVE('',#3476,#3123,#1751,.T.);
#4393=EDGE_CURVE('',#3477,#3476,#1752,.T.);
#4394=EDGE_CURVE('',#3477,#3124,#1753,.T.);
#4395=EDGE_CURVE('',#3478,#3477,#1754,.T.);
#4396=EDGE_CURVE('',#3478,#3125,#1755,.T.);
#4397=EDGE_CURVE('',#3473,#3478,#1756,.T.);
#4398=EDGE_CURVE('',#3479,#3132,#1757,.T.);
#4399=EDGE_CURVE('',#3480,#3479,#1758,.T.);
#4400=EDGE_CURVE('',#3480,#3133,#1759,.T.);
#4401=EDGE_CURVE('',#3481,#3480,#1760,.T.);
#4402=EDGE_CURVE('',#3481,#3134,#1761,.T.);
#4403=EDGE_CURVE('',#3482,#3481,#1762,.T.);
#4404=EDGE_CURVE('',#3482,#3129,#1763,.T.);
#4405=EDGE_CURVE('',#3483,#3482,#1764,.T.);
#4406=EDGE_CURVE('',#3483,#3130,#1765,.T.);
#4407=EDGE_CURVE('',#3484,#3483,#1766,.T.);
#4408=EDGE_CURVE('',#3484,#3131,#1767,.T.);
#4409=EDGE_CURVE('',#3479,#3484,#1768,.T.);
#4410=EDGE_CURVE('',#3485,#3138,#1769,.T.);
#4411=EDGE_CURVE('',#3486,#3485,#1770,.T.);
#4412=EDGE_CURVE('',#3486,#3139,#1771,.T.);
#4413=EDGE_CURVE('',#3487,#3486,#1772,.T.);
#4414=EDGE_CURVE('',#3487,#3140,#1773,.T.);
#4415=EDGE_CURVE('',#3488,#3487,#1774,.T.);
#4416=EDGE_CURVE('',#3488,#3135,#1775,.T.);
#4417=EDGE_CURVE('',#3489,#3488,#1776,.T.);
#4418=EDGE_CURVE('',#3489,#3136,#1777,.T.);
#4419=EDGE_CURVE('',#3490,#3489,#1778,.T.);
#4420=EDGE_CURVE('',#3490,#3137,#1779,.T.);
#4421=EDGE_CURVE('',#3485,#3490,#1780,.T.);
#4422=EDGE_CURVE('',#3491,#3144,#1781,.T.);
#4423=EDGE_CURVE('',#3492,#3491,#1782,.T.);
#4424=EDGE_CURVE('',#3492,#3145,#1783,.T.);
#4425=EDGE_CURVE('',#3493,#3492,#1784,.T.);
#4426=EDGE_CURVE('',#3493,#3146,#1785,.T.);
#4427=EDGE_CURVE('',#3494,#3493,#1786,.T.);
#4428=EDGE_CURVE('',#3494,#3141,#1787,.T.);
#4429=EDGE_CURVE('',#3495,#3494,#1788,.T.);
#4430=EDGE_CURVE('',#3495,#3142,#1789,.T.);
#4431=EDGE_CURVE('',#3496,#3495,#1790,.T.);
#4432=EDGE_CURVE('',#3496,#3143,#1791,.T.);
#4433=EDGE_CURVE('',#3491,#3496,#1792,.T.);
#4434=EDGE_CURVE('',#3497,#3150,#1793,.T.);
#4435=EDGE_CURVE('',#3498,#3497,#1794,.T.);
#4436=EDGE_CURVE('',#3498,#3151,#1795,.T.);
#4437=EDGE_CURVE('',#3499,#3498,#1796,.T.);
#4438=EDGE_CURVE('',#3499,#3152,#1797,.T.);
#4439=EDGE_CURVE('',#3500,#3499,#1798,.T.);
#4440=EDGE_CURVE('',#3500,#3147,#1799,.T.);
#4441=EDGE_CURVE('',#3501,#3500,#1800,.T.);
#4442=EDGE_CURVE('',#3501,#3148,#1801,.T.);
#4443=EDGE_CURVE('',#3502,#3501,#1802,.T.);
#4444=EDGE_CURVE('',#3502,#3149,#1803,.T.);
#4445=EDGE_CURVE('',#3497,#3502,#1804,.T.);
#4446=EDGE_CURVE('',#3503,#3156,#1805,.T.);
#4447=EDGE_CURVE('',#3504,#3503,#1806,.T.);
#4448=EDGE_CURVE('',#3504,#3157,#1807,.T.);
#4449=EDGE_CURVE('',#3505,#3504,#1808,.T.);
#4450=EDGE_CURVE('',#3505,#3158,#1809,.T.);
#4451=EDGE_CURVE('',#3506,#3505,#1810,.T.);
#4452=EDGE_CURVE('',#3506,#3153,#1811,.T.);
#4453=EDGE_CURVE('',#3507,#3506,#1812,.T.);
#4454=EDGE_CURVE('',#3507,#3154,#1813,.T.);
#4455=EDGE_CURVE('',#3508,#3507,#1814,.T.);
#4456=EDGE_CURVE('',#3508,#3155,#1815,.T.);
#4457=EDGE_CURVE('',#3503,#3508,#1816,.T.);
#4458=EDGE_CURVE('',#3509,#3162,#1817,.T.);
#4459=EDGE_CURVE('',#3510,#3509,#1818,.T.);
#4460=EDGE_CURVE('',#3510,#3163,#1819,.T.);
#4461=EDGE_CURVE('',#3511,#3510,#1820,.T.);
#4462=EDGE_CURVE('',#3511,#3164,#1821,.T.);
#4463=EDGE_CURVE('',#3512,#3511,#1822,.T.);
#4464=EDGE_CURVE('',#3512,#3159,#1823,.T.);
#4465=EDGE_CURVE('',#3513,#3512,#1824,.T.);
#4466=EDGE_CURVE('',#3513,#3160,#1825,.T.);
#4467=EDGE_CURVE('',#3514,#3513,#1826,.T.);
#4468=EDGE_CURVE('',#3514,#3161,#1827,.T.);
#4469=EDGE_CURVE('',#3509,#3514,#1828,.T.);
#4470=EDGE_CURVE('',#3515,#3168,#1829,.T.);
#4471=EDGE_CURVE('',#3516,#3515,#1830,.T.);
#4472=EDGE_CURVE('',#3516,#3169,#1831,.T.);
#4473=EDGE_CURVE('',#3517,#3516,#1832,.T.);
#4474=EDGE_CURVE('',#3517,#3170,#1833,.T.);
#4475=EDGE_CURVE('',#3518,#3517,#1834,.T.);
#4476=EDGE_CURVE('',#3518,#3165,#1835,.T.);
#4477=EDGE_CURVE('',#3519,#3518,#1836,.T.);
#4478=EDGE_CURVE('',#3519,#3166,#1837,.T.);
#4479=EDGE_CURVE('',#3520,#3519,#1838,.T.);
#4480=EDGE_CURVE('',#3520,#3167,#1839,.T.);
#4481=EDGE_CURVE('',#3515,#3520,#1840,.T.);
#4482=EDGE_CURVE('',#3521,#3521,#17,.T.);
#4483=EDGE_CURVE('',#3521,#3522,#1841,.T.);
#4484=EDGE_CURVE('',#3522,#3522,#18,.T.);
#4485=EDGE_CURVE('',#3523,#3523,#19,.T.);
#4486=EDGE_CURVE('',#3523,#3524,#1842,.T.);
#4487=EDGE_CURVE('',#3524,#3524,#20,.T.);
#4488=EDGE_CURVE('',#3525,#3525,#139,.T.);
#4489=EDGE_CURVE('',#3525,#3171,#1843,.T.);
#4490=EDGE_CURVE('',#3526,#3526,#140,.T.);
#4491=EDGE_CURVE('',#3526,#3172,#1844,.T.);
#4492=EDGE_CURVE('',#3527,#3175,#1845,.T.);
#4493=EDGE_CURVE('',#3528,#3527,#1846,.T.);
#4494=EDGE_CURVE('',#3528,#3176,#1847,.T.);
#4495=EDGE_CURVE('',#3529,#3528,#1848,.T.);
#4496=EDGE_CURVE('',#3529,#3173,#1849,.T.);
#4497=EDGE_CURVE('',#3530,#3529,#1850,.T.);
#4498=EDGE_CURVE('',#3530,#3174,#1851,.T.);
#4499=EDGE_CURVE('',#3527,#3530,#1852,.T.);
#4500=EDGE_CURVE('',#3531,#2925,#1853,.T.);
#4501=EDGE_CURVE('',#3531,#3229,#1854,.T.);
#4502=EDGE_CURVE('',#3230,#3532,#1855,.T.);
#4503=EDGE_CURVE('',#2928,#3532,#1856,.T.);
#4504=EDGE_CURVE('',#3531,#3532,#1857,.T.);
#4505=EDGE_CURVE('',#3533,#2924,#1858,.T.);
#4506=EDGE_CURVE('',#3533,#3531,#1859,.T.);
#4507=EDGE_CURVE('',#3532,#2901,#1860,.T.);
#4508=EDGE_CURVE('',#3534,#2910,#1861,.T.);
#4509=EDGE_CURVE('',#3534,#3231,#1862,.T.);
#4510=EDGE_CURVE('',#3232,#3535,#1863,.T.);
#4511=EDGE_CURVE('',#2913,#3535,#1864,.T.);
#4512=EDGE_CURVE('',#3534,#3535,#1865,.T.);
#4513=EDGE_CURVE('',#3536,#2930,#1866,.T.);
#4514=EDGE_CURVE('',#3536,#3534,#1867,.T.);
#4515=EDGE_CURVE('',#3535,#3537,#1868,.T.);
#4516=EDGE_CURVE('',#3537,#2914,#1869,.T.);
#4517=EDGE_CURVE('',#3538,#2916,#1870,.T.);
#4518=EDGE_CURVE('',#3539,#3538,#21,.T.);
#4519=EDGE_CURVE('',#3539,#3540,#1871,.T.);
#4520=EDGE_CURVE('',#3540,#3541,#141,.T.);
#4521=EDGE_CURVE('',#2917,#3541,#1872,.T.);
#4522=EDGE_CURVE('',#3542,#2915,#1873,.T.);
#4523=EDGE_CURVE('',#3538,#3542,#1874,.T.);
#4524=EDGE_CURVE('',#3537,#3542,#1875,.T.);
#4525=EDGE_CURVE('',#3543,#2929,#1876,.T.);
#4526=EDGE_CURVE('',#3536,#3543,#1877,.T.);
#4527=EDGE_CURVE('',#3539,#3543,#1878,.T.);
#4528=EDGE_CURVE('',#3544,#2923,#1879,.T.);
#4529=EDGE_CURVE('',#3533,#3544,#1880,.T.);
#4530=EDGE_CURVE('',#3545,#3546,#1881,.T.);
#4531=EDGE_CURVE('',#3544,#3545,#22,.T.);
#4532=EDGE_CURVE('',#2904,#3546,#142,.T.);
#4533=EDGE_CURVE('',#2902,#3545,#1882,.T.);
#4534=EDGE_CURVE('',#3546,#3540,#1883,.T.);
#4535=EDGE_CURVE('',#3547,#3548,#23,.T.);
#4536=EDGE_CURVE('',#3548,#3549,#1884,.T.);
#4537=EDGE_CURVE('',#3550,#3549,#1885,.T.);
#4538=EDGE_CURVE('',#3550,#3551,#24,.T.);
#4539=EDGE_CURVE('',#3551,#3547,#1886,.T.);
#4540=EDGE_CURVE('',#3550,#2919,#1887,.T.);
#4541=EDGE_CURVE('',#3551,#2918,#1888,.T.);
#4542=EDGE_CURVE('',#3548,#3552,#1889,.T.);
#4543=EDGE_CURVE('',#3553,#3552,#1890,.T.);
#4544=EDGE_CURVE('',#3553,#3554,#1891,.T.);
#4545=EDGE_CURVE('',#3555,#3554,#1892,.T.);
#4546=EDGE_CURVE('',#3549,#3555,#1893,.T.);
#4547=EDGE_CURVE('',#3552,#2907,#25,.T.);
#4548=EDGE_CURVE('',#2906,#3553,#26,.T.);
#4549=EDGE_CURVE('',#3554,#2920,#1894,.T.);
#4550=EDGE_CURVE('',#2908,#3556,#1895,.T.);
#4551=EDGE_CURVE('',#3556,#3557,#1896,.T.);
#4552=EDGE_CURVE('',#2909,#3557,#1897,.T.);
#4553=EDGE_CURVE('',#3556,#3558,#1898,.T.);
#4554=EDGE_CURVE('',#3557,#3558,#1899,.T.);
#4555=EDGE_CURVE('',#3559,#2920,#1900,.T.);
#4556=EDGE_CURVE('',#3555,#3559,#1901,.T.);
#4557=EDGE_CURVE('',#3560,#3559,#1902,.T.);
#4558=EDGE_CURVE('',#3549,#3560,#1903,.T.);
#4559=EDGE_CURVE('',#2919,#3560,#1904,.T.);
#4560=EDGE_CURVE('',#3561,#3562,#1905,.T.);
#4561=EDGE_CURVE('',#3561,#3563,#1906,.T.);
#4562=EDGE_CURVE('',#3562,#3563,#1907,.T.);
#4563=EDGE_CURVE('',#3547,#3564,#1908,.T.);
#4564=EDGE_CURVE('',#3563,#3564,#1909,.T.);
#4565=EDGE_CURVE('',#3558,#3561,#1910,.T.);
#4566=EDGE_CURVE('',#3562,#3565,#1911,.T.);
#4567=EDGE_CURVE('',#3564,#3565,#1912,.T.);
#4568=EDGE_CURVE('',#3565,#3541,#1913,.T.);
#4569=ORIENTED_EDGE('',*,*,#3566,.T.);
#4570=ORIENTED_EDGE('',*,*,#3567,.F.);
#4571=ORIENTED_EDGE('',*,*,#3568,.F.);
#4572=ORIENTED_EDGE('',*,*,#3569,.T.);
#4573=ORIENTED_EDGE('',*,*,#3570,.F.);
#4574=ORIENTED_EDGE('',*,*,#3571,.T.);
#4575=ORIENTED_EDGE('',*,*,#3572,.T.);
#4576=ORIENTED_EDGE('',*,*,#3573,.F.);
#4577=ORIENTED_EDGE('',*,*,#3574,.T.);
#4578=ORIENTED_EDGE('',*,*,#3575,.T.);
#4579=ORIENTED_EDGE('',*,*,#3576,.F.);
#4580=ORIENTED_EDGE('',*,*,#3577,.T.);
#4581=ORIENTED_EDGE('',*,*,#3578,.T.);
#4582=ORIENTED_EDGE('',*,*,#3579,.T.);
#4583=ORIENTED_EDGE('',*,*,#3580,.T.);
#4584=ORIENTED_EDGE('',*,*,#3581,.T.);
#4585=ORIENTED_EDGE('',*,*,#3582,.T.);
#4586=ORIENTED_EDGE('',*,*,#3583,.F.);
#4587=ORIENTED_EDGE('',*,*,#3584,.F.);
#4588=ORIENTED_EDGE('',*,*,#3585,.T.);
#4589=ORIENTED_EDGE('',*,*,#3586,.T.);
#4590=ORIENTED_EDGE('',*,*,#3587,.T.);
#4591=ORIENTED_EDGE('',*,*,#3588,.F.);
#4592=ORIENTED_EDGE('',*,*,#3589,.T.);
#4593=ORIENTED_EDGE('',*,*,#3571,.F.);
#4594=ORIENTED_EDGE('',*,*,#3590,.F.);
#4595=ORIENTED_EDGE('',*,*,#3591,.T.);
#4596=ORIENTED_EDGE('',*,*,#3592,.T.);
#4597=ORIENTED_EDGE('',*,*,#3593,.T.);
#4598=ORIENTED_EDGE('',*,*,#3594,.T.);
#4599=ORIENTED_EDGE('',*,*,#3595,.T.);
#4600=ORIENTED_EDGE('',*,*,#3596,.T.);
#4601=ORIENTED_EDGE('',*,*,#3566,.F.);
#4602=ORIENTED_EDGE('',*,*,#3597,.F.);
#4603=ORIENTED_EDGE('',*,*,#3598,.T.);
#4604=ORIENTED_EDGE('',*,*,#3599,.T.);
#4605=ORIENTED_EDGE('',*,*,#3600,.T.);
#4606=ORIENTED_EDGE('',*,*,#3601,.T.);
#4607=ORIENTED_EDGE('',*,*,#3602,.T.);
#4608=ORIENTED_EDGE('',*,*,#3603,.T.);
#4609=ORIENTED_EDGE('',*,*,#3604,.T.);
#4610=ORIENTED_EDGE('',*,*,#3605,.T.);
#4611=ORIENTED_EDGE('',*,*,#3606,.T.);
#4612=ORIENTED_EDGE('',*,*,#3607,.T.);
#4613=ORIENTED_EDGE('',*,*,#3608,.T.);
#4614=ORIENTED_EDGE('',*,*,#3609,.T.);
#4615=ORIENTED_EDGE('',*,*,#3610,.T.);
#4616=ORIENTED_EDGE('',*,*,#3611,.T.);
#4617=ORIENTED_EDGE('',*,*,#3612,.T.);
#4618=ORIENTED_EDGE('',*,*,#3613,.T.);
#4619=ORIENTED_EDGE('',*,*,#3614,.T.);
#4620=ORIENTED_EDGE('',*,*,#3615,.T.);
#4621=ORIENTED_EDGE('',*,*,#3616,.T.);
#4622=ORIENTED_EDGE('',*,*,#3617,.T.);
#4623=ORIENTED_EDGE('',*,*,#3618,.T.);
#4624=ORIENTED_EDGE('',*,*,#3619,.T.);
#4625=ORIENTED_EDGE('',*,*,#3620,.T.);
#4626=ORIENTED_EDGE('',*,*,#3621,.T.);
#4627=ORIENTED_EDGE('',*,*,#3622,.T.);
#4628=ORIENTED_EDGE('',*,*,#3623,.T.);
#4629=ORIENTED_EDGE('',*,*,#3624,.T.);
#4630=ORIENTED_EDGE('',*,*,#3625,.T.);
#4631=ORIENTED_EDGE('',*,*,#3626,.T.);
#4632=ORIENTED_EDGE('',*,*,#3627,.T.);
#4633=ORIENTED_EDGE('',*,*,#3628,.T.);
#4634=ORIENTED_EDGE('',*,*,#3629,.T.);
#4635=ORIENTED_EDGE('',*,*,#3630,.T.);
#4636=ORIENTED_EDGE('',*,*,#3631,.T.);
#4637=ORIENTED_EDGE('',*,*,#3632,.T.);
#4638=ORIENTED_EDGE('',*,*,#3633,.T.);
#4639=ORIENTED_EDGE('',*,*,#3634,.T.);
#4640=ORIENTED_EDGE('',*,*,#3635,.T.);
#4641=ORIENTED_EDGE('',*,*,#3636,.T.);
#4642=ORIENTED_EDGE('',*,*,#3637,.T.);
#4643=ORIENTED_EDGE('',*,*,#3638,.T.);
#4644=ORIENTED_EDGE('',*,*,#3639,.T.);
#4645=ORIENTED_EDGE('',*,*,#3640,.T.);
#4646=ORIENTED_EDGE('',*,*,#3641,.T.);
#4647=ORIENTED_EDGE('',*,*,#3642,.T.);
#4648=ORIENTED_EDGE('',*,*,#3643,.T.);
#4649=ORIENTED_EDGE('',*,*,#3644,.T.);
#4650=ORIENTED_EDGE('',*,*,#3645,.T.);
#4651=ORIENTED_EDGE('',*,*,#3646,.T.);
#4652=ORIENTED_EDGE('',*,*,#3647,.T.);
#4653=ORIENTED_EDGE('',*,*,#3648,.T.);
#4654=ORIENTED_EDGE('',*,*,#3649,.T.);
#4655=ORIENTED_EDGE('',*,*,#3650,.T.);
#4656=ORIENTED_EDGE('',*,*,#3651,.T.);
#4657=ORIENTED_EDGE('',*,*,#3652,.T.);
#4658=ORIENTED_EDGE('',*,*,#3653,.T.);
#4659=ORIENTED_EDGE('',*,*,#3654,.T.);
#4660=ORIENTED_EDGE('',*,*,#3655,.T.);
#4661=ORIENTED_EDGE('',*,*,#3656,.T.);
#4662=ORIENTED_EDGE('',*,*,#3657,.T.);
#4663=ORIENTED_EDGE('',*,*,#3658,.T.);
#4664=ORIENTED_EDGE('',*,*,#3659,.T.);
#4665=ORIENTED_EDGE('',*,*,#3660,.T.);
#4666=ORIENTED_EDGE('',*,*,#3661,.T.);
#4667=ORIENTED_EDGE('',*,*,#3662,.T.);
#4668=ORIENTED_EDGE('',*,*,#3663,.T.);
#4669=ORIENTED_EDGE('',*,*,#3664,.T.);
#4670=ORIENTED_EDGE('',*,*,#3665,.T.);
#4671=ORIENTED_EDGE('',*,*,#3666,.T.);
#4672=ORIENTED_EDGE('',*,*,#3667,.T.);
#4673=ORIENTED_EDGE('',*,*,#3668,.T.);
#4674=ORIENTED_EDGE('',*,*,#3669,.T.);
#4675=ORIENTED_EDGE('',*,*,#3670,.T.);
#4676=ORIENTED_EDGE('',*,*,#3671,.T.);
#4677=ORIENTED_EDGE('',*,*,#3672,.T.);
#4678=ORIENTED_EDGE('',*,*,#3673,.T.);
#4679=ORIENTED_EDGE('',*,*,#3674,.T.);
#4680=ORIENTED_EDGE('',*,*,#3675,.T.);
#4681=ORIENTED_EDGE('',*,*,#3676,.T.);
#4682=ORIENTED_EDGE('',*,*,#3677,.T.);
#4683=ORIENTED_EDGE('',*,*,#3678,.T.);
#4684=ORIENTED_EDGE('',*,*,#3679,.T.);
#4685=ORIENTED_EDGE('',*,*,#3680,.T.);
#4686=ORIENTED_EDGE('',*,*,#3681,.T.);
#4687=ORIENTED_EDGE('',*,*,#3682,.T.);
#4688=ORIENTED_EDGE('',*,*,#3683,.T.);
#4689=ORIENTED_EDGE('',*,*,#3684,.T.);
#4690=ORIENTED_EDGE('',*,*,#3685,.T.);
#4691=ORIENTED_EDGE('',*,*,#3686,.T.);
#4692=ORIENTED_EDGE('',*,*,#3687,.T.);
#4693=ORIENTED_EDGE('',*,*,#3688,.T.);
#4694=ORIENTED_EDGE('',*,*,#3689,.T.);
#4695=ORIENTED_EDGE('',*,*,#3690,.T.);
#4696=ORIENTED_EDGE('',*,*,#3691,.T.);
#4697=ORIENTED_EDGE('',*,*,#3692,.T.);
#4698=ORIENTED_EDGE('',*,*,#3693,.T.);
#4699=ORIENTED_EDGE('',*,*,#3694,.T.);
#4700=ORIENTED_EDGE('',*,*,#3695,.T.);
#4701=ORIENTED_EDGE('',*,*,#3696,.T.);
#4702=ORIENTED_EDGE('',*,*,#3697,.T.);
#4703=ORIENTED_EDGE('',*,*,#3698,.T.);
#4704=ORIENTED_EDGE('',*,*,#3699,.T.);
#4705=ORIENTED_EDGE('',*,*,#3700,.T.);
#4706=ORIENTED_EDGE('',*,*,#3701,.T.);
#4707=ORIENTED_EDGE('',*,*,#3702,.T.);
#4708=ORIENTED_EDGE('',*,*,#3703,.T.);
#4709=ORIENTED_EDGE('',*,*,#3704,.T.);
#4710=ORIENTED_EDGE('',*,*,#3705,.T.);
#4711=ORIENTED_EDGE('',*,*,#3706,.T.);
#4712=ORIENTED_EDGE('',*,*,#3707,.T.);
#4713=ORIENTED_EDGE('',*,*,#3708,.T.);
#4714=ORIENTED_EDGE('',*,*,#3709,.T.);
#4715=ORIENTED_EDGE('',*,*,#3710,.T.);
#4716=ORIENTED_EDGE('',*,*,#3711,.T.);
#4717=ORIENTED_EDGE('',*,*,#3712,.T.);
#4718=ORIENTED_EDGE('',*,*,#3713,.T.);
#4719=ORIENTED_EDGE('',*,*,#3714,.T.);
#4720=ORIENTED_EDGE('',*,*,#3715,.T.);
#4721=ORIENTED_EDGE('',*,*,#3716,.T.);
#4722=ORIENTED_EDGE('',*,*,#3717,.T.);
#4723=ORIENTED_EDGE('',*,*,#3718,.T.);
#4724=ORIENTED_EDGE('',*,*,#3719,.T.);
#4725=ORIENTED_EDGE('',*,*,#3720,.T.);
#4726=ORIENTED_EDGE('',*,*,#3721,.T.);
#4727=ORIENTED_EDGE('',*,*,#3722,.T.);
#4728=ORIENTED_EDGE('',*,*,#3723,.T.);
#4729=ORIENTED_EDGE('',*,*,#3724,.T.);
#4730=ORIENTED_EDGE('',*,*,#3725,.T.);
#4731=ORIENTED_EDGE('',*,*,#3726,.T.);
#4732=ORIENTED_EDGE('',*,*,#3727,.T.);
#4733=ORIENTED_EDGE('',*,*,#3728,.T.);
#4734=ORIENTED_EDGE('',*,*,#3729,.T.);
#4735=ORIENTED_EDGE('',*,*,#3730,.T.);
#4736=ORIENTED_EDGE('',*,*,#3731,.T.);
#4737=ORIENTED_EDGE('',*,*,#3732,.T.);
#4738=ORIENTED_EDGE('',*,*,#3733,.T.);
#4739=ORIENTED_EDGE('',*,*,#3734,.T.);
#4740=ORIENTED_EDGE('',*,*,#3735,.T.);
#4741=ORIENTED_EDGE('',*,*,#3736,.T.);
#4742=ORIENTED_EDGE('',*,*,#3737,.T.);
#4743=ORIENTED_EDGE('',*,*,#3738,.T.);
#4744=ORIENTED_EDGE('',*,*,#3739,.T.);
#4745=ORIENTED_EDGE('',*,*,#3740,.T.);
#4746=ORIENTED_EDGE('',*,*,#3741,.T.);
#4747=ORIENTED_EDGE('',*,*,#3742,.T.);
#4748=ORIENTED_EDGE('',*,*,#3743,.T.);
#4749=ORIENTED_EDGE('',*,*,#3744,.T.);
#4750=ORIENTED_EDGE('',*,*,#3745,.T.);
#4751=ORIENTED_EDGE('',*,*,#3746,.T.);
#4752=ORIENTED_EDGE('',*,*,#3747,.T.);
#4753=ORIENTED_EDGE('',*,*,#3748,.T.);
#4754=ORIENTED_EDGE('',*,*,#3749,.T.);
#4755=ORIENTED_EDGE('',*,*,#3750,.T.);
#4756=ORIENTED_EDGE('',*,*,#3751,.T.);
#4757=ORIENTED_EDGE('',*,*,#3752,.T.);
#4758=ORIENTED_EDGE('',*,*,#3753,.T.);
#4759=ORIENTED_EDGE('',*,*,#3754,.T.);
#4760=ORIENTED_EDGE('',*,*,#3755,.T.);
#4761=ORIENTED_EDGE('',*,*,#3756,.T.);
#4762=ORIENTED_EDGE('',*,*,#3757,.T.);
#4763=ORIENTED_EDGE('',*,*,#3758,.T.);
#4764=ORIENTED_EDGE('',*,*,#3759,.T.);
#4765=ORIENTED_EDGE('',*,*,#3760,.T.);
#4766=ORIENTED_EDGE('',*,*,#3761,.T.);
#4767=ORIENTED_EDGE('',*,*,#3762,.T.);
#4768=ORIENTED_EDGE('',*,*,#3763,.T.);
#4769=ORIENTED_EDGE('',*,*,#3764,.T.);
#4770=ORIENTED_EDGE('',*,*,#3765,.T.);
#4771=ORIENTED_EDGE('',*,*,#3766,.T.);
#4772=ORIENTED_EDGE('',*,*,#3767,.T.);
#4773=ORIENTED_EDGE('',*,*,#3768,.T.);
#4774=ORIENTED_EDGE('',*,*,#3769,.T.);
#4775=ORIENTED_EDGE('',*,*,#3770,.T.);
#4776=ORIENTED_EDGE('',*,*,#3771,.T.);
#4777=ORIENTED_EDGE('',*,*,#3772,.T.);
#4778=ORIENTED_EDGE('',*,*,#3773,.T.);
#4779=ORIENTED_EDGE('',*,*,#3774,.T.);
#4780=ORIENTED_EDGE('',*,*,#3775,.T.);
#4781=ORIENTED_EDGE('',*,*,#3776,.T.);
#4782=ORIENTED_EDGE('',*,*,#3777,.T.);
#4783=ORIENTED_EDGE('',*,*,#3778,.T.);
#4784=ORIENTED_EDGE('',*,*,#3779,.T.);
#4785=ORIENTED_EDGE('',*,*,#3780,.T.);
#4786=ORIENTED_EDGE('',*,*,#3781,.T.);
#4787=ORIENTED_EDGE('',*,*,#3782,.T.);
#4788=ORIENTED_EDGE('',*,*,#3783,.T.);
#4789=ORIENTED_EDGE('',*,*,#3784,.T.);
#4790=ORIENTED_EDGE('',*,*,#3785,.T.);
#4791=ORIENTED_EDGE('',*,*,#3786,.T.);
#4792=ORIENTED_EDGE('',*,*,#3787,.T.);
#4793=ORIENTED_EDGE('',*,*,#3788,.T.);
#4794=ORIENTED_EDGE('',*,*,#3789,.T.);
#4795=ORIENTED_EDGE('',*,*,#3790,.T.);
#4796=ORIENTED_EDGE('',*,*,#3791,.T.);
#4797=ORIENTED_EDGE('',*,*,#3792,.T.);
#4798=ORIENTED_EDGE('',*,*,#3793,.T.);
#4799=ORIENTED_EDGE('',*,*,#3794,.T.);
#4800=ORIENTED_EDGE('',*,*,#3795,.T.);
#4801=ORIENTED_EDGE('',*,*,#3796,.T.);
#4802=ORIENTED_EDGE('',*,*,#3797,.T.);
#4803=ORIENTED_EDGE('',*,*,#3798,.T.);
#4804=ORIENTED_EDGE('',*,*,#3799,.T.);
#4805=ORIENTED_EDGE('',*,*,#3800,.T.);
#4806=ORIENTED_EDGE('',*,*,#3801,.T.);
#4807=ORIENTED_EDGE('',*,*,#3802,.T.);
#4808=ORIENTED_EDGE('',*,*,#3803,.T.);
#4809=ORIENTED_EDGE('',*,*,#3804,.T.);
#4810=ORIENTED_EDGE('',*,*,#3805,.T.);
#4811=ORIENTED_EDGE('',*,*,#3806,.T.);
#4812=ORIENTED_EDGE('',*,*,#3807,.T.);
#4813=ORIENTED_EDGE('',*,*,#3808,.T.);
#4814=ORIENTED_EDGE('',*,*,#3809,.T.);
#4815=ORIENTED_EDGE('',*,*,#3810,.T.);
#4816=ORIENTED_EDGE('',*,*,#3811,.T.);
#4817=ORIENTED_EDGE('',*,*,#3812,.T.);
#4818=ORIENTED_EDGE('',*,*,#3813,.T.);
#4819=ORIENTED_EDGE('',*,*,#3814,.T.);
#4820=ORIENTED_EDGE('',*,*,#3815,.T.);
#4821=ORIENTED_EDGE('',*,*,#3816,.T.);
#4822=ORIENTED_EDGE('',*,*,#3817,.T.);
#4823=ORIENTED_EDGE('',*,*,#3818,.T.);
#4824=ORIENTED_EDGE('',*,*,#3819,.T.);
#4825=ORIENTED_EDGE('',*,*,#3820,.T.);
#4826=ORIENTED_EDGE('',*,*,#3821,.T.);
#4827=ORIENTED_EDGE('',*,*,#3822,.T.);
#4828=ORIENTED_EDGE('',*,*,#3823,.T.);
#4829=ORIENTED_EDGE('',*,*,#3824,.T.);
#4830=ORIENTED_EDGE('',*,*,#3825,.T.);
#4831=ORIENTED_EDGE('',*,*,#3826,.T.);
#4832=ORIENTED_EDGE('',*,*,#3827,.T.);
#4833=ORIENTED_EDGE('',*,*,#3828,.T.);
#4834=ORIENTED_EDGE('',*,*,#3829,.T.);
#4835=ORIENTED_EDGE('',*,*,#3830,.T.);
#4836=ORIENTED_EDGE('',*,*,#3831,.T.);
#4837=ORIENTED_EDGE('',*,*,#3832,.T.);
#4838=ORIENTED_EDGE('',*,*,#3833,.T.);
#4839=ORIENTED_EDGE('',*,*,#3834,.T.);
#4840=ORIENTED_EDGE('',*,*,#3835,.T.);
#4841=ORIENTED_EDGE('',*,*,#3836,.T.);
#4842=ORIENTED_EDGE('',*,*,#3837,.T.);
#4843=ORIENTED_EDGE('',*,*,#3838,.T.);
#4844=ORIENTED_EDGE('',*,*,#3839,.T.);
#4845=ORIENTED_EDGE('',*,*,#3840,.T.);
#4846=ORIENTED_EDGE('',*,*,#3841,.T.);
#4847=ORIENTED_EDGE('',*,*,#3842,.T.);
#4848=ORIENTED_EDGE('',*,*,#3843,.T.);
#4849=ORIENTED_EDGE('',*,*,#3844,.T.);
#4850=ORIENTED_EDGE('',*,*,#3845,.T.);
#4851=ORIENTED_EDGE('',*,*,#3846,.T.);
#4852=ORIENTED_EDGE('',*,*,#3847,.T.);
#4853=ORIENTED_EDGE('',*,*,#3848,.T.);
#4854=ORIENTED_EDGE('',*,*,#3849,.T.);
#4855=ORIENTED_EDGE('',*,*,#3850,.T.);
#4856=ORIENTED_EDGE('',*,*,#3851,.T.);
#4857=ORIENTED_EDGE('',*,*,#3852,.T.);
#4858=ORIENTED_EDGE('',*,*,#3853,.T.);
#4859=ORIENTED_EDGE('',*,*,#3854,.T.);
#4860=ORIENTED_EDGE('',*,*,#3855,.T.);
#4861=ORIENTED_EDGE('',*,*,#3856,.T.);
#4862=ORIENTED_EDGE('',*,*,#3857,.T.);
#4863=ORIENTED_EDGE('',*,*,#3858,.T.);
#4864=ORIENTED_EDGE('',*,*,#3859,.T.);
#4865=ORIENTED_EDGE('',*,*,#3860,.T.);
#4866=ORIENTED_EDGE('',*,*,#3861,.T.);
#4867=ORIENTED_EDGE('',*,*,#3862,.T.);
#4868=ORIENTED_EDGE('',*,*,#3863,.T.);
#4869=ORIENTED_EDGE('',*,*,#3864,.T.);
#4870=ORIENTED_EDGE('',*,*,#3865,.T.);
#4871=ORIENTED_EDGE('',*,*,#3866,.T.);
#4872=ORIENTED_EDGE('',*,*,#3867,.T.);
#4873=ORIENTED_EDGE('',*,*,#3868,.T.);
#4874=ORIENTED_EDGE('',*,*,#3869,.T.);
#4875=ORIENTED_EDGE('',*,*,#3870,.T.);
#4876=ORIENTED_EDGE('',*,*,#3871,.T.);
#4877=ORIENTED_EDGE('',*,*,#3872,.T.);
#4878=ORIENTED_EDGE('',*,*,#3873,.T.);
#4879=ORIENTED_EDGE('',*,*,#3874,.T.);
#4880=ORIENTED_EDGE('',*,*,#3875,.T.);
#4881=ORIENTED_EDGE('',*,*,#3876,.T.);
#4882=ORIENTED_EDGE('',*,*,#3877,.T.);
#4883=ORIENTED_EDGE('',*,*,#3878,.T.);
#4884=ORIENTED_EDGE('',*,*,#3879,.T.);
#4885=ORIENTED_EDGE('',*,*,#3880,.T.);
#4886=ORIENTED_EDGE('',*,*,#3881,.T.);
#4887=ORIENTED_EDGE('',*,*,#3882,.T.);
#4888=ORIENTED_EDGE('',*,*,#3883,.T.);
#4889=ORIENTED_EDGE('',*,*,#3884,.T.);
#4890=ORIENTED_EDGE('',*,*,#3885,.T.);
#4891=ORIENTED_EDGE('',*,*,#3886,.T.);
#4892=ORIENTED_EDGE('',*,*,#3887,.T.);
#4893=ORIENTED_EDGE('',*,*,#3888,.T.);
#4894=ORIENTED_EDGE('',*,*,#3889,.T.);
#4895=ORIENTED_EDGE('',*,*,#3890,.T.);
#4896=ORIENTED_EDGE('',*,*,#3891,.T.);
#4897=ORIENTED_EDGE('',*,*,#3892,.T.);
#4898=ORIENTED_EDGE('',*,*,#3893,.T.);
#4899=ORIENTED_EDGE('',*,*,#3894,.T.);
#4900=ORIENTED_EDGE('',*,*,#3578,.F.);
#4901=ORIENTED_EDGE('',*,*,#3895,.F.);
#4902=ORIENTED_EDGE('',*,*,#3896,.T.);
#4903=ORIENTED_EDGE('',*,*,#3897,.T.);
#4904=ORIENTED_EDGE('',*,*,#3594,.F.);
#4905=ORIENTED_EDGE('',*,*,#3898,.F.);
#4906=ORIENTED_EDGE('',*,*,#3899,.T.);
#4907=ORIENTED_EDGE('',*,*,#3900,.T.);
#4908=ORIENTED_EDGE('',*,*,#3901,.T.);
#4909=ORIENTED_EDGE('',*,*,#3899,.F.);
#4910=ORIENTED_EDGE('',*,*,#3902,.F.);
#4911=ORIENTED_EDGE('',*,*,#3903,.T.);
#4912=ORIENTED_EDGE('',*,*,#3904,.T.);
#4913=ORIENTED_EDGE('',*,*,#3896,.F.);
#4914=ORIENTED_EDGE('',*,*,#3905,.F.);
#4915=ORIENTED_EDGE('',*,*,#3891,.F.);
#4916=ORIENTED_EDGE('',*,*,#3906,.F.);
#4917=ORIENTED_EDGE('',*,*,#3907,.F.);
#4918=ORIENTED_EDGE('',*,*,#3908,.T.);
#4919=ORIENTED_EDGE('',*,*,#3892,.F.);
#4920=ORIENTED_EDGE('',*,*,#3908,.F.);
#4921=ORIENTED_EDGE('',*,*,#3909,.F.);
#4922=ORIENTED_EDGE('',*,*,#3910,.T.);
#4923=ORIENTED_EDGE('',*,*,#3893,.F.);
#4924=ORIENTED_EDGE('',*,*,#3910,.F.);
#4925=ORIENTED_EDGE('',*,*,#3911,.F.);
#4926=ORIENTED_EDGE('',*,*,#3912,.T.);
#4927=ORIENTED_EDGE('',*,*,#3888,.F.);
#4928=ORIENTED_EDGE('',*,*,#3912,.F.);
#4929=ORIENTED_EDGE('',*,*,#3913,.F.);
#4930=ORIENTED_EDGE('',*,*,#3914,.T.);
#4931=ORIENTED_EDGE('',*,*,#3889,.F.);
#4932=ORIENTED_EDGE('',*,*,#3914,.F.);
#4933=ORIENTED_EDGE('',*,*,#3915,.F.);
#4934=ORIENTED_EDGE('',*,*,#3916,.T.);
#4935=ORIENTED_EDGE('',*,*,#3890,.F.);
#4936=ORIENTED_EDGE('',*,*,#3916,.F.);
#4937=ORIENTED_EDGE('',*,*,#3917,.F.);
#4938=ORIENTED_EDGE('',*,*,#3906,.T.);
#4939=ORIENTED_EDGE('',*,*,#3885,.F.);
#4940=ORIENTED_EDGE('',*,*,#3918,.F.);
#4941=ORIENTED_EDGE('',*,*,#3919,.F.);
#4942=ORIENTED_EDGE('',*,*,#3920,.T.);
#4943=ORIENTED_EDGE('',*,*,#3886,.F.);
#4944=ORIENTED_EDGE('',*,*,#3920,.F.);
#4945=ORIENTED_EDGE('',*,*,#3921,.F.);
#4946=ORIENTED_EDGE('',*,*,#3922,.T.);
#4947=ORIENTED_EDGE('',*,*,#3887,.F.);
#4948=ORIENTED_EDGE('',*,*,#3922,.F.);
#4949=ORIENTED_EDGE('',*,*,#3923,.F.);
#4950=ORIENTED_EDGE('',*,*,#3924,.T.);
#4951=ORIENTED_EDGE('',*,*,#3882,.F.);
#4952=ORIENTED_EDGE('',*,*,#3924,.F.);
#4953=ORIENTED_EDGE('',*,*,#3925,.F.);
#4954=ORIENTED_EDGE('',*,*,#3926,.T.);
#4955=ORIENTED_EDGE('',*,*,#3883,.F.);
#4956=ORIENTED_EDGE('',*,*,#3926,.F.);
#4957=ORIENTED_EDGE('',*,*,#3927,.F.);
#4958=ORIENTED_EDGE('',*,*,#3928,.T.);
#4959=ORIENTED_EDGE('',*,*,#3884,.F.);
#4960=ORIENTED_EDGE('',*,*,#3928,.F.);
#4961=ORIENTED_EDGE('',*,*,#3929,.F.);
#4962=ORIENTED_EDGE('',*,*,#3918,.T.);
#4963=ORIENTED_EDGE('',*,*,#3879,.F.);
#4964=ORIENTED_EDGE('',*,*,#3930,.F.);
#4965=ORIENTED_EDGE('',*,*,#3931,.F.);
#4966=ORIENTED_EDGE('',*,*,#3932,.T.);
#4967=ORIENTED_EDGE('',*,*,#3880,.F.);
#4968=ORIENTED_EDGE('',*,*,#3932,.F.);
#4969=ORIENTED_EDGE('',*,*,#3933,.F.);
#4970=ORIENTED_EDGE('',*,*,#3934,.T.);
#4971=ORIENTED_EDGE('',*,*,#3881,.F.);
#4972=ORIENTED_EDGE('',*,*,#3934,.F.);
#4973=ORIENTED_EDGE('',*,*,#3935,.F.);
#4974=ORIENTED_EDGE('',*,*,#3936,.T.);
#4975=ORIENTED_EDGE('',*,*,#3876,.F.);
#4976=ORIENTED_EDGE('',*,*,#3936,.F.);
#4977=ORIENTED_EDGE('',*,*,#3937,.F.);
#4978=ORIENTED_EDGE('',*,*,#3938,.T.);
#4979=ORIENTED_EDGE('',*,*,#3877,.F.);
#4980=ORIENTED_EDGE('',*,*,#3938,.F.);
#4981=ORIENTED_EDGE('',*,*,#3939,.F.);
#4982=ORIENTED_EDGE('',*,*,#3940,.T.);
#4983=ORIENTED_EDGE('',*,*,#3878,.F.);
#4984=ORIENTED_EDGE('',*,*,#3940,.F.);
#4985=ORIENTED_EDGE('',*,*,#3941,.F.);
#4986=ORIENTED_EDGE('',*,*,#3930,.T.);
#4987=ORIENTED_EDGE('',*,*,#3873,.F.);
#4988=ORIENTED_EDGE('',*,*,#3942,.F.);
#4989=ORIENTED_EDGE('',*,*,#3943,.F.);
#4990=ORIENTED_EDGE('',*,*,#3944,.T.);
#4991=ORIENTED_EDGE('',*,*,#3874,.F.);
#4992=ORIENTED_EDGE('',*,*,#3944,.F.);
#4993=ORIENTED_EDGE('',*,*,#3945,.F.);
#4994=ORIENTED_EDGE('',*,*,#3946,.T.);
#4995=ORIENTED_EDGE('',*,*,#3875,.F.);
#4996=ORIENTED_EDGE('',*,*,#3946,.F.);
#4997=ORIENTED_EDGE('',*,*,#3947,.F.);
#4998=ORIENTED_EDGE('',*,*,#3948,.T.);
#4999=ORIENTED_EDGE('',*,*,#3870,.F.);
#5000=ORIENTED_EDGE('',*,*,#3948,.F.);
#5001=ORIENTED_EDGE('',*,*,#3949,.F.);
#5002=ORIENTED_EDGE('',*,*,#3950,.T.);
#5003=ORIENTED_EDGE('',*,*,#3871,.F.);
#5004=ORIENTED_EDGE('',*,*,#3950,.F.);
#5005=ORIENTED_EDGE('',*,*,#3951,.F.);
#5006=ORIENTED_EDGE('',*,*,#3952,.T.);
#5007=ORIENTED_EDGE('',*,*,#3872,.F.);
#5008=ORIENTED_EDGE('',*,*,#3952,.F.);
#5009=ORIENTED_EDGE('',*,*,#3953,.F.);
#5010=ORIENTED_EDGE('',*,*,#3942,.T.);
#5011=ORIENTED_EDGE('',*,*,#3867,.F.);
#5012=ORIENTED_EDGE('',*,*,#3954,.F.);
#5013=ORIENTED_EDGE('',*,*,#3955,.F.);
#5014=ORIENTED_EDGE('',*,*,#3956,.T.);
#5015=ORIENTED_EDGE('',*,*,#3868,.F.);
#5016=ORIENTED_EDGE('',*,*,#3956,.F.);
#5017=ORIENTED_EDGE('',*,*,#3957,.F.);
#5018=ORIENTED_EDGE('',*,*,#3958,.T.);
#5019=ORIENTED_EDGE('',*,*,#3869,.F.);
#5020=ORIENTED_EDGE('',*,*,#3958,.F.);
#5021=ORIENTED_EDGE('',*,*,#3959,.F.);
#5022=ORIENTED_EDGE('',*,*,#3960,.T.);
#5023=ORIENTED_EDGE('',*,*,#3864,.F.);
#5024=ORIENTED_EDGE('',*,*,#3960,.F.);
#5025=ORIENTED_EDGE('',*,*,#3961,.F.);
#5026=ORIENTED_EDGE('',*,*,#3962,.T.);
#5027=ORIENTED_EDGE('',*,*,#3865,.F.);
#5028=ORIENTED_EDGE('',*,*,#3962,.F.);
#5029=ORIENTED_EDGE('',*,*,#3963,.F.);
#5030=ORIENTED_EDGE('',*,*,#3964,.T.);
#5031=ORIENTED_EDGE('',*,*,#3866,.F.);
#5032=ORIENTED_EDGE('',*,*,#3964,.F.);
#5033=ORIENTED_EDGE('',*,*,#3965,.F.);
#5034=ORIENTED_EDGE('',*,*,#3954,.T.);
#5035=ORIENTED_EDGE('',*,*,#3861,.F.);
#5036=ORIENTED_EDGE('',*,*,#3966,.F.);
#5037=ORIENTED_EDGE('',*,*,#3967,.F.);
#5038=ORIENTED_EDGE('',*,*,#3968,.T.);
#5039=ORIENTED_EDGE('',*,*,#3862,.F.);
#5040=ORIENTED_EDGE('',*,*,#3968,.F.);
#5041=ORIENTED_EDGE('',*,*,#3969,.F.);
#5042=ORIENTED_EDGE('',*,*,#3970,.T.);
#5043=ORIENTED_EDGE('',*,*,#3863,.F.);
#5044=ORIENTED_EDGE('',*,*,#3970,.F.);
#5045=ORIENTED_EDGE('',*,*,#3971,.F.);
#5046=ORIENTED_EDGE('',*,*,#3972,.T.);
#5047=ORIENTED_EDGE('',*,*,#3858,.F.);
#5048=ORIENTED_EDGE('',*,*,#3972,.F.);
#5049=ORIENTED_EDGE('',*,*,#3973,.F.);
#5050=ORIENTED_EDGE('',*,*,#3974,.T.);
#5051=ORIENTED_EDGE('',*,*,#3859,.F.);
#5052=ORIENTED_EDGE('',*,*,#3974,.F.);
#5053=ORIENTED_EDGE('',*,*,#3975,.F.);
#5054=ORIENTED_EDGE('',*,*,#3976,.T.);
#5055=ORIENTED_EDGE('',*,*,#3860,.F.);
#5056=ORIENTED_EDGE('',*,*,#3976,.F.);
#5057=ORIENTED_EDGE('',*,*,#3977,.F.);
#5058=ORIENTED_EDGE('',*,*,#3966,.T.);
#5059=ORIENTED_EDGE('',*,*,#3855,.F.);
#5060=ORIENTED_EDGE('',*,*,#3978,.F.);
#5061=ORIENTED_EDGE('',*,*,#3979,.F.);
#5062=ORIENTED_EDGE('',*,*,#3980,.T.);
#5063=ORIENTED_EDGE('',*,*,#3856,.F.);
#5064=ORIENTED_EDGE('',*,*,#3980,.F.);
#5065=ORIENTED_EDGE('',*,*,#3981,.F.);
#5066=ORIENTED_EDGE('',*,*,#3982,.T.);
#5067=ORIENTED_EDGE('',*,*,#3857,.F.);
#5068=ORIENTED_EDGE('',*,*,#3982,.F.);
#5069=ORIENTED_EDGE('',*,*,#3983,.F.);
#5070=ORIENTED_EDGE('',*,*,#3984,.T.);
#5071=ORIENTED_EDGE('',*,*,#3852,.F.);
#5072=ORIENTED_EDGE('',*,*,#3984,.F.);
#5073=ORIENTED_EDGE('',*,*,#3985,.F.);
#5074=ORIENTED_EDGE('',*,*,#3986,.T.);
#5075=ORIENTED_EDGE('',*,*,#3853,.F.);
#5076=ORIENTED_EDGE('',*,*,#3986,.F.);
#5077=ORIENTED_EDGE('',*,*,#3987,.F.);
#5078=ORIENTED_EDGE('',*,*,#3988,.T.);
#5079=ORIENTED_EDGE('',*,*,#3854,.F.);
#5080=ORIENTED_EDGE('',*,*,#3988,.F.);
#5081=ORIENTED_EDGE('',*,*,#3989,.F.);
#5082=ORIENTED_EDGE('',*,*,#3978,.T.);
#5083=ORIENTED_EDGE('',*,*,#3849,.F.);
#5084=ORIENTED_EDGE('',*,*,#3990,.F.);
#5085=ORIENTED_EDGE('',*,*,#3991,.F.);
#5086=ORIENTED_EDGE('',*,*,#3992,.T.);
#5087=ORIENTED_EDGE('',*,*,#3850,.F.);
#5088=ORIENTED_EDGE('',*,*,#3992,.F.);
#5089=ORIENTED_EDGE('',*,*,#3993,.F.);
#5090=ORIENTED_EDGE('',*,*,#3994,.T.);
#5091=ORIENTED_EDGE('',*,*,#3851,.F.);
#5092=ORIENTED_EDGE('',*,*,#3994,.F.);
#5093=ORIENTED_EDGE('',*,*,#3995,.F.);
#5094=ORIENTED_EDGE('',*,*,#3996,.T.);
#5095=ORIENTED_EDGE('',*,*,#3846,.F.);
#5096=ORIENTED_EDGE('',*,*,#3996,.F.);
#5097=ORIENTED_EDGE('',*,*,#3997,.F.);
#5098=ORIENTED_EDGE('',*,*,#3998,.T.);
#5099=ORIENTED_EDGE('',*,*,#3847,.F.);
#5100=ORIENTED_EDGE('',*,*,#3998,.F.);
#5101=ORIENTED_EDGE('',*,*,#3999,.F.);
#5102=ORIENTED_EDGE('',*,*,#4000,.T.);
#5103=ORIENTED_EDGE('',*,*,#3848,.F.);
#5104=ORIENTED_EDGE('',*,*,#4000,.F.);
#5105=ORIENTED_EDGE('',*,*,#4001,.F.);
#5106=ORIENTED_EDGE('',*,*,#3990,.T.);
#5107=ORIENTED_EDGE('',*,*,#3603,.F.);
#5108=ORIENTED_EDGE('',*,*,#4002,.F.);
#5109=ORIENTED_EDGE('',*,*,#4003,.F.);
#5110=ORIENTED_EDGE('',*,*,#4004,.T.);
#5111=ORIENTED_EDGE('',*,*,#3604,.F.);
#5112=ORIENTED_EDGE('',*,*,#4004,.F.);
#5113=ORIENTED_EDGE('',*,*,#4005,.F.);
#5114=ORIENTED_EDGE('',*,*,#4006,.T.);
#5115=ORIENTED_EDGE('',*,*,#3605,.F.);
#5116=ORIENTED_EDGE('',*,*,#4006,.F.);
#5117=ORIENTED_EDGE('',*,*,#4007,.F.);
#5118=ORIENTED_EDGE('',*,*,#4008,.T.);
#5119=ORIENTED_EDGE('',*,*,#3600,.F.);
#5120=ORIENTED_EDGE('',*,*,#4008,.F.);
#5121=ORIENTED_EDGE('',*,*,#4009,.F.);
#5122=ORIENTED_EDGE('',*,*,#4010,.T.);
#5123=ORIENTED_EDGE('',*,*,#3601,.F.);
#5124=ORIENTED_EDGE('',*,*,#4010,.F.);
#5125=ORIENTED_EDGE('',*,*,#4011,.F.);
#5126=ORIENTED_EDGE('',*,*,#4012,.T.);
#5127=ORIENTED_EDGE('',*,*,#3602,.F.);
#5128=ORIENTED_EDGE('',*,*,#4012,.F.);
#5129=ORIENTED_EDGE('',*,*,#4013,.F.);
#5130=ORIENTED_EDGE('',*,*,#4002,.T.);
#5131=ORIENTED_EDGE('',*,*,#3609,.F.);
#5132=ORIENTED_EDGE('',*,*,#4014,.F.);
#5133=ORIENTED_EDGE('',*,*,#4015,.F.);
#5134=ORIENTED_EDGE('',*,*,#4016,.T.);
#5135=ORIENTED_EDGE('',*,*,#3610,.F.);
#5136=ORIENTED_EDGE('',*,*,#4016,.F.);
#5137=ORIENTED_EDGE('',*,*,#4017,.F.);
#5138=ORIENTED_EDGE('',*,*,#4018,.T.);
#5139=ORIENTED_EDGE('',*,*,#3611,.F.);
#5140=ORIENTED_EDGE('',*,*,#4018,.F.);
#5141=ORIENTED_EDGE('',*,*,#4019,.F.);
#5142=ORIENTED_EDGE('',*,*,#4020,.T.);
#5143=ORIENTED_EDGE('',*,*,#3606,.F.);
#5144=ORIENTED_EDGE('',*,*,#4020,.F.);
#5145=ORIENTED_EDGE('',*,*,#4021,.F.);
#5146=ORIENTED_EDGE('',*,*,#4022,.T.);
#5147=ORIENTED_EDGE('',*,*,#3607,.F.);
#5148=ORIENTED_EDGE('',*,*,#4022,.F.);
#5149=ORIENTED_EDGE('',*,*,#4023,.F.);
#5150=ORIENTED_EDGE('',*,*,#4024,.T.);
#5151=ORIENTED_EDGE('',*,*,#3608,.F.);
#5152=ORIENTED_EDGE('',*,*,#4024,.F.);
#5153=ORIENTED_EDGE('',*,*,#4025,.F.);
#5154=ORIENTED_EDGE('',*,*,#4014,.T.);
#5155=ORIENTED_EDGE('',*,*,#3615,.F.);
#5156=ORIENTED_EDGE('',*,*,#4026,.F.);
#5157=ORIENTED_EDGE('',*,*,#4027,.F.);
#5158=ORIENTED_EDGE('',*,*,#4028,.T.);
#5159=ORIENTED_EDGE('',*,*,#3616,.F.);
#5160=ORIENTED_EDGE('',*,*,#4028,.F.);
#5161=ORIENTED_EDGE('',*,*,#4029,.F.);
#5162=ORIENTED_EDGE('',*,*,#4030,.T.);
#5163=ORIENTED_EDGE('',*,*,#3617,.F.);
#5164=ORIENTED_EDGE('',*,*,#4030,.F.);
#5165=ORIENTED_EDGE('',*,*,#4031,.F.);
#5166=ORIENTED_EDGE('',*,*,#4032,.T.);
#5167=ORIENTED_EDGE('',*,*,#3612,.F.);
#5168=ORIENTED_EDGE('',*,*,#4032,.F.);
#5169=ORIENTED_EDGE('',*,*,#4033,.F.);
#5170=ORIENTED_EDGE('',*,*,#4034,.T.);
#5171=ORIENTED_EDGE('',*,*,#3613,.F.);
#5172=ORIENTED_EDGE('',*,*,#4034,.F.);
#5173=ORIENTED_EDGE('',*,*,#4035,.F.);
#5174=ORIENTED_EDGE('',*,*,#4036,.T.);
#5175=ORIENTED_EDGE('',*,*,#3614,.F.);
#5176=ORIENTED_EDGE('',*,*,#4036,.F.);
#5177=ORIENTED_EDGE('',*,*,#4037,.F.);
#5178=ORIENTED_EDGE('',*,*,#4026,.T.);
#5179=ORIENTED_EDGE('',*,*,#3621,.F.);
#5180=ORIENTED_EDGE('',*,*,#4038,.F.);
#5181=ORIENTED_EDGE('',*,*,#4039,.F.);
#5182=ORIENTED_EDGE('',*,*,#4040,.T.);
#5183=ORIENTED_EDGE('',*,*,#3622,.F.);
#5184=ORIENTED_EDGE('',*,*,#4040,.F.);
#5185=ORIENTED_EDGE('',*,*,#4041,.F.);
#5186=ORIENTED_EDGE('',*,*,#4042,.T.);
#5187=ORIENTED_EDGE('',*,*,#3623,.F.);
#5188=ORIENTED_EDGE('',*,*,#4042,.F.);
#5189=ORIENTED_EDGE('',*,*,#4043,.F.);
#5190=ORIENTED_EDGE('',*,*,#4044,.T.);
#5191=ORIENTED_EDGE('',*,*,#3618,.F.);
#5192=ORIENTED_EDGE('',*,*,#4044,.F.);
#5193=ORIENTED_EDGE('',*,*,#4045,.F.);
#5194=ORIENTED_EDGE('',*,*,#4046,.T.);
#5195=ORIENTED_EDGE('',*,*,#3619,.F.);
#5196=ORIENTED_EDGE('',*,*,#4046,.F.);
#5197=ORIENTED_EDGE('',*,*,#4047,.F.);
#5198=ORIENTED_EDGE('',*,*,#4048,.T.);
#5199=ORIENTED_EDGE('',*,*,#3620,.F.);
#5200=ORIENTED_EDGE('',*,*,#4048,.F.);
#5201=ORIENTED_EDGE('',*,*,#4049,.F.);
#5202=ORIENTED_EDGE('',*,*,#4038,.T.);
#5203=ORIENTED_EDGE('',*,*,#3627,.F.);
#5204=ORIENTED_EDGE('',*,*,#4050,.F.);
#5205=ORIENTED_EDGE('',*,*,#4051,.F.);
#5206=ORIENTED_EDGE('',*,*,#4052,.T.);
#5207=ORIENTED_EDGE('',*,*,#3628,.F.);
#5208=ORIENTED_EDGE('',*,*,#4052,.F.);
#5209=ORIENTED_EDGE('',*,*,#4053,.F.);
#5210=ORIENTED_EDGE('',*,*,#4054,.T.);
#5211=ORIENTED_EDGE('',*,*,#3629,.F.);
#5212=ORIENTED_EDGE('',*,*,#4054,.F.);
#5213=ORIENTED_EDGE('',*,*,#4055,.F.);
#5214=ORIENTED_EDGE('',*,*,#4056,.T.);
#5215=ORIENTED_EDGE('',*,*,#3624,.F.);
#5216=ORIENTED_EDGE('',*,*,#4056,.F.);
#5217=ORIENTED_EDGE('',*,*,#4057,.F.);
#5218=ORIENTED_EDGE('',*,*,#4058,.T.);
#5219=ORIENTED_EDGE('',*,*,#3625,.F.);
#5220=ORIENTED_EDGE('',*,*,#4058,.F.);
#5221=ORIENTED_EDGE('',*,*,#4059,.F.);
#5222=ORIENTED_EDGE('',*,*,#4060,.T.);
#5223=ORIENTED_EDGE('',*,*,#3626,.F.);
#5224=ORIENTED_EDGE('',*,*,#4060,.F.);
#5225=ORIENTED_EDGE('',*,*,#4061,.F.);
#5226=ORIENTED_EDGE('',*,*,#4050,.T.);
#5227=ORIENTED_EDGE('',*,*,#3633,.F.);
#5228=ORIENTED_EDGE('',*,*,#4062,.F.);
#5229=ORIENTED_EDGE('',*,*,#4063,.F.);
#5230=ORIENTED_EDGE('',*,*,#4064,.T.);
#5231=ORIENTED_EDGE('',*,*,#3634,.F.);
#5232=ORIENTED_EDGE('',*,*,#4064,.F.);
#5233=ORIENTED_EDGE('',*,*,#4065,.F.);
#5234=ORIENTED_EDGE('',*,*,#4066,.T.);
#5235=ORIENTED_EDGE('',*,*,#3635,.F.);
#5236=ORIENTED_EDGE('',*,*,#4066,.F.);
#5237=ORIENTED_EDGE('',*,*,#4067,.F.);
#5238=ORIENTED_EDGE('',*,*,#4068,.T.);
#5239=ORIENTED_EDGE('',*,*,#3630,.F.);
#5240=ORIENTED_EDGE('',*,*,#4068,.F.);
#5241=ORIENTED_EDGE('',*,*,#4069,.F.);
#5242=ORIENTED_EDGE('',*,*,#4070,.T.);
#5243=ORIENTED_EDGE('',*,*,#3631,.F.);
#5244=ORIENTED_EDGE('',*,*,#4070,.F.);
#5245=ORIENTED_EDGE('',*,*,#4071,.F.);
#5246=ORIENTED_EDGE('',*,*,#4072,.T.);
#5247=ORIENTED_EDGE('',*,*,#3632,.F.);
#5248=ORIENTED_EDGE('',*,*,#4072,.F.);
#5249=ORIENTED_EDGE('',*,*,#4073,.F.);
#5250=ORIENTED_EDGE('',*,*,#4062,.T.);
#5251=ORIENTED_EDGE('',*,*,#3639,.F.);
#5252=ORIENTED_EDGE('',*,*,#4074,.F.);
#5253=ORIENTED_EDGE('',*,*,#4075,.F.);
#5254=ORIENTED_EDGE('',*,*,#4076,.T.);
#5255=ORIENTED_EDGE('',*,*,#3640,.F.);
#5256=ORIENTED_EDGE('',*,*,#4076,.F.);
#5257=ORIENTED_EDGE('',*,*,#4077,.F.);
#5258=ORIENTED_EDGE('',*,*,#4078,.T.);
#5259=ORIENTED_EDGE('',*,*,#3641,.F.);
#5260=ORIENTED_EDGE('',*,*,#4078,.F.);
#5261=ORIENTED_EDGE('',*,*,#4079,.F.);
#5262=ORIENTED_EDGE('',*,*,#4080,.T.);
#5263=ORIENTED_EDGE('',*,*,#3636,.F.);
#5264=ORIENTED_EDGE('',*,*,#4080,.F.);
#5265=ORIENTED_EDGE('',*,*,#4081,.F.);
#5266=ORIENTED_EDGE('',*,*,#4082,.T.);
#5267=ORIENTED_EDGE('',*,*,#3637,.F.);
#5268=ORIENTED_EDGE('',*,*,#4082,.F.);
#5269=ORIENTED_EDGE('',*,*,#4083,.F.);
#5270=ORIENTED_EDGE('',*,*,#4084,.T.);
#5271=ORIENTED_EDGE('',*,*,#3638,.F.);
#5272=ORIENTED_EDGE('',*,*,#4084,.F.);
#5273=ORIENTED_EDGE('',*,*,#4085,.F.);
#5274=ORIENTED_EDGE('',*,*,#4074,.T.);
#5275=ORIENTED_EDGE('',*,*,#3645,.F.);
#5276=ORIENTED_EDGE('',*,*,#4086,.F.);
#5277=ORIENTED_EDGE('',*,*,#4087,.F.);
#5278=ORIENTED_EDGE('',*,*,#4088,.T.);
#5279=ORIENTED_EDGE('',*,*,#3646,.F.);
#5280=ORIENTED_EDGE('',*,*,#4088,.F.);
#5281=ORIENTED_EDGE('',*,*,#4089,.F.);
#5282=ORIENTED_EDGE('',*,*,#4090,.T.);
#5283=ORIENTED_EDGE('',*,*,#3647,.F.);
#5284=ORIENTED_EDGE('',*,*,#4090,.F.);
#5285=ORIENTED_EDGE('',*,*,#4091,.F.);
#5286=ORIENTED_EDGE('',*,*,#4092,.T.);
#5287=ORIENTED_EDGE('',*,*,#3642,.F.);
#5288=ORIENTED_EDGE('',*,*,#4092,.F.);
#5289=ORIENTED_EDGE('',*,*,#4093,.F.);
#5290=ORIENTED_EDGE('',*,*,#4094,.T.);
#5291=ORIENTED_EDGE('',*,*,#3643,.F.);
#5292=ORIENTED_EDGE('',*,*,#4094,.F.);
#5293=ORIENTED_EDGE('',*,*,#4095,.F.);
#5294=ORIENTED_EDGE('',*,*,#4096,.T.);
#5295=ORIENTED_EDGE('',*,*,#3644,.F.);
#5296=ORIENTED_EDGE('',*,*,#4096,.F.);
#5297=ORIENTED_EDGE('',*,*,#4097,.F.);
#5298=ORIENTED_EDGE('',*,*,#4086,.T.);
#5299=ORIENTED_EDGE('',*,*,#3651,.F.);
#5300=ORIENTED_EDGE('',*,*,#4098,.F.);
#5301=ORIENTED_EDGE('',*,*,#4099,.F.);
#5302=ORIENTED_EDGE('',*,*,#4100,.T.);
#5303=ORIENTED_EDGE('',*,*,#3652,.F.);
#5304=ORIENTED_EDGE('',*,*,#4100,.F.);
#5305=ORIENTED_EDGE('',*,*,#4101,.F.);
#5306=ORIENTED_EDGE('',*,*,#4102,.T.);
#5307=ORIENTED_EDGE('',*,*,#3653,.F.);
#5308=ORIENTED_EDGE('',*,*,#4102,.F.);
#5309=ORIENTED_EDGE('',*,*,#4103,.F.);
#5310=ORIENTED_EDGE('',*,*,#4104,.T.);
#5311=ORIENTED_EDGE('',*,*,#3648,.F.);
#5312=ORIENTED_EDGE('',*,*,#4104,.F.);
#5313=ORIENTED_EDGE('',*,*,#4105,.F.);
#5314=ORIENTED_EDGE('',*,*,#4106,.T.);
#5315=ORIENTED_EDGE('',*,*,#3649,.F.);
#5316=ORIENTED_EDGE('',*,*,#4106,.F.);
#5317=ORIENTED_EDGE('',*,*,#4107,.F.);
#5318=ORIENTED_EDGE('',*,*,#4108,.T.);
#5319=ORIENTED_EDGE('',*,*,#3650,.F.);
#5320=ORIENTED_EDGE('',*,*,#4108,.F.);
#5321=ORIENTED_EDGE('',*,*,#4109,.F.);
#5322=ORIENTED_EDGE('',*,*,#4098,.T.);
#5323=ORIENTED_EDGE('',*,*,#3657,.F.);
#5324=ORIENTED_EDGE('',*,*,#4110,.F.);
#5325=ORIENTED_EDGE('',*,*,#4111,.F.);
#5326=ORIENTED_EDGE('',*,*,#4112,.T.);
#5327=ORIENTED_EDGE('',*,*,#3658,.F.);
#5328=ORIENTED_EDGE('',*,*,#4112,.F.);
#5329=ORIENTED_EDGE('',*,*,#4113,.F.);
#5330=ORIENTED_EDGE('',*,*,#4114,.T.);
#5331=ORIENTED_EDGE('',*,*,#3659,.F.);
#5332=ORIENTED_EDGE('',*,*,#4114,.F.);
#5333=ORIENTED_EDGE('',*,*,#4115,.F.);
#5334=ORIENTED_EDGE('',*,*,#4116,.T.);
#5335=ORIENTED_EDGE('',*,*,#3654,.F.);
#5336=ORIENTED_EDGE('',*,*,#4116,.F.);
#5337=ORIENTED_EDGE('',*,*,#4117,.F.);
#5338=ORIENTED_EDGE('',*,*,#4118,.T.);
#5339=ORIENTED_EDGE('',*,*,#3655,.F.);
#5340=ORIENTED_EDGE('',*,*,#4118,.F.);
#5341=ORIENTED_EDGE('',*,*,#4119,.F.);
#5342=ORIENTED_EDGE('',*,*,#4120,.T.);
#5343=ORIENTED_EDGE('',*,*,#3656,.F.);
#5344=ORIENTED_EDGE('',*,*,#4120,.F.);
#5345=ORIENTED_EDGE('',*,*,#4121,.F.);
#5346=ORIENTED_EDGE('',*,*,#4110,.T.);
#5347=ORIENTED_EDGE('',*,*,#3663,.F.);
#5348=ORIENTED_EDGE('',*,*,#4122,.F.);
#5349=ORIENTED_EDGE('',*,*,#4123,.F.);
#5350=ORIENTED_EDGE('',*,*,#4124,.T.);
#5351=ORIENTED_EDGE('',*,*,#3664,.F.);
#5352=ORIENTED_EDGE('',*,*,#4124,.F.);
#5353=ORIENTED_EDGE('',*,*,#4125,.F.);
#5354=ORIENTED_EDGE('',*,*,#4126,.T.);
#5355=ORIENTED_EDGE('',*,*,#3665,.F.);
#5356=ORIENTED_EDGE('',*,*,#4126,.F.);
#5357=ORIENTED_EDGE('',*,*,#4127,.F.);
#5358=ORIENTED_EDGE('',*,*,#4128,.T.);
#5359=ORIENTED_EDGE('',*,*,#3660,.F.);
#5360=ORIENTED_EDGE('',*,*,#4128,.F.);
#5361=ORIENTED_EDGE('',*,*,#4129,.F.);
#5362=ORIENTED_EDGE('',*,*,#4130,.T.);
#5363=ORIENTED_EDGE('',*,*,#3661,.F.);
#5364=ORIENTED_EDGE('',*,*,#4130,.F.);
#5365=ORIENTED_EDGE('',*,*,#4131,.F.);
#5366=ORIENTED_EDGE('',*,*,#4132,.T.);
#5367=ORIENTED_EDGE('',*,*,#3662,.F.);
#5368=ORIENTED_EDGE('',*,*,#4132,.F.);
#5369=ORIENTED_EDGE('',*,*,#4133,.F.);
#5370=ORIENTED_EDGE('',*,*,#4122,.T.);
#5371=ORIENTED_EDGE('',*,*,#3669,.F.);
#5372=ORIENTED_EDGE('',*,*,#4134,.F.);
#5373=ORIENTED_EDGE('',*,*,#4135,.F.);
#5374=ORIENTED_EDGE('',*,*,#4136,.T.);
#5375=ORIENTED_EDGE('',*,*,#3670,.F.);
#5376=ORIENTED_EDGE('',*,*,#4136,.F.);
#5377=ORIENTED_EDGE('',*,*,#4137,.F.);
#5378=ORIENTED_EDGE('',*,*,#4138,.T.);
#5379=ORIENTED_EDGE('',*,*,#3671,.F.);
#5380=ORIENTED_EDGE('',*,*,#4138,.F.);
#5381=ORIENTED_EDGE('',*,*,#4139,.F.);
#5382=ORIENTED_EDGE('',*,*,#4140,.T.);
#5383=ORIENTED_EDGE('',*,*,#3666,.F.);
#5384=ORIENTED_EDGE('',*,*,#4140,.F.);
#5385=ORIENTED_EDGE('',*,*,#4141,.F.);
#5386=ORIENTED_EDGE('',*,*,#4142,.T.);
#5387=ORIENTED_EDGE('',*,*,#3667,.F.);
#5388=ORIENTED_EDGE('',*,*,#4142,.F.);
#5389=ORIENTED_EDGE('',*,*,#4143,.F.);
#5390=ORIENTED_EDGE('',*,*,#4144,.T.);
#5391=ORIENTED_EDGE('',*,*,#3668,.F.);
#5392=ORIENTED_EDGE('',*,*,#4144,.F.);
#5393=ORIENTED_EDGE('',*,*,#4145,.F.);
#5394=ORIENTED_EDGE('',*,*,#4134,.T.);
#5395=ORIENTED_EDGE('',*,*,#3675,.F.);
#5396=ORIENTED_EDGE('',*,*,#4146,.F.);
#5397=ORIENTED_EDGE('',*,*,#4147,.F.);
#5398=ORIENTED_EDGE('',*,*,#4148,.T.);
#5399=ORIENTED_EDGE('',*,*,#3676,.F.);
#5400=ORIENTED_EDGE('',*,*,#4148,.F.);
#5401=ORIENTED_EDGE('',*,*,#4149,.F.);
#5402=ORIENTED_EDGE('',*,*,#4150,.T.);
#5403=ORIENTED_EDGE('',*,*,#3677,.F.);
#5404=ORIENTED_EDGE('',*,*,#4150,.F.);
#5405=ORIENTED_EDGE('',*,*,#4151,.F.);
#5406=ORIENTED_EDGE('',*,*,#4152,.T.);
#5407=ORIENTED_EDGE('',*,*,#3672,.F.);
#5408=ORIENTED_EDGE('',*,*,#4152,.F.);
#5409=ORIENTED_EDGE('',*,*,#4153,.F.);
#5410=ORIENTED_EDGE('',*,*,#4154,.T.);
#5411=ORIENTED_EDGE('',*,*,#3673,.F.);
#5412=ORIENTED_EDGE('',*,*,#4154,.F.);
#5413=ORIENTED_EDGE('',*,*,#4155,.F.);
#5414=ORIENTED_EDGE('',*,*,#4156,.T.);
#5415=ORIENTED_EDGE('',*,*,#3674,.F.);
#5416=ORIENTED_EDGE('',*,*,#4156,.F.);
#5417=ORIENTED_EDGE('',*,*,#4157,.F.);
#5418=ORIENTED_EDGE('',*,*,#4146,.T.);
#5419=ORIENTED_EDGE('',*,*,#3681,.F.);
#5420=ORIENTED_EDGE('',*,*,#4158,.F.);
#5421=ORIENTED_EDGE('',*,*,#4159,.F.);
#5422=ORIENTED_EDGE('',*,*,#4160,.T.);
#5423=ORIENTED_EDGE('',*,*,#3682,.F.);
#5424=ORIENTED_EDGE('',*,*,#4160,.F.);
#5425=ORIENTED_EDGE('',*,*,#4161,.F.);
#5426=ORIENTED_EDGE('',*,*,#4162,.T.);
#5427=ORIENTED_EDGE('',*,*,#3683,.F.);
#5428=ORIENTED_EDGE('',*,*,#4162,.F.);
#5429=ORIENTED_EDGE('',*,*,#4163,.F.);
#5430=ORIENTED_EDGE('',*,*,#4164,.T.);
#5431=ORIENTED_EDGE('',*,*,#3678,.F.);
#5432=ORIENTED_EDGE('',*,*,#4164,.F.);
#5433=ORIENTED_EDGE('',*,*,#4165,.F.);
#5434=ORIENTED_EDGE('',*,*,#4166,.T.);
#5435=ORIENTED_EDGE('',*,*,#3679,.F.);
#5436=ORIENTED_EDGE('',*,*,#4166,.F.);
#5437=ORIENTED_EDGE('',*,*,#4167,.F.);
#5438=ORIENTED_EDGE('',*,*,#4168,.T.);
#5439=ORIENTED_EDGE('',*,*,#3680,.F.);
#5440=ORIENTED_EDGE('',*,*,#4168,.F.);
#5441=ORIENTED_EDGE('',*,*,#4169,.F.);
#5442=ORIENTED_EDGE('',*,*,#4158,.T.);
#5443=ORIENTED_EDGE('',*,*,#3687,.F.);
#5444=ORIENTED_EDGE('',*,*,#4170,.F.);
#5445=ORIENTED_EDGE('',*,*,#4171,.F.);
#5446=ORIENTED_EDGE('',*,*,#4172,.T.);
#5447=ORIENTED_EDGE('',*,*,#3688,.F.);
#5448=ORIENTED_EDGE('',*,*,#4172,.F.);
#5449=ORIENTED_EDGE('',*,*,#4173,.F.);
#5450=ORIENTED_EDGE('',*,*,#4174,.T.);
#5451=ORIENTED_EDGE('',*,*,#3689,.F.);
#5452=ORIENTED_EDGE('',*,*,#4174,.F.);
#5453=ORIENTED_EDGE('',*,*,#4175,.F.);
#5454=ORIENTED_EDGE('',*,*,#4176,.T.);
#5455=ORIENTED_EDGE('',*,*,#3684,.F.);
#5456=ORIENTED_EDGE('',*,*,#4176,.F.);
#5457=ORIENTED_EDGE('',*,*,#4177,.F.);
#5458=ORIENTED_EDGE('',*,*,#4178,.T.);
#5459=ORIENTED_EDGE('',*,*,#3685,.F.);
#5460=ORIENTED_EDGE('',*,*,#4178,.F.);
#5461=ORIENTED_EDGE('',*,*,#4179,.F.);
#5462=ORIENTED_EDGE('',*,*,#4180,.T.);
#5463=ORIENTED_EDGE('',*,*,#3686,.F.);
#5464=ORIENTED_EDGE('',*,*,#4180,.F.);
#5465=ORIENTED_EDGE('',*,*,#4181,.F.);
#5466=ORIENTED_EDGE('',*,*,#4170,.T.);
#5467=ORIENTED_EDGE('',*,*,#3693,.F.);
#5468=ORIENTED_EDGE('',*,*,#4182,.F.);
#5469=ORIENTED_EDGE('',*,*,#4183,.F.);
#5470=ORIENTED_EDGE('',*,*,#4184,.T.);
#5471=ORIENTED_EDGE('',*,*,#3694,.F.);
#5472=ORIENTED_EDGE('',*,*,#4184,.F.);
#5473=ORIENTED_EDGE('',*,*,#4185,.F.);
#5474=ORIENTED_EDGE('',*,*,#4186,.T.);
#5475=ORIENTED_EDGE('',*,*,#3695,.F.);
#5476=ORIENTED_EDGE('',*,*,#4186,.F.);
#5477=ORIENTED_EDGE('',*,*,#4187,.F.);
#5478=ORIENTED_EDGE('',*,*,#4188,.T.);
#5479=ORIENTED_EDGE('',*,*,#3690,.F.);
#5480=ORIENTED_EDGE('',*,*,#4188,.F.);
#5481=ORIENTED_EDGE('',*,*,#4189,.F.);
#5482=ORIENTED_EDGE('',*,*,#4190,.T.);
#5483=ORIENTED_EDGE('',*,*,#3691,.F.);
#5484=ORIENTED_EDGE('',*,*,#4190,.F.);
#5485=ORIENTED_EDGE('',*,*,#4191,.F.);
#5486=ORIENTED_EDGE('',*,*,#4192,.T.);
#5487=ORIENTED_EDGE('',*,*,#3692,.F.);
#5488=ORIENTED_EDGE('',*,*,#4192,.F.);
#5489=ORIENTED_EDGE('',*,*,#4193,.F.);
#5490=ORIENTED_EDGE('',*,*,#4182,.T.);
#5491=ORIENTED_EDGE('',*,*,#3699,.F.);
#5492=ORIENTED_EDGE('',*,*,#4194,.F.);
#5493=ORIENTED_EDGE('',*,*,#4195,.F.);
#5494=ORIENTED_EDGE('',*,*,#4196,.T.);
#5495=ORIENTED_EDGE('',*,*,#3700,.F.);
#5496=ORIENTED_EDGE('',*,*,#4196,.F.);
#5497=ORIENTED_EDGE('',*,*,#4197,.F.);
#5498=ORIENTED_EDGE('',*,*,#4198,.T.);
#5499=ORIENTED_EDGE('',*,*,#3701,.F.);
#5500=ORIENTED_EDGE('',*,*,#4198,.F.);
#5501=ORIENTED_EDGE('',*,*,#4199,.F.);
#5502=ORIENTED_EDGE('',*,*,#4200,.T.);
#5503=ORIENTED_EDGE('',*,*,#3696,.F.);
#5504=ORIENTED_EDGE('',*,*,#4200,.F.);
#5505=ORIENTED_EDGE('',*,*,#4201,.F.);
#5506=ORIENTED_EDGE('',*,*,#4202,.T.);
#5507=ORIENTED_EDGE('',*,*,#3697,.F.);
#5508=ORIENTED_EDGE('',*,*,#4202,.F.);
#5509=ORIENTED_EDGE('',*,*,#4203,.F.);
#5510=ORIENTED_EDGE('',*,*,#4204,.T.);
#5511=ORIENTED_EDGE('',*,*,#3698,.F.);
#5512=ORIENTED_EDGE('',*,*,#4204,.F.);
#5513=ORIENTED_EDGE('',*,*,#4205,.F.);
#5514=ORIENTED_EDGE('',*,*,#4194,.T.);
#5515=ORIENTED_EDGE('',*,*,#3705,.F.);
#5516=ORIENTED_EDGE('',*,*,#4206,.F.);
#5517=ORIENTED_EDGE('',*,*,#4207,.F.);
#5518=ORIENTED_EDGE('',*,*,#4208,.T.);
#5519=ORIENTED_EDGE('',*,*,#3706,.F.);
#5520=ORIENTED_EDGE('',*,*,#4208,.F.);
#5521=ORIENTED_EDGE('',*,*,#4209,.F.);
#5522=ORIENTED_EDGE('',*,*,#4210,.T.);
#5523=ORIENTED_EDGE('',*,*,#3707,.F.);
#5524=ORIENTED_EDGE('',*,*,#4210,.F.);
#5525=ORIENTED_EDGE('',*,*,#4211,.F.);
#5526=ORIENTED_EDGE('',*,*,#4212,.T.);
#5527=ORIENTED_EDGE('',*,*,#3702,.F.);
#5528=ORIENTED_EDGE('',*,*,#4212,.F.);
#5529=ORIENTED_EDGE('',*,*,#4213,.F.);
#5530=ORIENTED_EDGE('',*,*,#4214,.T.);
#5531=ORIENTED_EDGE('',*,*,#3703,.F.);
#5532=ORIENTED_EDGE('',*,*,#4214,.F.);
#5533=ORIENTED_EDGE('',*,*,#4215,.F.);
#5534=ORIENTED_EDGE('',*,*,#4216,.T.);
#5535=ORIENTED_EDGE('',*,*,#3704,.F.);
#5536=ORIENTED_EDGE('',*,*,#4216,.F.);
#5537=ORIENTED_EDGE('',*,*,#4217,.F.);
#5538=ORIENTED_EDGE('',*,*,#4206,.T.);
#5539=ORIENTED_EDGE('',*,*,#3711,.F.);
#5540=ORIENTED_EDGE('',*,*,#4218,.F.);
#5541=ORIENTED_EDGE('',*,*,#4219,.F.);
#5542=ORIENTED_EDGE('',*,*,#4220,.T.);
#5543=ORIENTED_EDGE('',*,*,#3712,.F.);
#5544=ORIENTED_EDGE('',*,*,#4220,.F.);
#5545=ORIENTED_EDGE('',*,*,#4221,.F.);
#5546=ORIENTED_EDGE('',*,*,#4222,.T.);
#5547=ORIENTED_EDGE('',*,*,#3713,.F.);
#5548=ORIENTED_EDGE('',*,*,#4222,.F.);
#5549=ORIENTED_EDGE('',*,*,#4223,.F.);
#5550=ORIENTED_EDGE('',*,*,#4224,.T.);
#5551=ORIENTED_EDGE('',*,*,#3708,.F.);
#5552=ORIENTED_EDGE('',*,*,#4224,.F.);
#5553=ORIENTED_EDGE('',*,*,#4225,.F.);
#5554=ORIENTED_EDGE('',*,*,#4226,.T.);
#5555=ORIENTED_EDGE('',*,*,#3709,.F.);
#5556=ORIENTED_EDGE('',*,*,#4226,.F.);
#5557=ORIENTED_EDGE('',*,*,#4227,.F.);
#5558=ORIENTED_EDGE('',*,*,#4228,.T.);
#5559=ORIENTED_EDGE('',*,*,#3710,.F.);
#5560=ORIENTED_EDGE('',*,*,#4228,.F.);
#5561=ORIENTED_EDGE('',*,*,#4229,.F.);
#5562=ORIENTED_EDGE('',*,*,#4218,.T.);
#5563=ORIENTED_EDGE('',*,*,#3717,.F.);
#5564=ORIENTED_EDGE('',*,*,#4230,.F.);
#5565=ORIENTED_EDGE('',*,*,#4231,.F.);
#5566=ORIENTED_EDGE('',*,*,#4232,.T.);
#5567=ORIENTED_EDGE('',*,*,#3718,.F.);
#5568=ORIENTED_EDGE('',*,*,#4232,.F.);
#5569=ORIENTED_EDGE('',*,*,#4233,.F.);
#5570=ORIENTED_EDGE('',*,*,#4234,.T.);
#5571=ORIENTED_EDGE('',*,*,#3719,.F.);
#5572=ORIENTED_EDGE('',*,*,#4234,.F.);
#5573=ORIENTED_EDGE('',*,*,#4235,.F.);
#5574=ORIENTED_EDGE('',*,*,#4236,.T.);
#5575=ORIENTED_EDGE('',*,*,#3714,.F.);
#5576=ORIENTED_EDGE('',*,*,#4236,.F.);
#5577=ORIENTED_EDGE('',*,*,#4237,.F.);
#5578=ORIENTED_EDGE('',*,*,#4238,.T.);
#5579=ORIENTED_EDGE('',*,*,#3715,.F.);
#5580=ORIENTED_EDGE('',*,*,#4238,.F.);
#5581=ORIENTED_EDGE('',*,*,#4239,.F.);
#5582=ORIENTED_EDGE('',*,*,#4240,.T.);
#5583=ORIENTED_EDGE('',*,*,#3716,.F.);
#5584=ORIENTED_EDGE('',*,*,#4240,.F.);
#5585=ORIENTED_EDGE('',*,*,#4241,.F.);
#5586=ORIENTED_EDGE('',*,*,#4230,.T.);
#5587=ORIENTED_EDGE('',*,*,#3723,.F.);
#5588=ORIENTED_EDGE('',*,*,#4242,.F.);
#5589=ORIENTED_EDGE('',*,*,#4243,.F.);
#5590=ORIENTED_EDGE('',*,*,#4244,.T.);
#5591=ORIENTED_EDGE('',*,*,#3724,.F.);
#5592=ORIENTED_EDGE('',*,*,#4244,.F.);
#5593=ORIENTED_EDGE('',*,*,#4245,.F.);
#5594=ORIENTED_EDGE('',*,*,#4246,.T.);
#5595=ORIENTED_EDGE('',*,*,#3725,.F.);
#5596=ORIENTED_EDGE('',*,*,#4246,.F.);
#5597=ORIENTED_EDGE('',*,*,#4247,.F.);
#5598=ORIENTED_EDGE('',*,*,#4248,.T.);
#5599=ORIENTED_EDGE('',*,*,#3720,.F.);
#5600=ORIENTED_EDGE('',*,*,#4248,.F.);
#5601=ORIENTED_EDGE('',*,*,#4249,.F.);
#5602=ORIENTED_EDGE('',*,*,#4250,.T.);
#5603=ORIENTED_EDGE('',*,*,#3721,.F.);
#5604=ORIENTED_EDGE('',*,*,#4250,.F.);
#5605=ORIENTED_EDGE('',*,*,#4251,.F.);
#5606=ORIENTED_EDGE('',*,*,#4252,.T.);
#5607=ORIENTED_EDGE('',*,*,#3722,.F.);
#5608=ORIENTED_EDGE('',*,*,#4252,.F.);
#5609=ORIENTED_EDGE('',*,*,#4253,.F.);
#5610=ORIENTED_EDGE('',*,*,#4242,.T.);
#5611=ORIENTED_EDGE('',*,*,#3729,.F.);
#5612=ORIENTED_EDGE('',*,*,#4254,.F.);
#5613=ORIENTED_EDGE('',*,*,#4255,.F.);
#5614=ORIENTED_EDGE('',*,*,#4256,.T.);
#5615=ORIENTED_EDGE('',*,*,#3730,.F.);
#5616=ORIENTED_EDGE('',*,*,#4256,.F.);
#5617=ORIENTED_EDGE('',*,*,#4257,.F.);
#5618=ORIENTED_EDGE('',*,*,#4258,.T.);
#5619=ORIENTED_EDGE('',*,*,#3731,.F.);
#5620=ORIENTED_EDGE('',*,*,#4258,.F.);
#5621=ORIENTED_EDGE('',*,*,#4259,.F.);
#5622=ORIENTED_EDGE('',*,*,#4260,.T.);
#5623=ORIENTED_EDGE('',*,*,#3726,.F.);
#5624=ORIENTED_EDGE('',*,*,#4260,.F.);
#5625=ORIENTED_EDGE('',*,*,#4261,.F.);
#5626=ORIENTED_EDGE('',*,*,#4262,.T.);
#5627=ORIENTED_EDGE('',*,*,#3727,.F.);
#5628=ORIENTED_EDGE('',*,*,#4262,.F.);
#5629=ORIENTED_EDGE('',*,*,#4263,.F.);
#5630=ORIENTED_EDGE('',*,*,#4264,.T.);
#5631=ORIENTED_EDGE('',*,*,#3728,.F.);
#5632=ORIENTED_EDGE('',*,*,#4264,.F.);
#5633=ORIENTED_EDGE('',*,*,#4265,.F.);
#5634=ORIENTED_EDGE('',*,*,#4254,.T.);
#5635=ORIENTED_EDGE('',*,*,#3735,.F.);
#5636=ORIENTED_EDGE('',*,*,#4266,.F.);
#5637=ORIENTED_EDGE('',*,*,#4267,.F.);
#5638=ORIENTED_EDGE('',*,*,#4268,.T.);
#5639=ORIENTED_EDGE('',*,*,#3736,.F.);
#5640=ORIENTED_EDGE('',*,*,#4268,.F.);
#5641=ORIENTED_EDGE('',*,*,#4269,.F.);
#5642=ORIENTED_EDGE('',*,*,#4270,.T.);
#5643=ORIENTED_EDGE('',*,*,#3737,.F.);
#5644=ORIENTED_EDGE('',*,*,#4270,.F.);
#5645=ORIENTED_EDGE('',*,*,#4271,.F.);
#5646=ORIENTED_EDGE('',*,*,#4272,.T.);
#5647=ORIENTED_EDGE('',*,*,#3732,.F.);
#5648=ORIENTED_EDGE('',*,*,#4272,.F.);
#5649=ORIENTED_EDGE('',*,*,#4273,.F.);
#5650=ORIENTED_EDGE('',*,*,#4274,.T.);
#5651=ORIENTED_EDGE('',*,*,#3733,.F.);
#5652=ORIENTED_EDGE('',*,*,#4274,.F.);
#5653=ORIENTED_EDGE('',*,*,#4275,.F.);
#5654=ORIENTED_EDGE('',*,*,#4276,.T.);
#5655=ORIENTED_EDGE('',*,*,#3734,.F.);
#5656=ORIENTED_EDGE('',*,*,#4276,.F.);
#5657=ORIENTED_EDGE('',*,*,#4277,.F.);
#5658=ORIENTED_EDGE('',*,*,#4266,.T.);
#5659=ORIENTED_EDGE('',*,*,#3741,.F.);
#5660=ORIENTED_EDGE('',*,*,#4278,.F.);
#5661=ORIENTED_EDGE('',*,*,#4279,.F.);
#5662=ORIENTED_EDGE('',*,*,#4280,.T.);
#5663=ORIENTED_EDGE('',*,*,#3742,.F.);
#5664=ORIENTED_EDGE('',*,*,#4280,.F.);
#5665=ORIENTED_EDGE('',*,*,#4281,.F.);
#5666=ORIENTED_EDGE('',*,*,#4282,.T.);
#5667=ORIENTED_EDGE('',*,*,#3743,.F.);
#5668=ORIENTED_EDGE('',*,*,#4282,.F.);
#5669=ORIENTED_EDGE('',*,*,#4283,.F.);
#5670=ORIENTED_EDGE('',*,*,#4284,.T.);
#5671=ORIENTED_EDGE('',*,*,#3738,.F.);
#5672=ORIENTED_EDGE('',*,*,#4284,.F.);
#5673=ORIENTED_EDGE('',*,*,#4285,.F.);
#5674=ORIENTED_EDGE('',*,*,#4286,.T.);
#5675=ORIENTED_EDGE('',*,*,#3739,.F.);
#5676=ORIENTED_EDGE('',*,*,#4286,.F.);
#5677=ORIENTED_EDGE('',*,*,#4287,.F.);
#5678=ORIENTED_EDGE('',*,*,#4288,.T.);
#5679=ORIENTED_EDGE('',*,*,#3740,.F.);
#5680=ORIENTED_EDGE('',*,*,#4288,.F.);
#5681=ORIENTED_EDGE('',*,*,#4289,.F.);
#5682=ORIENTED_EDGE('',*,*,#4278,.T.);
#5683=ORIENTED_EDGE('',*,*,#3747,.F.);
#5684=ORIENTED_EDGE('',*,*,#4290,.F.);
#5685=ORIENTED_EDGE('',*,*,#4291,.F.);
#5686=ORIENTED_EDGE('',*,*,#4292,.T.);
#5687=ORIENTED_EDGE('',*,*,#3748,.F.);
#5688=ORIENTED_EDGE('',*,*,#4292,.F.);
#5689=ORIENTED_EDGE('',*,*,#4293,.F.);
#5690=ORIENTED_EDGE('',*,*,#4294,.T.);
#5691=ORIENTED_EDGE('',*,*,#3749,.F.);
#5692=ORIENTED_EDGE('',*,*,#4294,.F.);
#5693=ORIENTED_EDGE('',*,*,#4295,.F.);
#5694=ORIENTED_EDGE('',*,*,#4296,.T.);
#5695=ORIENTED_EDGE('',*,*,#3744,.F.);
#5696=ORIENTED_EDGE('',*,*,#4296,.F.);
#5697=ORIENTED_EDGE('',*,*,#4297,.F.);
#5698=ORIENTED_EDGE('',*,*,#4298,.T.);
#5699=ORIENTED_EDGE('',*,*,#3745,.F.);
#5700=ORIENTED_EDGE('',*,*,#4298,.F.);
#5701=ORIENTED_EDGE('',*,*,#4299,.F.);
#5702=ORIENTED_EDGE('',*,*,#4300,.T.);
#5703=ORIENTED_EDGE('',*,*,#3746,.F.);
#5704=ORIENTED_EDGE('',*,*,#4300,.F.);
#5705=ORIENTED_EDGE('',*,*,#4301,.F.);
#5706=ORIENTED_EDGE('',*,*,#4290,.T.);
#5707=ORIENTED_EDGE('',*,*,#3753,.F.);
#5708=ORIENTED_EDGE('',*,*,#4302,.F.);
#5709=ORIENTED_EDGE('',*,*,#4303,.F.);
#5710=ORIENTED_EDGE('',*,*,#4304,.T.);
#5711=ORIENTED_EDGE('',*,*,#3754,.F.);
#5712=ORIENTED_EDGE('',*,*,#4304,.F.);
#5713=ORIENTED_EDGE('',*,*,#4305,.F.);
#5714=ORIENTED_EDGE('',*,*,#4306,.T.);
#5715=ORIENTED_EDGE('',*,*,#3755,.F.);
#5716=ORIENTED_EDGE('',*,*,#4306,.F.);
#5717=ORIENTED_EDGE('',*,*,#4307,.F.);
#5718=ORIENTED_EDGE('',*,*,#4308,.T.);
#5719=ORIENTED_EDGE('',*,*,#3750,.F.);
#5720=ORIENTED_EDGE('',*,*,#4308,.F.);
#5721=ORIENTED_EDGE('',*,*,#4309,.F.);
#5722=ORIENTED_EDGE('',*,*,#4310,.T.);
#5723=ORIENTED_EDGE('',*,*,#3751,.F.);
#5724=ORIENTED_EDGE('',*,*,#4310,.F.);
#5725=ORIENTED_EDGE('',*,*,#4311,.F.);
#5726=ORIENTED_EDGE('',*,*,#4312,.T.);
#5727=ORIENTED_EDGE('',*,*,#3752,.F.);
#5728=ORIENTED_EDGE('',*,*,#4312,.F.);
#5729=ORIENTED_EDGE('',*,*,#4313,.F.);
#5730=ORIENTED_EDGE('',*,*,#4302,.T.);
#5731=ORIENTED_EDGE('',*,*,#3759,.F.);
#5732=ORIENTED_EDGE('',*,*,#4314,.F.);
#5733=ORIENTED_EDGE('',*,*,#4315,.F.);
#5734=ORIENTED_EDGE('',*,*,#4316,.T.);
#5735=ORIENTED_EDGE('',*,*,#3760,.F.);
#5736=ORIENTED_EDGE('',*,*,#4316,.F.);
#5737=ORIENTED_EDGE('',*,*,#4317,.F.);
#5738=ORIENTED_EDGE('',*,*,#4318,.T.);
#5739=ORIENTED_EDGE('',*,*,#3761,.F.);
#5740=ORIENTED_EDGE('',*,*,#4318,.F.);
#5741=ORIENTED_EDGE('',*,*,#4319,.F.);
#5742=ORIENTED_EDGE('',*,*,#4320,.T.);
#5743=ORIENTED_EDGE('',*,*,#3756,.F.);
#5744=ORIENTED_EDGE('',*,*,#4320,.F.);
#5745=ORIENTED_EDGE('',*,*,#4321,.F.);
#5746=ORIENTED_EDGE('',*,*,#4322,.T.);
#5747=ORIENTED_EDGE('',*,*,#3757,.F.);
#5748=ORIENTED_EDGE('',*,*,#4322,.F.);
#5749=ORIENTED_EDGE('',*,*,#4323,.F.);
#5750=ORIENTED_EDGE('',*,*,#4324,.T.);
#5751=ORIENTED_EDGE('',*,*,#3758,.F.);
#5752=ORIENTED_EDGE('',*,*,#4324,.F.);
#5753=ORIENTED_EDGE('',*,*,#4325,.F.);
#5754=ORIENTED_EDGE('',*,*,#4314,.T.);
#5755=ORIENTED_EDGE('',*,*,#3765,.F.);
#5756=ORIENTED_EDGE('',*,*,#4326,.F.);
#5757=ORIENTED_EDGE('',*,*,#4327,.F.);
#5758=ORIENTED_EDGE('',*,*,#4328,.T.);
#5759=ORIENTED_EDGE('',*,*,#3766,.F.);
#5760=ORIENTED_EDGE('',*,*,#4328,.F.);
#5761=ORIENTED_EDGE('',*,*,#4329,.F.);
#5762=ORIENTED_EDGE('',*,*,#4330,.T.);
#5763=ORIENTED_EDGE('',*,*,#3767,.F.);
#5764=ORIENTED_EDGE('',*,*,#4330,.F.);
#5765=ORIENTED_EDGE('',*,*,#4331,.F.);
#5766=ORIENTED_EDGE('',*,*,#4332,.T.);
#5767=ORIENTED_EDGE('',*,*,#3762,.F.);
#5768=ORIENTED_EDGE('',*,*,#4332,.F.);
#5769=ORIENTED_EDGE('',*,*,#4333,.F.);
#5770=ORIENTED_EDGE('',*,*,#4334,.T.);
#5771=ORIENTED_EDGE('',*,*,#3763,.F.);
#5772=ORIENTED_EDGE('',*,*,#4334,.F.);
#5773=ORIENTED_EDGE('',*,*,#4335,.F.);
#5774=ORIENTED_EDGE('',*,*,#4336,.T.);
#5775=ORIENTED_EDGE('',*,*,#3764,.F.);
#5776=ORIENTED_EDGE('',*,*,#4336,.F.);
#5777=ORIENTED_EDGE('',*,*,#4337,.F.);
#5778=ORIENTED_EDGE('',*,*,#4326,.T.);
#5779=ORIENTED_EDGE('',*,*,#3771,.F.);
#5780=ORIENTED_EDGE('',*,*,#4338,.F.);
#5781=ORIENTED_EDGE('',*,*,#4339,.F.);
#5782=ORIENTED_EDGE('',*,*,#4340,.T.);
#5783=ORIENTED_EDGE('',*,*,#3772,.F.);
#5784=ORIENTED_EDGE('',*,*,#4340,.F.);
#5785=ORIENTED_EDGE('',*,*,#4341,.F.);
#5786=ORIENTED_EDGE('',*,*,#4342,.T.);
#5787=ORIENTED_EDGE('',*,*,#3773,.F.);
#5788=ORIENTED_EDGE('',*,*,#4342,.F.);
#5789=ORIENTED_EDGE('',*,*,#4343,.F.);
#5790=ORIENTED_EDGE('',*,*,#4344,.T.);
#5791=ORIENTED_EDGE('',*,*,#3768,.F.);
#5792=ORIENTED_EDGE('',*,*,#4344,.F.);
#5793=ORIENTED_EDGE('',*,*,#4345,.F.);
#5794=ORIENTED_EDGE('',*,*,#4346,.T.);
#5795=ORIENTED_EDGE('',*,*,#3769,.F.);
#5796=ORIENTED_EDGE('',*,*,#4346,.F.);
#5797=ORIENTED_EDGE('',*,*,#4347,.F.);
#5798=ORIENTED_EDGE('',*,*,#4348,.T.);
#5799=ORIENTED_EDGE('',*,*,#3770,.F.);
#5800=ORIENTED_EDGE('',*,*,#4348,.F.);
#5801=ORIENTED_EDGE('',*,*,#4349,.F.);
#5802=ORIENTED_EDGE('',*,*,#4338,.T.);
#5803=ORIENTED_EDGE('',*,*,#3777,.F.);
#5804=ORIENTED_EDGE('',*,*,#4350,.F.);
#5805=ORIENTED_EDGE('',*,*,#4351,.F.);
#5806=ORIENTED_EDGE('',*,*,#4352,.T.);
#5807=ORIENTED_EDGE('',*,*,#3778,.F.);
#5808=ORIENTED_EDGE('',*,*,#4352,.F.);
#5809=ORIENTED_EDGE('',*,*,#4353,.F.);
#5810=ORIENTED_EDGE('',*,*,#4354,.T.);
#5811=ORIENTED_EDGE('',*,*,#3779,.F.);
#5812=ORIENTED_EDGE('',*,*,#4354,.F.);
#5813=ORIENTED_EDGE('',*,*,#4355,.F.);
#5814=ORIENTED_EDGE('',*,*,#4356,.T.);
#5815=ORIENTED_EDGE('',*,*,#3774,.F.);
#5816=ORIENTED_EDGE('',*,*,#4356,.F.);
#5817=ORIENTED_EDGE('',*,*,#4357,.F.);
#5818=ORIENTED_EDGE('',*,*,#4358,.T.);
#5819=ORIENTED_EDGE('',*,*,#3775,.F.);
#5820=ORIENTED_EDGE('',*,*,#4358,.F.);
#5821=ORIENTED_EDGE('',*,*,#4359,.F.);
#5822=ORIENTED_EDGE('',*,*,#4360,.T.);
#5823=ORIENTED_EDGE('',*,*,#3776,.F.);
#5824=ORIENTED_EDGE('',*,*,#4360,.F.);
#5825=ORIENTED_EDGE('',*,*,#4361,.F.);
#5826=ORIENTED_EDGE('',*,*,#4350,.T.);
#5827=ORIENTED_EDGE('',*,*,#3783,.F.);
#5828=ORIENTED_EDGE('',*,*,#4362,.F.);
#5829=ORIENTED_EDGE('',*,*,#4363,.F.);
#5830=ORIENTED_EDGE('',*,*,#4364,.T.);
#5831=ORIENTED_EDGE('',*,*,#3784,.F.);
#5832=ORIENTED_EDGE('',*,*,#4364,.F.);
#5833=ORIENTED_EDGE('',*,*,#4365,.F.);
#5834=ORIENTED_EDGE('',*,*,#4366,.T.);
#5835=ORIENTED_EDGE('',*,*,#3785,.F.);
#5836=ORIENTED_EDGE('',*,*,#4366,.F.);
#5837=ORIENTED_EDGE('',*,*,#4367,.F.);
#5838=ORIENTED_EDGE('',*,*,#4368,.T.);
#5839=ORIENTED_EDGE('',*,*,#3780,.F.);
#5840=ORIENTED_EDGE('',*,*,#4368,.F.);
#5841=ORIENTED_EDGE('',*,*,#4369,.F.);
#5842=ORIENTED_EDGE('',*,*,#4370,.T.);
#5843=ORIENTED_EDGE('',*,*,#3781,.F.);
#5844=ORIENTED_EDGE('',*,*,#4370,.F.);
#5845=ORIENTED_EDGE('',*,*,#4371,.F.);
#5846=ORIENTED_EDGE('',*,*,#4372,.T.);
#5847=ORIENTED_EDGE('',*,*,#3782,.F.);
#5848=ORIENTED_EDGE('',*,*,#4372,.F.);
#5849=ORIENTED_EDGE('',*,*,#4373,.F.);
#5850=ORIENTED_EDGE('',*,*,#4362,.T.);
#5851=ORIENTED_EDGE('',*,*,#3789,.F.);
#5852=ORIENTED_EDGE('',*,*,#4374,.F.);
#5853=ORIENTED_EDGE('',*,*,#4375,.F.);
#5854=ORIENTED_EDGE('',*,*,#4376,.T.);
#5855=ORIENTED_EDGE('',*,*,#3790,.F.);
#5856=ORIENTED_EDGE('',*,*,#4376,.F.);
#5857=ORIENTED_EDGE('',*,*,#4377,.F.);
#5858=ORIENTED_EDGE('',*,*,#4378,.T.);
#5859=ORIENTED_EDGE('',*,*,#3791,.F.);
#5860=ORIENTED_EDGE('',*,*,#4378,.F.);
#5861=ORIENTED_EDGE('',*,*,#4379,.F.);
#5862=ORIENTED_EDGE('',*,*,#4380,.T.);
#5863=ORIENTED_EDGE('',*,*,#3786,.F.);
#5864=ORIENTED_EDGE('',*,*,#4380,.F.);
#5865=ORIENTED_EDGE('',*,*,#4381,.F.);
#5866=ORIENTED_EDGE('',*,*,#4382,.T.);
#5867=ORIENTED_EDGE('',*,*,#3787,.F.);
#5868=ORIENTED_EDGE('',*,*,#4382,.F.);
#5869=ORIENTED_EDGE('',*,*,#4383,.F.);
#5870=ORIENTED_EDGE('',*,*,#4384,.T.);
#5871=ORIENTED_EDGE('',*,*,#3788,.F.);
#5872=ORIENTED_EDGE('',*,*,#4384,.F.);
#5873=ORIENTED_EDGE('',*,*,#4385,.F.);
#5874=ORIENTED_EDGE('',*,*,#4374,.T.);
#5875=ORIENTED_EDGE('',*,*,#3795,.F.);
#5876=ORIENTED_EDGE('',*,*,#4386,.F.);
#5877=ORIENTED_EDGE('',*,*,#4387,.F.);
#5878=ORIENTED_EDGE('',*,*,#4388,.T.);
#5879=ORIENTED_EDGE('',*,*,#3796,.F.);
#5880=ORIENTED_EDGE('',*,*,#4388,.F.);
#5881=ORIENTED_EDGE('',*,*,#4389,.F.);
#5882=ORIENTED_EDGE('',*,*,#4390,.T.);
#5883=ORIENTED_EDGE('',*,*,#3797,.F.);
#5884=ORIENTED_EDGE('',*,*,#4390,.F.);
#5885=ORIENTED_EDGE('',*,*,#4391,.F.);
#5886=ORIENTED_EDGE('',*,*,#4392,.T.);
#5887=ORIENTED_EDGE('',*,*,#3792,.F.);
#5888=ORIENTED_EDGE('',*,*,#4392,.F.);
#5889=ORIENTED_EDGE('',*,*,#4393,.F.);
#5890=ORIENTED_EDGE('',*,*,#4394,.T.);
#5891=ORIENTED_EDGE('',*,*,#3793,.F.);
#5892=ORIENTED_EDGE('',*,*,#4394,.F.);
#5893=ORIENTED_EDGE('',*,*,#4395,.F.);
#5894=ORIENTED_EDGE('',*,*,#4396,.T.);
#5895=ORIENTED_EDGE('',*,*,#3794,.F.);
#5896=ORIENTED_EDGE('',*,*,#4396,.F.);
#5897=ORIENTED_EDGE('',*,*,#4397,.F.);
#5898=ORIENTED_EDGE('',*,*,#4386,.T.);
#5899=ORIENTED_EDGE('',*,*,#3801,.F.);
#5900=ORIENTED_EDGE('',*,*,#4398,.F.);
#5901=ORIENTED_EDGE('',*,*,#4399,.F.);
#5902=ORIENTED_EDGE('',*,*,#4400,.T.);
#5903=ORIENTED_EDGE('',*,*,#3802,.F.);
#5904=ORIENTED_EDGE('',*,*,#4400,.F.);
#5905=ORIENTED_EDGE('',*,*,#4401,.F.);
#5906=ORIENTED_EDGE('',*,*,#4402,.T.);
#5907=ORIENTED_EDGE('',*,*,#3803,.F.);
#5908=ORIENTED_EDGE('',*,*,#4402,.F.);
#5909=ORIENTED_EDGE('',*,*,#4403,.F.);
#5910=ORIENTED_EDGE('',*,*,#4404,.T.);
#5911=ORIENTED_EDGE('',*,*,#3798,.F.);
#5912=ORIENTED_EDGE('',*,*,#4404,.F.);
#5913=ORIENTED_EDGE('',*,*,#4405,.F.);
#5914=ORIENTED_EDGE('',*,*,#4406,.T.);
#5915=ORIENTED_EDGE('',*,*,#3799,.F.);
#5916=ORIENTED_EDGE('',*,*,#4406,.F.);
#5917=ORIENTED_EDGE('',*,*,#4407,.F.);
#5918=ORIENTED_EDGE('',*,*,#4408,.T.);
#5919=ORIENTED_EDGE('',*,*,#3800,.F.);
#5920=ORIENTED_EDGE('',*,*,#4408,.F.);
#5921=ORIENTED_EDGE('',*,*,#4409,.F.);
#5922=ORIENTED_EDGE('',*,*,#4398,.T.);
#5923=ORIENTED_EDGE('',*,*,#3807,.F.);
#5924=ORIENTED_EDGE('',*,*,#4410,.F.);
#5925=ORIENTED_EDGE('',*,*,#4411,.F.);
#5926=ORIENTED_EDGE('',*,*,#4412,.T.);
#5927=ORIENTED_EDGE('',*,*,#3808,.F.);
#5928=ORIENTED_EDGE('',*,*,#4412,.F.);
#5929=ORIENTED_EDGE('',*,*,#4413,.F.);
#5930=ORIENTED_EDGE('',*,*,#4414,.T.);
#5931=ORIENTED_EDGE('',*,*,#3809,.F.);
#5932=ORIENTED_EDGE('',*,*,#4414,.F.);
#5933=ORIENTED_EDGE('',*,*,#4415,.F.);
#5934=ORIENTED_EDGE('',*,*,#4416,.T.);
#5935=ORIENTED_EDGE('',*,*,#3804,.F.);
#5936=ORIENTED_EDGE('',*,*,#4416,.F.);
#5937=ORIENTED_EDGE('',*,*,#4417,.F.);
#5938=ORIENTED_EDGE('',*,*,#4418,.T.);
#5939=ORIENTED_EDGE('',*,*,#3805,.F.);
#5940=ORIENTED_EDGE('',*,*,#4418,.F.);
#5941=ORIENTED_EDGE('',*,*,#4419,.F.);
#5942=ORIENTED_EDGE('',*,*,#4420,.T.);
#5943=ORIENTED_EDGE('',*,*,#3806,.F.);
#5944=ORIENTED_EDGE('',*,*,#4420,.F.);
#5945=ORIENTED_EDGE('',*,*,#4421,.F.);
#5946=ORIENTED_EDGE('',*,*,#4410,.T.);
#5947=ORIENTED_EDGE('',*,*,#3813,.F.);
#5948=ORIENTED_EDGE('',*,*,#4422,.F.);
#5949=ORIENTED_EDGE('',*,*,#4423,.F.);
#5950=ORIENTED_EDGE('',*,*,#4424,.T.);
#5951=ORIENTED_EDGE('',*,*,#3814,.F.);
#5952=ORIENTED_EDGE('',*,*,#4424,.F.);
#5953=ORIENTED_EDGE('',*,*,#4425,.F.);
#5954=ORIENTED_EDGE('',*,*,#4426,.T.);
#5955=ORIENTED_EDGE('',*,*,#3815,.F.);
#5956=ORIENTED_EDGE('',*,*,#4426,.F.);
#5957=ORIENTED_EDGE('',*,*,#4427,.F.);
#5958=ORIENTED_EDGE('',*,*,#4428,.T.);
#5959=ORIENTED_EDGE('',*,*,#3810,.F.);
#5960=ORIENTED_EDGE('',*,*,#4428,.F.);
#5961=ORIENTED_EDGE('',*,*,#4429,.F.);
#5962=ORIENTED_EDGE('',*,*,#4430,.T.);
#5963=ORIENTED_EDGE('',*,*,#3811,.F.);
#5964=ORIENTED_EDGE('',*,*,#4430,.F.);
#5965=ORIENTED_EDGE('',*,*,#4431,.F.);
#5966=ORIENTED_EDGE('',*,*,#4432,.T.);
#5967=ORIENTED_EDGE('',*,*,#3812,.F.);
#5968=ORIENTED_EDGE('',*,*,#4432,.F.);
#5969=ORIENTED_EDGE('',*,*,#4433,.F.);
#5970=ORIENTED_EDGE('',*,*,#4422,.T.);
#5971=ORIENTED_EDGE('',*,*,#3819,.F.);
#5972=ORIENTED_EDGE('',*,*,#4434,.F.);
#5973=ORIENTED_EDGE('',*,*,#4435,.F.);
#5974=ORIENTED_EDGE('',*,*,#4436,.T.);
#5975=ORIENTED_EDGE('',*,*,#3820,.F.);
#5976=ORIENTED_EDGE('',*,*,#4436,.F.);
#5977=ORIENTED_EDGE('',*,*,#4437,.F.);
#5978=ORIENTED_EDGE('',*,*,#4438,.T.);
#5979=ORIENTED_EDGE('',*,*,#3821,.F.);
#5980=ORIENTED_EDGE('',*,*,#4438,.F.);
#5981=ORIENTED_EDGE('',*,*,#4439,.F.);
#5982=ORIENTED_EDGE('',*,*,#4440,.T.);
#5983=ORIENTED_EDGE('',*,*,#3816,.F.);
#5984=ORIENTED_EDGE('',*,*,#4440,.F.);
#5985=ORIENTED_EDGE('',*,*,#4441,.F.);
#5986=ORIENTED_EDGE('',*,*,#4442,.T.);
#5987=ORIENTED_EDGE('',*,*,#3817,.F.);
#5988=ORIENTED_EDGE('',*,*,#4442,.F.);
#5989=ORIENTED_EDGE('',*,*,#4443,.F.);
#5990=ORIENTED_EDGE('',*,*,#4444,.T.);
#5991=ORIENTED_EDGE('',*,*,#3818,.F.);
#5992=ORIENTED_EDGE('',*,*,#4444,.F.);
#5993=ORIENTED_EDGE('',*,*,#4445,.F.);
#5994=ORIENTED_EDGE('',*,*,#4434,.T.);
#5995=ORIENTED_EDGE('',*,*,#3825,.F.);
#5996=ORIENTED_EDGE('',*,*,#4446,.F.);
#5997=ORIENTED_EDGE('',*,*,#4447,.F.);
#5998=ORIENTED_EDGE('',*,*,#4448,.T.);
#5999=ORIENTED_EDGE('',*,*,#3826,.F.);
#6000=ORIENTED_EDGE('',*,*,#4448,.F.);
#6001=ORIENTED_EDGE('',*,*,#4449,.F.);
#6002=ORIENTED_EDGE('',*,*,#4450,.T.);
#6003=ORIENTED_EDGE('',*,*,#3827,.F.);
#6004=ORIENTED_EDGE('',*,*,#4450,.F.);
#6005=ORIENTED_EDGE('',*,*,#4451,.F.);
#6006=ORIENTED_EDGE('',*,*,#4452,.T.);
#6007=ORIENTED_EDGE('',*,*,#3822,.F.);
#6008=ORIENTED_EDGE('',*,*,#4452,.F.);
#6009=ORIENTED_EDGE('',*,*,#4453,.F.);
#6010=ORIENTED_EDGE('',*,*,#4454,.T.);
#6011=ORIENTED_EDGE('',*,*,#3823,.F.);
#6012=ORIENTED_EDGE('',*,*,#4454,.F.);
#6013=ORIENTED_EDGE('',*,*,#4455,.F.);
#6014=ORIENTED_EDGE('',*,*,#4456,.T.);
#6015=ORIENTED_EDGE('',*,*,#3824,.F.);
#6016=ORIENTED_EDGE('',*,*,#4456,.F.);
#6017=ORIENTED_EDGE('',*,*,#4457,.F.);
#6018=ORIENTED_EDGE('',*,*,#4446,.T.);
#6019=ORIENTED_EDGE('',*,*,#3831,.F.);
#6020=ORIENTED_EDGE('',*,*,#4458,.F.);
#6021=ORIENTED_EDGE('',*,*,#4459,.F.);
#6022=ORIENTED_EDGE('',*,*,#4460,.T.);
#6023=ORIENTED_EDGE('',*,*,#3832,.F.);
#6024=ORIENTED_EDGE('',*,*,#4460,.F.);
#6025=ORIENTED_EDGE('',*,*,#4461,.F.);
#6026=ORIENTED_EDGE('',*,*,#4462,.T.);
#6027=ORIENTED_EDGE('',*,*,#3833,.F.);
#6028=ORIENTED_EDGE('',*,*,#4462,.F.);
#6029=ORIENTED_EDGE('',*,*,#4463,.F.);
#6030=ORIENTED_EDGE('',*,*,#4464,.T.);
#6031=ORIENTED_EDGE('',*,*,#3828,.F.);
#6032=ORIENTED_EDGE('',*,*,#4464,.F.);
#6033=ORIENTED_EDGE('',*,*,#4465,.F.);
#6034=ORIENTED_EDGE('',*,*,#4466,.T.);
#6035=ORIENTED_EDGE('',*,*,#3829,.F.);
#6036=ORIENTED_EDGE('',*,*,#4466,.F.);
#6037=ORIENTED_EDGE('',*,*,#4467,.F.);
#6038=ORIENTED_EDGE('',*,*,#4468,.T.);
#6039=ORIENTED_EDGE('',*,*,#3830,.F.);
#6040=ORIENTED_EDGE('',*,*,#4468,.F.);
#6041=ORIENTED_EDGE('',*,*,#4469,.F.);
#6042=ORIENTED_EDGE('',*,*,#4458,.T.);
#6043=ORIENTED_EDGE('',*,*,#3837,.F.);
#6044=ORIENTED_EDGE('',*,*,#4470,.F.);
#6045=ORIENTED_EDGE('',*,*,#4471,.F.);
#6046=ORIENTED_EDGE('',*,*,#4472,.T.);
#6047=ORIENTED_EDGE('',*,*,#3838,.F.);
#6048=ORIENTED_EDGE('',*,*,#4472,.F.);
#6049=ORIENTED_EDGE('',*,*,#4473,.F.);
#6050=ORIENTED_EDGE('',*,*,#4474,.T.);
#6051=ORIENTED_EDGE('',*,*,#3839,.F.);
#6052=ORIENTED_EDGE('',*,*,#4474,.F.);
#6053=ORIENTED_EDGE('',*,*,#4475,.F.);
#6054=ORIENTED_EDGE('',*,*,#4476,.T.);
#6055=ORIENTED_EDGE('',*,*,#3834,.F.);
#6056=ORIENTED_EDGE('',*,*,#4476,.F.);
#6057=ORIENTED_EDGE('',*,*,#4477,.F.);
#6058=ORIENTED_EDGE('',*,*,#4478,.T.);
#6059=ORIENTED_EDGE('',*,*,#3835,.F.);
#6060=ORIENTED_EDGE('',*,*,#4478,.F.);
#6061=ORIENTED_EDGE('',*,*,#4479,.F.);
#6062=ORIENTED_EDGE('',*,*,#4480,.T.);
#6063=ORIENTED_EDGE('',*,*,#3836,.F.);
#6064=ORIENTED_EDGE('',*,*,#4480,.F.);
#6065=ORIENTED_EDGE('',*,*,#4481,.F.);
#6066=ORIENTED_EDGE('',*,*,#4470,.T.);
#6067=ORIENTED_EDGE('',*,*,#4482,.F.);
#6068=ORIENTED_EDGE('',*,*,#4483,.T.);
#6069=ORIENTED_EDGE('',*,*,#4484,.T.);
#6070=ORIENTED_EDGE('',*,*,#4483,.F.);
#6071=ORIENTED_EDGE('',*,*,#4484,.F.);
#6072=ORIENTED_EDGE('',*,*,#4485,.F.);
#6073=ORIENTED_EDGE('',*,*,#4486,.T.);
#6074=ORIENTED_EDGE('',*,*,#4487,.T.);
#6075=ORIENTED_EDGE('',*,*,#4486,.F.);
#6076=ORIENTED_EDGE('',*,*,#4487,.F.);
#6077=ORIENTED_EDGE('',*,*,#4488,.F.);
#6078=ORIENTED_EDGE('',*,*,#4489,.T.);
#6079=ORIENTED_EDGE('',*,*,#3840,.F.);
#6080=ORIENTED_EDGE('',*,*,#4489,.F.);
#6081=ORIENTED_EDGE('',*,*,#4488,.T.);
#6082=ORIENTED_EDGE('',*,*,#4482,.T.);
#6083=ORIENTED_EDGE('',*,*,#4490,.F.);
#6084=ORIENTED_EDGE('',*,*,#4491,.T.);
#6085=ORIENTED_EDGE('',*,*,#3841,.F.);
#6086=ORIENTED_EDGE('',*,*,#4491,.F.);
#6087=ORIENTED_EDGE('',*,*,#4490,.T.);
#6088=ORIENTED_EDGE('',*,*,#4485,.T.);
#6089=ORIENTED_EDGE('',*,*,#3844,.F.);
#6090=ORIENTED_EDGE('',*,*,#4492,.F.);
#6091=ORIENTED_EDGE('',*,*,#4493,.F.);
#6092=ORIENTED_EDGE('',*,*,#4494,.T.);
#6093=ORIENTED_EDGE('',*,*,#3845,.F.);
#6094=ORIENTED_EDGE('',*,*,#4494,.F.);
#6095=ORIENTED_EDGE('',*,*,#4495,.F.);
#6096=ORIENTED_EDGE('',*,*,#4496,.T.);
#6097=ORIENTED_EDGE('',*,*,#3842,.F.);
#6098=ORIENTED_EDGE('',*,*,#4496,.F.);
#6099=ORIENTED_EDGE('',*,*,#4497,.F.);
#6100=ORIENTED_EDGE('',*,*,#4498,.T.);
#6101=ORIENTED_EDGE('',*,*,#3843,.F.);
#6102=ORIENTED_EDGE('',*,*,#4498,.F.);
#6103=ORIENTED_EDGE('',*,*,#4499,.F.);
#6104=ORIENTED_EDGE('',*,*,#4492,.T.);
#6105=ORIENTED_EDGE('',*,*,#4500,.F.);
#6106=ORIENTED_EDGE('',*,*,#4501,.T.);
#6107=ORIENTED_EDGE('',*,*,#3902,.T.);
#6108=ORIENTED_EDGE('',*,*,#3898,.T.);
#6109=ORIENTED_EDGE('',*,*,#3593,.F.);
#6110=ORIENTED_EDGE('',*,*,#4502,.T.);
#6111=ORIENTED_EDGE('',*,*,#4503,.F.);
#6112=ORIENTED_EDGE('',*,*,#3595,.F.);
#6113=ORIENTED_EDGE('',*,*,#3897,.F.);
#6114=ORIENTED_EDGE('',*,*,#3901,.F.);
#6115=ORIENTED_EDGE('',*,*,#4504,.T.);
#6116=ORIENTED_EDGE('',*,*,#4502,.F.);
#6117=ORIENTED_EDGE('',*,*,#3900,.F.);
#6118=ORIENTED_EDGE('',*,*,#4501,.F.);
#6119=ORIENTED_EDGE('',*,*,#4500,.T.);
#6120=ORIENTED_EDGE('',*,*,#3592,.F.);
#6121=ORIENTED_EDGE('',*,*,#4505,.F.);
#6122=ORIENTED_EDGE('',*,*,#4506,.T.);
#6123=ORIENTED_EDGE('',*,*,#4503,.T.);
#6124=ORIENTED_EDGE('',*,*,#4507,.T.);
#6125=ORIENTED_EDGE('',*,*,#3567,.T.);
#6126=ORIENTED_EDGE('',*,*,#3596,.F.);
#6127=ORIENTED_EDGE('',*,*,#4508,.F.);
#6128=ORIENTED_EDGE('',*,*,#4509,.T.);
#6129=ORIENTED_EDGE('',*,*,#3905,.T.);
#6130=ORIENTED_EDGE('',*,*,#3895,.T.);
#6131=ORIENTED_EDGE('',*,*,#3577,.F.);
#6132=ORIENTED_EDGE('',*,*,#4510,.T.);
#6133=ORIENTED_EDGE('',*,*,#4511,.F.);
#6134=ORIENTED_EDGE('',*,*,#3579,.F.);
#6135=ORIENTED_EDGE('',*,*,#3894,.F.);
#6136=ORIENTED_EDGE('',*,*,#3904,.F.);
#6137=ORIENTED_EDGE('',*,*,#4512,.T.);
#6138=ORIENTED_EDGE('',*,*,#4510,.F.);
#6139=ORIENTED_EDGE('',*,*,#3903,.F.);
#6140=ORIENTED_EDGE('',*,*,#4509,.F.);
#6141=ORIENTED_EDGE('',*,*,#4508,.T.);
#6142=ORIENTED_EDGE('',*,*,#3599,.F.);
#6143=ORIENTED_EDGE('',*,*,#4513,.F.);
#6144=ORIENTED_EDGE('',*,*,#4514,.T.);
#6145=ORIENTED_EDGE('',*,*,#4511,.T.);
#6146=ORIENTED_EDGE('',*,*,#4515,.T.);
#6147=ORIENTED_EDGE('',*,*,#4516,.T.);
#6148=ORIENTED_EDGE('',*,*,#3580,.F.);
#6149=ORIENTED_EDGE('',*,*,#4517,.F.);
#6150=ORIENTED_EDGE('',*,*,#4518,.F.);
#6151=ORIENTED_EDGE('',*,*,#4519,.T.);
#6152=ORIENTED_EDGE('',*,*,#4520,.T.);
#6153=ORIENTED_EDGE('',*,*,#4521,.F.);
#6154=ORIENTED_EDGE('',*,*,#3583,.T.);
#6155=ORIENTED_EDGE('',*,*,#3582,.F.);
#6156=ORIENTED_EDGE('',*,*,#4522,.F.);
#6157=ORIENTED_EDGE('',*,*,#4523,.F.);
#6158=ORIENTED_EDGE('',*,*,#4517,.T.);
#6159=ORIENTED_EDGE('',*,*,#3581,.F.);
#6160=ORIENTED_EDGE('',*,*,#4516,.F.);
#6161=ORIENTED_EDGE('',*,*,#4524,.T.);
#6162=ORIENTED_EDGE('',*,*,#4522,.T.);
#6163=ORIENTED_EDGE('',*,*,#3598,.F.);
#6164=ORIENTED_EDGE('',*,*,#4525,.F.);
#6165=ORIENTED_EDGE('',*,*,#4526,.F.);
#6166=ORIENTED_EDGE('',*,*,#4513,.T.);
#6167=ORIENTED_EDGE('',*,*,#4518,.T.);
#6168=ORIENTED_EDGE('',*,*,#4523,.T.);
#6169=ORIENTED_EDGE('',*,*,#4524,.F.);
#6170=ORIENTED_EDGE('',*,*,#4515,.F.);
#6171=ORIENTED_EDGE('',*,*,#4512,.F.);
#6172=ORIENTED_EDGE('',*,*,#4514,.F.);
#6173=ORIENTED_EDGE('',*,*,#4526,.T.);
#6174=ORIENTED_EDGE('',*,*,#4527,.F.);
#6175=ORIENTED_EDGE('',*,*,#3591,.F.);
#6176=ORIENTED_EDGE('',*,*,#4528,.F.);
#6177=ORIENTED_EDGE('',*,*,#4529,.F.);
#6178=ORIENTED_EDGE('',*,*,#4505,.T.);
#6179=ORIENTED_EDGE('',*,*,#4530,.F.);
#6180=ORIENTED_EDGE('',*,*,#4531,.F.);
#6181=ORIENTED_EDGE('',*,*,#4528,.T.);
#6182=ORIENTED_EDGE('',*,*,#3590,.T.);
#6183=ORIENTED_EDGE('',*,*,#3570,.T.);
#6184=ORIENTED_EDGE('',*,*,#4532,.T.);
#6185=ORIENTED_EDGE('',*,*,#3569,.F.);
#6186=ORIENTED_EDGE('',*,*,#4533,.T.);
#6187=ORIENTED_EDGE('',*,*,#4530,.T.);
#6188=ORIENTED_EDGE('',*,*,#4534,.T.);
#6189=ORIENTED_EDGE('',*,*,#4519,.F.);
#6190=ORIENTED_EDGE('',*,*,#4527,.T.);
#6191=ORIENTED_EDGE('',*,*,#4525,.T.);
#6192=ORIENTED_EDGE('',*,*,#3597,.T.);
#6193=ORIENTED_EDGE('',*,*,#4531,.T.);
#6194=ORIENTED_EDGE('',*,*,#4533,.F.);
#6195=ORIENTED_EDGE('',*,*,#3568,.T.);
#6196=ORIENTED_EDGE('',*,*,#4507,.F.);
#6197=ORIENTED_EDGE('',*,*,#4504,.F.);
#6198=ORIENTED_EDGE('',*,*,#4506,.F.);
#6199=ORIENTED_EDGE('',*,*,#4529,.T.);
#6200=ORIENTED_EDGE('',*,*,#4535,.T.);
#6201=ORIENTED_EDGE('',*,*,#4536,.T.);
#6202=ORIENTED_EDGE('',*,*,#4537,.F.);
#6203=ORIENTED_EDGE('',*,*,#4538,.T.);
#6204=ORIENTED_EDGE('',*,*,#4539,.T.);
#6205=ORIENTED_EDGE('',*,*,#4538,.F.);
#6206=ORIENTED_EDGE('',*,*,#4540,.T.);
#6207=ORIENTED_EDGE('',*,*,#3585,.F.);
#6208=ORIENTED_EDGE('',*,*,#4541,.F.);
#6209=ORIENTED_EDGE('',*,*,#4536,.F.);
#6210=ORIENTED_EDGE('',*,*,#4542,.T.);
#6211=ORIENTED_EDGE('',*,*,#4543,.F.);
#6212=ORIENTED_EDGE('',*,*,#4544,.T.);
#6213=ORIENTED_EDGE('',*,*,#4545,.F.);
#6214=ORIENTED_EDGE('',*,*,#4546,.F.);
#6215=ORIENTED_EDGE('',*,*,#4547,.T.);
#6216=ORIENTED_EDGE('',*,*,#3573,.T.);
#6217=ORIENTED_EDGE('',*,*,#4548,.T.);
#6218=ORIENTED_EDGE('',*,*,#4543,.T.);
#6219=ORIENTED_EDGE('',*,*,#4548,.F.);
#6220=ORIENTED_EDGE('',*,*,#3572,.F.);
#6221=ORIENTED_EDGE('',*,*,#3589,.F.);
#6222=ORIENTED_EDGE('',*,*,#3588,.T.);
#6223=ORIENTED_EDGE('',*,*,#3587,.F.);
#6224=ORIENTED_EDGE('',*,*,#4549,.F.);
#6225=ORIENTED_EDGE('',*,*,#4544,.F.);
#6226=ORIENTED_EDGE('',*,*,#4550,.T.);
#6227=ORIENTED_EDGE('',*,*,#4551,.T.);
#6228=ORIENTED_EDGE('',*,*,#4552,.F.);
#6229=ORIENTED_EDGE('',*,*,#3575,.F.);
#6230=ORIENTED_EDGE('',*,*,#4553,.T.);
#6231=ORIENTED_EDGE('',*,*,#4554,.F.);
#6232=ORIENTED_EDGE('',*,*,#4551,.F.);
#6233=ORIENTED_EDGE('',*,*,#4555,.F.);
#6234=ORIENTED_EDGE('',*,*,#4556,.F.);
#6235=ORIENTED_EDGE('',*,*,#4545,.T.);
#6236=ORIENTED_EDGE('',*,*,#4549,.T.);
#6237=ORIENTED_EDGE('',*,*,#4557,.F.);
#6238=ORIENTED_EDGE('',*,*,#4558,.F.);
#6239=ORIENTED_EDGE('',*,*,#4546,.T.);
#6240=ORIENTED_EDGE('',*,*,#4556,.T.);
#6241=ORIENTED_EDGE('',*,*,#4559,.F.);
#6242=ORIENTED_EDGE('',*,*,#4540,.F.);
#6243=ORIENTED_EDGE('',*,*,#4537,.T.);
#6244=ORIENTED_EDGE('',*,*,#4558,.T.);
#6245=ORIENTED_EDGE('',*,*,#4560,.F.);
#6246=ORIENTED_EDGE('',*,*,#4561,.T.);
#6247=ORIENTED_EDGE('',*,*,#4562,.F.);
#6248=ORIENTED_EDGE('',*,*,#4535,.F.);
#6249=ORIENTED_EDGE('',*,*,#4563,.T.);
#6250=ORIENTED_EDGE('',*,*,#4564,.F.);
#6251=ORIENTED_EDGE('',*,*,#4561,.F.);
#6252=ORIENTED_EDGE('',*,*,#4565,.F.);
#6253=ORIENTED_EDGE('',*,*,#4553,.F.);
#6254=ORIENTED_EDGE('',*,*,#4550,.F.);
#6255=ORIENTED_EDGE('',*,*,#3574,.F.);
#6256=ORIENTED_EDGE('',*,*,#4547,.F.);
#6257=ORIENTED_EDGE('',*,*,#4542,.F.);
#6258=ORIENTED_EDGE('',*,*,#4566,.F.);
#6259=ORIENTED_EDGE('',*,*,#4562,.T.);
#6260=ORIENTED_EDGE('',*,*,#4564,.T.);
#6261=ORIENTED_EDGE('',*,*,#4567,.T.);
#6262=ORIENTED_EDGE('',*,*,#4532,.F.);
#6263=ORIENTED_EDGE('',*,*,#3576,.T.);
#6264=ORIENTED_EDGE('',*,*,#4552,.T.);
#6265=ORIENTED_EDGE('',*,*,#4554,.T.);
#6266=ORIENTED_EDGE('',*,*,#4565,.T.);
#6267=ORIENTED_EDGE('',*,*,#4560,.T.);
#6268=ORIENTED_EDGE('',*,*,#4566,.T.);
#6269=ORIENTED_EDGE('',*,*,#4568,.T.);
#6270=ORIENTED_EDGE('',*,*,#4520,.F.);
#6271=ORIENTED_EDGE('',*,*,#4534,.F.);
#6272=ORIENTED_EDGE('',*,*,#4009,.T.);
#6273=ORIENTED_EDGE('',*,*,#4007,.T.);
#6274=ORIENTED_EDGE('',*,*,#4005,.T.);
#6275=ORIENTED_EDGE('',*,*,#4003,.T.);
#6276=ORIENTED_EDGE('',*,*,#4013,.T.);
#6277=ORIENTED_EDGE('',*,*,#4011,.T.);
#6278=ORIENTED_EDGE('',*,*,#4021,.T.);
#6279=ORIENTED_EDGE('',*,*,#4019,.T.);
#6280=ORIENTED_EDGE('',*,*,#4017,.T.);
#6281=ORIENTED_EDGE('',*,*,#4015,.T.);
#6282=ORIENTED_EDGE('',*,*,#4025,.T.);
#6283=ORIENTED_EDGE('',*,*,#4023,.T.);
#6284=ORIENTED_EDGE('',*,*,#4033,.T.);
#6285=ORIENTED_EDGE('',*,*,#4031,.T.);
#6286=ORIENTED_EDGE('',*,*,#4029,.T.);
#6287=ORIENTED_EDGE('',*,*,#4027,.T.);
#6288=ORIENTED_EDGE('',*,*,#4037,.T.);
#6289=ORIENTED_EDGE('',*,*,#4035,.T.);
#6290=ORIENTED_EDGE('',*,*,#4045,.T.);
#6291=ORIENTED_EDGE('',*,*,#4043,.T.);
#6292=ORIENTED_EDGE('',*,*,#4041,.T.);
#6293=ORIENTED_EDGE('',*,*,#4039,.T.);
#6294=ORIENTED_EDGE('',*,*,#4049,.T.);
#6295=ORIENTED_EDGE('',*,*,#4047,.T.);
#6296=ORIENTED_EDGE('',*,*,#4057,.T.);
#6297=ORIENTED_EDGE('',*,*,#4055,.T.);
#6298=ORIENTED_EDGE('',*,*,#4053,.T.);
#6299=ORIENTED_EDGE('',*,*,#4051,.T.);
#6300=ORIENTED_EDGE('',*,*,#4061,.T.);
#6301=ORIENTED_EDGE('',*,*,#4059,.T.);
#6302=ORIENTED_EDGE('',*,*,#4069,.T.);
#6303=ORIENTED_EDGE('',*,*,#4067,.T.);
#6304=ORIENTED_EDGE('',*,*,#4065,.T.);
#6305=ORIENTED_EDGE('',*,*,#4063,.T.);
#6306=ORIENTED_EDGE('',*,*,#4073,.T.);
#6307=ORIENTED_EDGE('',*,*,#4071,.T.);
#6308=ORIENTED_EDGE('',*,*,#4081,.T.);
#6309=ORIENTED_EDGE('',*,*,#4079,.T.);
#6310=ORIENTED_EDGE('',*,*,#4077,.T.);
#6311=ORIENTED_EDGE('',*,*,#4075,.T.);
#6312=ORIENTED_EDGE('',*,*,#4085,.T.);
#6313=ORIENTED_EDGE('',*,*,#4083,.T.);
#6314=ORIENTED_EDGE('',*,*,#4093,.T.);
#6315=ORIENTED_EDGE('',*,*,#4091,.T.);
#6316=ORIENTED_EDGE('',*,*,#4089,.T.);
#6317=ORIENTED_EDGE('',*,*,#4087,.T.);
#6318=ORIENTED_EDGE('',*,*,#4097,.T.);
#6319=ORIENTED_EDGE('',*,*,#4095,.T.);
#6320=ORIENTED_EDGE('',*,*,#4105,.T.);
#6321=ORIENTED_EDGE('',*,*,#4103,.T.);
#6322=ORIENTED_EDGE('',*,*,#4101,.T.);
#6323=ORIENTED_EDGE('',*,*,#4099,.T.);
#6324=ORIENTED_EDGE('',*,*,#4109,.T.);
#6325=ORIENTED_EDGE('',*,*,#4107,.T.);
#6326=ORIENTED_EDGE('',*,*,#4117,.T.);
#6327=ORIENTED_EDGE('',*,*,#4115,.T.);
#6328=ORIENTED_EDGE('',*,*,#4113,.T.);
#6329=ORIENTED_EDGE('',*,*,#4111,.T.);
#6330=ORIENTED_EDGE('',*,*,#4121,.T.);
#6331=ORIENTED_EDGE('',*,*,#4119,.T.);
#6332=ORIENTED_EDGE('',*,*,#4129,.T.);
#6333=ORIENTED_EDGE('',*,*,#4127,.T.);
#6334=ORIENTED_EDGE('',*,*,#4125,.T.);
#6335=ORIENTED_EDGE('',*,*,#4123,.T.);
#6336=ORIENTED_EDGE('',*,*,#4133,.T.);
#6337=ORIENTED_EDGE('',*,*,#4131,.T.);
#6338=ORIENTED_EDGE('',*,*,#4141,.T.);
#6339=ORIENTED_EDGE('',*,*,#4139,.T.);
#6340=ORIENTED_EDGE('',*,*,#4137,.T.);
#6341=ORIENTED_EDGE('',*,*,#4135,.T.);
#6342=ORIENTED_EDGE('',*,*,#4145,.T.);
#6343=ORIENTED_EDGE('',*,*,#4143,.T.);
#6344=ORIENTED_EDGE('',*,*,#4153,.T.);
#6345=ORIENTED_EDGE('',*,*,#4151,.T.);
#6346=ORIENTED_EDGE('',*,*,#4149,.T.);
#6347=ORIENTED_EDGE('',*,*,#4147,.T.);
#6348=ORIENTED_EDGE('',*,*,#4157,.T.);
#6349=ORIENTED_EDGE('',*,*,#4155,.T.);
#6350=ORIENTED_EDGE('',*,*,#4165,.T.);
#6351=ORIENTED_EDGE('',*,*,#4163,.T.);
#6352=ORIENTED_EDGE('',*,*,#4161,.T.);
#6353=ORIENTED_EDGE('',*,*,#4159,.T.);
#6354=ORIENTED_EDGE('',*,*,#4169,.T.);
#6355=ORIENTED_EDGE('',*,*,#4167,.T.);
#6356=ORIENTED_EDGE('',*,*,#4177,.T.);
#6357=ORIENTED_EDGE('',*,*,#4175,.T.);
#6358=ORIENTED_EDGE('',*,*,#4173,.T.);
#6359=ORIENTED_EDGE('',*,*,#4171,.T.);
#6360=ORIENTED_EDGE('',*,*,#4181,.T.);
#6361=ORIENTED_EDGE('',*,*,#4179,.T.);
#6362=ORIENTED_EDGE('',*,*,#4189,.T.);
#6363=ORIENTED_EDGE('',*,*,#4187,.T.);
#6364=ORIENTED_EDGE('',*,*,#4185,.T.);
#6365=ORIENTED_EDGE('',*,*,#4183,.T.);
#6366=ORIENTED_EDGE('',*,*,#4193,.T.);
#6367=ORIENTED_EDGE('',*,*,#4191,.T.);
#6368=ORIENTED_EDGE('',*,*,#4201,.T.);
#6369=ORIENTED_EDGE('',*,*,#4199,.T.);
#6370=ORIENTED_EDGE('',*,*,#4197,.T.);
#6371=ORIENTED_EDGE('',*,*,#4195,.T.);
#6372=ORIENTED_EDGE('',*,*,#4205,.T.);
#6373=ORIENTED_EDGE('',*,*,#4203,.T.);
#6374=ORIENTED_EDGE('',*,*,#4213,.T.);
#6375=ORIENTED_EDGE('',*,*,#4211,.T.);
#6376=ORIENTED_EDGE('',*,*,#4209,.T.);
#6377=ORIENTED_EDGE('',*,*,#4207,.T.);
#6378=ORIENTED_EDGE('',*,*,#4217,.T.);
#6379=ORIENTED_EDGE('',*,*,#4215,.T.);
#6380=ORIENTED_EDGE('',*,*,#4225,.T.);
#6381=ORIENTED_EDGE('',*,*,#4223,.T.);
#6382=ORIENTED_EDGE('',*,*,#4221,.T.);
#6383=ORIENTED_EDGE('',*,*,#4219,.T.);
#6384=ORIENTED_EDGE('',*,*,#4229,.T.);
#6385=ORIENTED_EDGE('',*,*,#4227,.T.);
#6386=ORIENTED_EDGE('',*,*,#4237,.T.);
#6387=ORIENTED_EDGE('',*,*,#4235,.T.);
#6388=ORIENTED_EDGE('',*,*,#4233,.T.);
#6389=ORIENTED_EDGE('',*,*,#4231,.T.);
#6390=ORIENTED_EDGE('',*,*,#4241,.T.);
#6391=ORIENTED_EDGE('',*,*,#4239,.T.);
#6392=ORIENTED_EDGE('',*,*,#4249,.T.);
#6393=ORIENTED_EDGE('',*,*,#4247,.T.);
#6394=ORIENTED_EDGE('',*,*,#4245,.T.);
#6395=ORIENTED_EDGE('',*,*,#4243,.T.);
#6396=ORIENTED_EDGE('',*,*,#4253,.T.);
#6397=ORIENTED_EDGE('',*,*,#4251,.T.);
#6398=ORIENTED_EDGE('',*,*,#4261,.T.);
#6399=ORIENTED_EDGE('',*,*,#4259,.T.);
#6400=ORIENTED_EDGE('',*,*,#4257,.T.);
#6401=ORIENTED_EDGE('',*,*,#4255,.T.);
#6402=ORIENTED_EDGE('',*,*,#4265,.T.);
#6403=ORIENTED_EDGE('',*,*,#4263,.T.);
#6404=ORIENTED_EDGE('',*,*,#4273,.T.);
#6405=ORIENTED_EDGE('',*,*,#4271,.T.);
#6406=ORIENTED_EDGE('',*,*,#4269,.T.);
#6407=ORIENTED_EDGE('',*,*,#4267,.T.);
#6408=ORIENTED_EDGE('',*,*,#4277,.T.);
#6409=ORIENTED_EDGE('',*,*,#4275,.T.);
#6410=ORIENTED_EDGE('',*,*,#4285,.T.);
#6411=ORIENTED_EDGE('',*,*,#4283,.T.);
#6412=ORIENTED_EDGE('',*,*,#4281,.T.);
#6413=ORIENTED_EDGE('',*,*,#4279,.T.);
#6414=ORIENTED_EDGE('',*,*,#4289,.T.);
#6415=ORIENTED_EDGE('',*,*,#4287,.T.);
#6416=ORIENTED_EDGE('',*,*,#4297,.T.);
#6417=ORIENTED_EDGE('',*,*,#4295,.T.);
#6418=ORIENTED_EDGE('',*,*,#4293,.T.);
#6419=ORIENTED_EDGE('',*,*,#4291,.T.);
#6420=ORIENTED_EDGE('',*,*,#4301,.T.);
#6421=ORIENTED_EDGE('',*,*,#4299,.T.);
#6422=ORIENTED_EDGE('',*,*,#4309,.T.);
#6423=ORIENTED_EDGE('',*,*,#4307,.T.);
#6424=ORIENTED_EDGE('',*,*,#4305,.T.);
#6425=ORIENTED_EDGE('',*,*,#4303,.T.);
#6426=ORIENTED_EDGE('',*,*,#4313,.T.);
#6427=ORIENTED_EDGE('',*,*,#4311,.T.);
#6428=ORIENTED_EDGE('',*,*,#4321,.T.);
#6429=ORIENTED_EDGE('',*,*,#4319,.T.);
#6430=ORIENTED_EDGE('',*,*,#4317,.T.);
#6431=ORIENTED_EDGE('',*,*,#4315,.T.);
#6432=ORIENTED_EDGE('',*,*,#4325,.T.);
#6433=ORIENTED_EDGE('',*,*,#4323,.T.);
#6434=ORIENTED_EDGE('',*,*,#4333,.T.);
#6435=ORIENTED_EDGE('',*,*,#4331,.T.);
#6436=ORIENTED_EDGE('',*,*,#4329,.T.);
#6437=ORIENTED_EDGE('',*,*,#4327,.T.);
#6438=ORIENTED_EDGE('',*,*,#4337,.T.);
#6439=ORIENTED_EDGE('',*,*,#4335,.T.);
#6440=ORIENTED_EDGE('',*,*,#4345,.T.);
#6441=ORIENTED_EDGE('',*,*,#4343,.T.);
#6442=ORIENTED_EDGE('',*,*,#4341,.T.);
#6443=ORIENTED_EDGE('',*,*,#4339,.T.);
#6444=ORIENTED_EDGE('',*,*,#4349,.T.);
#6445=ORIENTED_EDGE('',*,*,#4347,.T.);
#6446=ORIENTED_EDGE('',*,*,#4357,.T.);
#6447=ORIENTED_EDGE('',*,*,#4355,.T.);
#6448=ORIENTED_EDGE('',*,*,#4353,.T.);
#6449=ORIENTED_EDGE('',*,*,#4351,.T.);
#6450=ORIENTED_EDGE('',*,*,#4361,.T.);
#6451=ORIENTED_EDGE('',*,*,#4359,.T.);
#6452=ORIENTED_EDGE('',*,*,#4369,.T.);
#6453=ORIENTED_EDGE('',*,*,#4367,.T.);
#6454=ORIENTED_EDGE('',*,*,#4365,.T.);
#6455=ORIENTED_EDGE('',*,*,#4363,.T.);
#6456=ORIENTED_EDGE('',*,*,#4373,.T.);
#6457=ORIENTED_EDGE('',*,*,#4371,.T.);
#6458=ORIENTED_EDGE('',*,*,#4381,.T.);
#6459=ORIENTED_EDGE('',*,*,#4379,.T.);
#6460=ORIENTED_EDGE('',*,*,#4377,.T.);
#6461=ORIENTED_EDGE('',*,*,#4375,.T.);
#6462=ORIENTED_EDGE('',*,*,#4385,.T.);
#6463=ORIENTED_EDGE('',*,*,#4383,.T.);
#6464=ORIENTED_EDGE('',*,*,#4393,.T.);
#6465=ORIENTED_EDGE('',*,*,#4391,.T.);
#6466=ORIENTED_EDGE('',*,*,#4389,.T.);
#6467=ORIENTED_EDGE('',*,*,#4387,.T.);
#6468=ORIENTED_EDGE('',*,*,#4397,.T.);
#6469=ORIENTED_EDGE('',*,*,#4395,.T.);
#6470=ORIENTED_EDGE('',*,*,#4405,.T.);
#6471=ORIENTED_EDGE('',*,*,#4403,.T.);
#6472=ORIENTED_EDGE('',*,*,#4401,.T.);
#6473=ORIENTED_EDGE('',*,*,#4399,.T.);
#6474=ORIENTED_EDGE('',*,*,#4409,.T.);
#6475=ORIENTED_EDGE('',*,*,#4407,.T.);
#6476=ORIENTED_EDGE('',*,*,#4417,.T.);
#6477=ORIENTED_EDGE('',*,*,#4415,.T.);
#6478=ORIENTED_EDGE('',*,*,#4413,.T.);
#6479=ORIENTED_EDGE('',*,*,#4411,.T.);
#6480=ORIENTED_EDGE('',*,*,#4421,.T.);
#6481=ORIENTED_EDGE('',*,*,#4419,.T.);
#6482=ORIENTED_EDGE('',*,*,#4429,.T.);
#6483=ORIENTED_EDGE('',*,*,#4427,.T.);
#6484=ORIENTED_EDGE('',*,*,#4425,.T.);
#6485=ORIENTED_EDGE('',*,*,#4423,.T.);
#6486=ORIENTED_EDGE('',*,*,#4433,.T.);
#6487=ORIENTED_EDGE('',*,*,#4431,.T.);
#6488=ORIENTED_EDGE('',*,*,#4441,.T.);
#6489=ORIENTED_EDGE('',*,*,#4439,.T.);
#6490=ORIENTED_EDGE('',*,*,#4437,.T.);
#6491=ORIENTED_EDGE('',*,*,#4435,.T.);
#6492=ORIENTED_EDGE('',*,*,#4445,.T.);
#6493=ORIENTED_EDGE('',*,*,#4443,.T.);
#6494=ORIENTED_EDGE('',*,*,#4453,.T.);
#6495=ORIENTED_EDGE('',*,*,#4451,.T.);
#6496=ORIENTED_EDGE('',*,*,#4449,.T.);
#6497=ORIENTED_EDGE('',*,*,#4447,.T.);
#6498=ORIENTED_EDGE('',*,*,#4457,.T.);
#6499=ORIENTED_EDGE('',*,*,#4455,.T.);
#6500=ORIENTED_EDGE('',*,*,#4465,.T.);
#6501=ORIENTED_EDGE('',*,*,#4463,.T.);
#6502=ORIENTED_EDGE('',*,*,#4461,.T.);
#6503=ORIENTED_EDGE('',*,*,#4459,.T.);
#6504=ORIENTED_EDGE('',*,*,#4469,.T.);
#6505=ORIENTED_EDGE('',*,*,#4467,.T.);
#6506=ORIENTED_EDGE('',*,*,#4477,.T.);
#6507=ORIENTED_EDGE('',*,*,#4475,.T.);
#6508=ORIENTED_EDGE('',*,*,#4473,.T.);
#6509=ORIENTED_EDGE('',*,*,#4471,.T.);
#6510=ORIENTED_EDGE('',*,*,#4481,.T.);
#6511=ORIENTED_EDGE('',*,*,#4479,.T.);
#6512=ORIENTED_EDGE('',*,*,#4497,.T.);
#6513=ORIENTED_EDGE('',*,*,#4495,.T.);
#6514=ORIENTED_EDGE('',*,*,#4493,.T.);
#6515=ORIENTED_EDGE('',*,*,#4499,.T.);
#6516=ORIENTED_EDGE('',*,*,#3997,.T.);
#6517=ORIENTED_EDGE('',*,*,#3995,.T.);
#6518=ORIENTED_EDGE('',*,*,#3993,.T.);
#6519=ORIENTED_EDGE('',*,*,#3991,.T.);
#6520=ORIENTED_EDGE('',*,*,#4001,.T.);
#6521=ORIENTED_EDGE('',*,*,#3999,.T.);
#6522=ORIENTED_EDGE('',*,*,#3985,.T.);
#6523=ORIENTED_EDGE('',*,*,#3983,.T.);
#6524=ORIENTED_EDGE('',*,*,#3981,.T.);
#6525=ORIENTED_EDGE('',*,*,#3979,.T.);
#6526=ORIENTED_EDGE('',*,*,#3989,.T.);
#6527=ORIENTED_EDGE('',*,*,#3987,.T.);
#6528=ORIENTED_EDGE('',*,*,#3973,.T.);
#6529=ORIENTED_EDGE('',*,*,#3971,.T.);
#6530=ORIENTED_EDGE('',*,*,#3969,.T.);
#6531=ORIENTED_EDGE('',*,*,#3967,.T.);
#6532=ORIENTED_EDGE('',*,*,#3977,.T.);
#6533=ORIENTED_EDGE('',*,*,#3975,.T.);
#6534=ORIENTED_EDGE('',*,*,#3961,.T.);
#6535=ORIENTED_EDGE('',*,*,#3959,.T.);
#6536=ORIENTED_EDGE('',*,*,#3957,.T.);
#6537=ORIENTED_EDGE('',*,*,#3955,.T.);
#6538=ORIENTED_EDGE('',*,*,#3965,.T.);
#6539=ORIENTED_EDGE('',*,*,#3963,.T.);
#6540=ORIENTED_EDGE('',*,*,#3949,.T.);
#6541=ORIENTED_EDGE('',*,*,#3947,.T.);
#6542=ORIENTED_EDGE('',*,*,#3945,.T.);
#6543=ORIENTED_EDGE('',*,*,#3943,.T.);
#6544=ORIENTED_EDGE('',*,*,#3953,.T.);
#6545=ORIENTED_EDGE('',*,*,#3951,.T.);
#6546=ORIENTED_EDGE('',*,*,#3937,.T.);
#6547=ORIENTED_EDGE('',*,*,#3935,.T.);
#6548=ORIENTED_EDGE('',*,*,#3933,.T.);
#6549=ORIENTED_EDGE('',*,*,#3931,.T.);
#6550=ORIENTED_EDGE('',*,*,#3941,.T.);
#6551=ORIENTED_EDGE('',*,*,#3939,.T.);
#6552=ORIENTED_EDGE('',*,*,#3925,.T.);
#6553=ORIENTED_EDGE('',*,*,#3923,.T.);
#6554=ORIENTED_EDGE('',*,*,#3921,.T.);
#6555=ORIENTED_EDGE('',*,*,#3919,.T.);
#6556=ORIENTED_EDGE('',*,*,#3929,.T.);
#6557=ORIENTED_EDGE('',*,*,#3927,.T.);
#6558=ORIENTED_EDGE('',*,*,#3913,.T.);
#6559=ORIENTED_EDGE('',*,*,#3911,.T.);
#6560=ORIENTED_EDGE('',*,*,#3909,.T.);
#6561=ORIENTED_EDGE('',*,*,#3907,.T.);
#6562=ORIENTED_EDGE('',*,*,#3917,.T.);
#6563=ORIENTED_EDGE('',*,*,#3915,.T.);
#6564=ORIENTED_EDGE('',*,*,#4521,.T.);
#6565=ORIENTED_EDGE('',*,*,#4568,.F.);
#6566=ORIENTED_EDGE('',*,*,#4567,.F.);
#6567=ORIENTED_EDGE('',*,*,#4563,.F.);
#6568=ORIENTED_EDGE('',*,*,#4539,.F.);
#6569=ORIENTED_EDGE('',*,*,#4541,.T.);
#6570=ORIENTED_EDGE('',*,*,#3584,.T.);
#6571=ORIENTED_EDGE('',*,*,#4555,.T.);
#6572=ORIENTED_EDGE('',*,*,#3586,.F.);
#6573=ORIENTED_EDGE('',*,*,#4559,.T.);
#6574=ORIENTED_EDGE('',*,*,#4557,.T.);
#6575=PLANE('',#7265);
#6576=PLANE('',#7266);
#6577=PLANE('',#7267);
#6578=PLANE('',#7272);
#6579=PLANE('',#7273);
#6580=PLANE('',#7274);
#6581=PLANE('',#7275);
#6582=PLANE('',#7276);
#6583=PLANE('',#7277);
#6584=PLANE('',#7278);
#6585=PLANE('',#7279);
#6586=PLANE('',#7280);
#6587=PLANE('',#7281);
#6588=PLANE('',#7282);
#6589=PLANE('',#7283);
#6590=PLANE('',#7284);
#6591=PLANE('',#7285);
#6592=PLANE('',#7286);
#6593=PLANE('',#7287);
#6594=PLANE('',#7288);
#6595=PLANE('',#7289);
#6596=PLANE('',#7290);
#6597=PLANE('',#7291);
#6598=PLANE('',#7292);
#6599=PLANE('',#7293);
#6600=PLANE('',#7294);
#6601=PLANE('',#7295);
#6602=PLANE('',#7296);
#6603=PLANE('',#7297);
#6604=PLANE('',#7298);
#6605=PLANE('',#7299);
#6606=PLANE('',#7300);
#6607=PLANE('',#7301);
#6608=PLANE('',#7302);
#6609=PLANE('',#7303);
#6610=PLANE('',#7304);
#6611=PLANE('',#7305);
#6612=PLANE('',#7306);
#6613=PLANE('',#7307);
#6614=PLANE('',#7308);
#6615=PLANE('',#7309);
#6616=PLANE('',#7310);
#6617=PLANE('',#7311);
#6618=PLANE('',#7312);
#6619=PLANE('',#7313);
#6620=PLANE('',#7314);
#6621=PLANE('',#7315);
#6622=PLANE('',#7316);
#6623=PLANE('',#7317);
#6624=PLANE('',#7318);
#6625=PLANE('',#7319);
#6626=PLANE('',#7320);
#6627=PLANE('',#7321);
#6628=PLANE('',#7322);
#6629=PLANE('',#7323);
#6630=PLANE('',#7324);
#6631=PLANE('',#7325);
#6632=PLANE('',#7326);
#6633=PLANE('',#7327);
#6634=PLANE('',#7328);
#6635=PLANE('',#7329);
#6636=PLANE('',#7330);
#6637=PLANE('',#7331);
#6638=PLANE('',#7332);
#6639=PLANE('',#7333);
#6640=PLANE('',#7334);
#6641=PLANE('',#7335);
#6642=PLANE('',#7336);
#6643=PLANE('',#7337);
#6644=PLANE('',#7338);
#6645=PLANE('',#7339);
#6646=PLANE('',#7340);
#6647=PLANE('',#7341);
#6648=PLANE('',#7342);
#6649=PLANE('',#7343);
#6650=PLANE('',#7344);
#6651=PLANE('',#7345);
#6652=PLANE('',#7346);
#6653=PLANE('',#7347);
#6654=PLANE('',#7348);
#6655=PLANE('',#7349);
#6656=PLANE('',#7350);
#6657=PLANE('',#7351);
#6658=PLANE('',#7352);
#6659=PLANE('',#7353);
#6660=PLANE('',#7354);
#6661=PLANE('',#7355);
#6662=PLANE('',#7356);
#6663=PLANE('',#7357);
#6664=PLANE('',#7358);
#6665=PLANE('',#7359);
#6666=PLANE('',#7360);
#6667=PLANE('',#7361);
#6668=PLANE('',#7362);
#6669=PLANE('',#7363);
#6670=PLANE('',#7364);
#6671=PLANE('',#7365);
#6672=PLANE('',#7366);
#6673=PLANE('',#7367);
#6674=PLANE('',#7368);
#6675=PLANE('',#7369);
#6676=PLANE('',#7370);
#6677=PLANE('',#7371);
#6678=PLANE('',#7372);
#6679=PLANE('',#7373);
#6680=PLANE('',#7374);
#6681=PLANE('',#7375);
#6682=PLANE('',#7376);
#6683=PLANE('',#7377);
#6684=PLANE('',#7378);
#6685=PLANE('',#7379);
#6686=PLANE('',#7380);
#6687=PLANE('',#7381);
#6688=PLANE('',#7382);
#6689=PLANE('',#7383);
#6690=PLANE('',#7384);
#6691=PLANE('',#7385);
#6692=PLANE('',#7386);
#6693=PLANE('',#7387);
#6694=PLANE('',#7388);
#6695=PLANE('',#7389);
#6696=PLANE('',#7390);
#6697=PLANE('',#7391);
#6698=PLANE('',#7392);
#6699=PLANE('',#7393);
#6700=PLANE('',#7394);
#6701=PLANE('',#7395);
#6702=PLANE('',#7396);
#6703=PLANE('',#7397);
#6704=PLANE('',#7398);
#6705=PLANE('',#7399);
#6706=PLANE('',#7400);
#6707=PLANE('',#7401);
#6708=PLANE('',#7402);
#6709=PLANE('',#7403);
#6710=PLANE('',#7404);
#6711=PLANE('',#7405);
#6712=PLANE('',#7406);
#6713=PLANE('',#7407);
#6714=PLANE('',#7408);
#6715=PLANE('',#7409);
#6716=PLANE('',#7410);
#6717=PLANE('',#7411);
#6718=PLANE('',#7412);
#6719=PLANE('',#7413);
#6720=PLANE('',#7414);
#6721=PLANE('',#7415);
#6722=PLANE('',#7416);
#6723=PLANE('',#7417);
#6724=PLANE('',#7418);
#6725=PLANE('',#7419);
#6726=PLANE('',#7420);
#6727=PLANE('',#7421);
#6728=PLANE('',#7422);
#6729=PLANE('',#7423);
#6730=PLANE('',#7424);
#6731=PLANE('',#7425);
#6732=PLANE('',#7426);
#6733=PLANE('',#7427);
#6734=PLANE('',#7428);
#6735=PLANE('',#7429);
#6736=PLANE('',#7430);
#6737=PLANE('',#7431);
#6738=PLANE('',#7432);
#6739=PLANE('',#7433);
#6740=PLANE('',#7434);
#6741=PLANE('',#7435);
#6742=PLANE('',#7436);
#6743=PLANE('',#7437);
#6744=PLANE('',#7438);
#6745=PLANE('',#7439);
#6746=PLANE('',#7440);
#6747=PLANE('',#7441);
#6748=PLANE('',#7442);
#6749=PLANE('',#7443);
#6750=PLANE('',#7444);
#6751=PLANE('',#7445);
#6752=PLANE('',#7446);
#6753=PLANE('',#7447);
#6754=PLANE('',#7448);
#6755=PLANE('',#7449);
#6756=PLANE('',#7450);
#6757=PLANE('',#7451);
#6758=PLANE('',#7452);
#6759=PLANE('',#7453);
#6760=PLANE('',#7454);
#6761=PLANE('',#7455);
#6762=PLANE('',#7456);
#6763=PLANE('',#7457);
#6764=PLANE('',#7458);
#6765=PLANE('',#7459);
#6766=PLANE('',#7460);
#6767=PLANE('',#7461);
#6768=PLANE('',#7462);
#6769=PLANE('',#7463);
#6770=PLANE('',#7464);
#6771=PLANE('',#7465);
#6772=PLANE('',#7466);
#6773=PLANE('',#7467);
#6774=PLANE('',#7468);
#6775=PLANE('',#7469);
#6776=PLANE('',#7470);
#6777=PLANE('',#7471);
#6778=PLANE('',#7472);
#6779=PLANE('',#7473);
#6780=PLANE('',#7474);
#6781=PLANE('',#7475);
#6782=PLANE('',#7476);
#6783=PLANE('',#7477);
#6784=PLANE('',#7478);
#6785=PLANE('',#7479);
#6786=PLANE('',#7480);
#6787=PLANE('',#7481);
#6788=PLANE('',#7482);
#6789=PLANE('',#7483);
#6790=PLANE('',#7484);
#6791=PLANE('',#7485);
#6792=PLANE('',#7486);
#6793=PLANE('',#7487);
#6794=PLANE('',#7488);
#6795=PLANE('',#7489);
#6796=PLANE('',#7490);
#6797=PLANE('',#7491);
#6798=PLANE('',#7492);
#6799=PLANE('',#7493);
#6800=PLANE('',#7494);
#6801=PLANE('',#7495);
#6802=PLANE('',#7496);
#6803=PLANE('',#7497);
#6804=PLANE('',#7498);
#6805=PLANE('',#7499);
#6806=PLANE('',#7500);
#6807=PLANE('',#7501);
#6808=PLANE('',#7502);
#6809=PLANE('',#7503);
#6810=PLANE('',#7504);
#6811=PLANE('',#7505);
#6812=PLANE('',#7506);
#6813=PLANE('',#7507);
#6814=PLANE('',#7508);
#6815=PLANE('',#7509);
#6816=PLANE('',#7510);
#6817=PLANE('',#7511);
#6818=PLANE('',#7512);
#6819=PLANE('',#7513);
#6820=PLANE('',#7514);
#6821=PLANE('',#7515);
#6822=PLANE('',#7516);
#6823=PLANE('',#7517);
#6824=PLANE('',#7518);
#6825=PLANE('',#7519);
#6826=PLANE('',#7520);
#6827=PLANE('',#7521);
#6828=PLANE('',#7522);
#6829=PLANE('',#7523);
#6830=PLANE('',#7524);
#6831=PLANE('',#7525);
#6832=PLANE('',#7526);
#6833=PLANE('',#7527);
#6834=PLANE('',#7528);
#6835=PLANE('',#7529);
#6836=PLANE('',#7530);
#6837=PLANE('',#7531);
#6838=PLANE('',#7532);
#6839=PLANE('',#7533);
#6840=PLANE('',#7534);
#6841=PLANE('',#7535);
#6842=PLANE('',#7536);
#6843=PLANE('',#7537);
#6844=PLANE('',#7538);
#6845=PLANE('',#7539);
#6846=PLANE('',#7540);
#6847=PLANE('',#7541);
#6848=PLANE('',#7542);
#6849=PLANE('',#7543);
#6850=PLANE('',#7544);
#6851=PLANE('',#7545);
#6852=PLANE('',#7546);
#6853=PLANE('',#7547);
#6854=PLANE('',#7548);
#6855=PLANE('',#7549);
#6856=PLANE('',#7550);
#6857=PLANE('',#7551);
#6858=PLANE('',#7552);
#6859=PLANE('',#7553);
#6860=PLANE('',#7554);
#6861=PLANE('',#7555);
#6862=PLANE('',#7556);
#6863=PLANE('',#7557);
#6864=PLANE('',#7558);
#6865=PLANE('',#7559);
#6866=PLANE('',#7560);
#6867=PLANE('',#7561);
#6868=PLANE('',#7562);
#6869=PLANE('',#7563);
#6870=PLANE('',#7567);
#6871=PLANE('',#7571);
#6872=PLANE('',#7573);
#6873=PLANE('',#7575);
#6874=PLANE('',#7576);
#6875=PLANE('',#7577);
#6876=PLANE('',#7578);
#6877=PLANE('',#7579);
#6878=PLANE('',#7580);
#6879=PLANE('',#7581);
#6880=PLANE('',#7582);
#6881=PLANE('',#7583);
#6882=PLANE('',#7584);
#6883=PLANE('',#7585);
#6884=PLANE('',#7586);
#6885=PLANE('',#7587);
#6886=PLANE('',#7588);
#6887=PLANE('',#7589);
#6888=PLANE('',#7593);
#6889=PLANE('',#7594);
#6890=PLANE('',#7595);
#6891=PLANE('',#7596);
#6892=PLANE('',#7597);
#6893=PLANE('',#7601);
#6894=PLANE('',#7602);
#6895=PLANE('',#7606);
#6896=PLANE('',#7607);
#6897=PLANE('',#7611);
#6898=PLANE('',#7612);
#6899=PLANE('',#7613);
#6900=PLANE('',#7614);
#6901=PLANE('',#7615);
#6902=PLANE('',#7616);
#6903=PLANE('',#7617);
#6904=PLANE('',#7618);
#6905=PLANE('',#7619);
#6906=PLANE('',#7620);
#6907=PLANE('',#7621);
#6908=PLANE('',#7622);
#6909=ADVANCED_FACE('',(#143),#6575,.T.);
#6910=ADVANCED_FACE('',(#144),#6576,.T.);
#6911=ADVANCED_FACE('',(#145,#33,#34,#35,#36,#37,#38,#39,#40,#41,#42,#43,
#44,#45,#46,#47,#48,#49,#50,#51,#52,#53,#54,#55,#56,#57,#58,#59,#60,#61,
#62,#63,#64,#65,#66,#67,#68,#69,#70,#71,#72,#73,#74,#75,#76,#77,#78,#79,
#80,#81,#82,#83),#6577,.F.);
#6912=ADVANCED_FACE('',(#146),#6578,.T.);
#6913=ADVANCED_FACE('',(#147),#6579,.T.);
#6914=ADVANCED_FACE('',(#148),#6580,.T.);
#6915=ADVANCED_FACE('',(#149),#6581,.T.);
#6916=ADVANCED_FACE('',(#150),#6582,.F.);
#6917=ADVANCED_FACE('',(#151),#6583,.F.);
#6918=ADVANCED_FACE('',(#152),#6584,.F.);
#6919=ADVANCED_FACE('',(#153),#6585,.F.);
#6920=ADVANCED_FACE('',(#154),#6586,.F.);
#6921=ADVANCED_FACE('',(#155),#6587,.F.);
#6922=ADVANCED_FACE('',(#156),#6588,.F.);
#6923=ADVANCED_FACE('',(#157),#6589,.F.);
#6924=ADVANCED_FACE('',(#158),#6590,.F.);
#6925=ADVANCED_FACE('',(#159),#6591,.F.);
#6926=ADVANCED_FACE('',(#160),#6592,.F.);
#6927=ADVANCED_FACE('',(#161),#6593,.F.);
#6928=ADVANCED_FACE('',(#162),#6594,.F.);
#6929=ADVANCED_FACE('',(#163),#6595,.F.);
#6930=ADVANCED_FACE('',(#164),#6596,.F.);
#6931=ADVANCED_FACE('',(#165),#6597,.F.);
#6932=ADVANCED_FACE('',(#166),#6598,.F.);
#6933=ADVANCED_FACE('',(#167),#6599,.F.);
#6934=ADVANCED_FACE('',(#168),#6600,.F.);
#6935=ADVANCED_FACE('',(#169),#6601,.F.);
#6936=ADVANCED_FACE('',(#170),#6602,.F.);
#6937=ADVANCED_FACE('',(#171),#6603,.F.);
#6938=ADVANCED_FACE('',(#172),#6604,.F.);
#6939=ADVANCED_FACE('',(#173),#6605,.F.);
#6940=ADVANCED_FACE('',(#174),#6606,.F.);
#6941=ADVANCED_FACE('',(#175),#6607,.F.);
#6942=ADVANCED_FACE('',(#176),#6608,.F.);
#6943=ADVANCED_FACE('',(#177),#6609,.F.);
#6944=ADVANCED_FACE('',(#178),#6610,.F.);
#6945=ADVANCED_FACE('',(#179),#6611,.F.);
#6946=ADVANCED_FACE('',(#180),#6612,.F.);
#6947=ADVANCED_FACE('',(#181),#6613,.F.);
#6948=ADVANCED_FACE('',(#182),#6614,.F.);
#6949=ADVANCED_FACE('',(#183),#6615,.F.);
#6950=ADVANCED_FACE('',(#184),#6616,.F.);
#6951=ADVANCED_FACE('',(#185),#6617,.F.);
#6952=ADVANCED_FACE('',(#186),#6618,.F.);
#6953=ADVANCED_FACE('',(#187),#6619,.F.);
#6954=ADVANCED_FACE('',(#188),#6620,.F.);
#6955=ADVANCED_FACE('',(#189),#6621,.F.);
#6956=ADVANCED_FACE('',(#190),#6622,.F.);
#6957=ADVANCED_FACE('',(#191),#6623,.F.);
#6958=ADVANCED_FACE('',(#192),#6624,.F.);
#6959=ADVANCED_FACE('',(#193),#6625,.F.);
#6960=ADVANCED_FACE('',(#194),#6626,.F.);
#6961=ADVANCED_FACE('',(#195),#6627,.F.);
#6962=ADVANCED_FACE('',(#196),#6628,.F.);
#6963=ADVANCED_FACE('',(#197),#6629,.F.);
#6964=ADVANCED_FACE('',(#198),#6630,.F.);
#6965=ADVANCED_FACE('',(#199),#6631,.F.);
#6966=ADVANCED_FACE('',(#200),#6632,.F.);
#6967=ADVANCED_FACE('',(#201),#6633,.F.);
#6968=ADVANCED_FACE('',(#202),#6634,.F.);
#6969=ADVANCED_FACE('',(#203),#6635,.F.);
#6970=ADVANCED_FACE('',(#204),#6636,.F.);
#6971=ADVANCED_FACE('',(#205),#6637,.F.);
#6972=ADVANCED_FACE('',(#206),#6638,.F.);
#6973=ADVANCED_FACE('',(#207),#6639,.F.);
#6974=ADVANCED_FACE('',(#208),#6640,.F.);
#6975=ADVANCED_FACE('',(#209),#6641,.F.);
#6976=ADVANCED_FACE('',(#210),#6642,.F.);
#6977=ADVANCED_FACE('',(#211),#6643,.F.);
#6978=ADVANCED_FACE('',(#212),#6644,.F.);
#6979=ADVANCED_FACE('',(#213),#6645,.F.);
#6980=ADVANCED_FACE('',(#214),#6646,.F.);
#6981=ADVANCED_FACE('',(#215),#6647,.F.);
#6982=ADVANCED_FACE('',(#216),#6648,.F.);
#6983=ADVANCED_FACE('',(#217),#6649,.F.);
#6984=ADVANCED_FACE('',(#218),#6650,.F.);
#6985=ADVANCED_FACE('',(#219),#6651,.F.);
#6986=ADVANCED_FACE('',(#220),#6652,.F.);
#6987=ADVANCED_FACE('',(#221),#6653,.F.);
#6988=ADVANCED_FACE('',(#222),#6654,.F.);
#6989=ADVANCED_FACE('',(#223),#6655,.F.);
#6990=ADVANCED_FACE('',(#224),#6656,.F.);
#6991=ADVANCED_FACE('',(#225),#6657,.F.);
#6992=ADVANCED_FACE('',(#226),#6658,.F.);
#6993=ADVANCED_FACE('',(#227),#6659,.F.);
#6994=ADVANCED_FACE('',(#228),#6660,.F.);
#6995=ADVANCED_FACE('',(#229),#6661,.F.);
#6996=ADVANCED_FACE('',(#230),#6662,.F.);
#6997=ADVANCED_FACE('',(#231),#6663,.F.);
#6998=ADVANCED_FACE('',(#232),#6664,.F.);
#6999=ADVANCED_FACE('',(#233),#6665,.F.);
#7000=ADVANCED_FACE('',(#234),#6666,.F.);
#7001=ADVANCED_FACE('',(#235),#6667,.F.);
#7002=ADVANCED_FACE('',(#236),#6668,.F.);
#7003=ADVANCED_FACE('',(#237),#6669,.F.);
#7004=ADVANCED_FACE('',(#238),#6670,.F.);
#7005=ADVANCED_FACE('',(#239),#6671,.F.);
#7006=ADVANCED_FACE('',(#240),#6672,.F.);
#7007=ADVANCED_FACE('',(#241),#6673,.F.);
#7008=ADVANCED_FACE('',(#242),#6674,.F.);
#7009=ADVANCED_FACE('',(#243),#6675,.F.);
#7010=ADVANCED_FACE('',(#244),#6676,.F.);
#7011=ADVANCED_FACE('',(#245),#6677,.F.);
#7012=ADVANCED_FACE('',(#246),#6678,.F.);
#7013=ADVANCED_FACE('',(#247),#6679,.F.);
#7014=ADVANCED_FACE('',(#248),#6680,.F.);
#7015=ADVANCED_FACE('',(#249),#6681,.F.);
#7016=ADVANCED_FACE('',(#250),#6682,.F.);
#7017=ADVANCED_FACE('',(#251),#6683,.F.);
#7018=ADVANCED_FACE('',(#252),#6684,.F.);
#7019=ADVANCED_FACE('',(#253),#6685,.F.);
#7020=ADVANCED_FACE('',(#254),#6686,.F.);
#7021=ADVANCED_FACE('',(#255),#6687,.F.);
#7022=ADVANCED_FACE('',(#256),#6688,.F.);
#7023=ADVANCED_FACE('',(#257),#6689,.F.);
#7024=ADVANCED_FACE('',(#258),#6690,.F.);
#7025=ADVANCED_FACE('',(#259),#6691,.F.);
#7026=ADVANCED_FACE('',(#260),#6692,.F.);
#7027=ADVANCED_FACE('',(#261),#6693,.F.);
#7028=ADVANCED_FACE('',(#262),#6694,.F.);
#7029=ADVANCED_FACE('',(#263),#6695,.F.);
#7030=ADVANCED_FACE('',(#264),#6696,.F.);
#7031=ADVANCED_FACE('',(#265),#6697,.F.);
#7032=ADVANCED_FACE('',(#266),#6698,.F.);
#7033=ADVANCED_FACE('',(#267),#6699,.F.);
#7034=ADVANCED_FACE('',(#268),#6700,.F.);
#7035=ADVANCED_FACE('',(#269),#6701,.F.);
#7036=ADVANCED_FACE('',(#270),#6702,.F.);
#7037=ADVANCED_FACE('',(#271),#6703,.F.);
#7038=ADVANCED_FACE('',(#272),#6704,.F.);
#7039=ADVANCED_FACE('',(#273),#6705,.F.);
#7040=ADVANCED_FACE('',(#274),#6706,.F.);
#7041=ADVANCED_FACE('',(#275),#6707,.F.);
#7042=ADVANCED_FACE('',(#276),#6708,.F.);
#7043=ADVANCED_FACE('',(#277),#6709,.F.);
#7044=ADVANCED_FACE('',(#278),#6710,.F.);
#7045=ADVANCED_FACE('',(#279),#6711,.F.);
#7046=ADVANCED_FACE('',(#280),#6712,.F.);
#7047=ADVANCED_FACE('',(#281),#6713,.F.);
#7048=ADVANCED_FACE('',(#282),#6714,.F.);
#7049=ADVANCED_FACE('',(#283),#6715,.F.);
#7050=ADVANCED_FACE('',(#284),#6716,.F.);
#7051=ADVANCED_FACE('',(#285),#6717,.F.);
#7052=ADVANCED_FACE('',(#286),#6718,.F.);
#7053=ADVANCED_FACE('',(#287),#6719,.F.);
#7054=ADVANCED_FACE('',(#288),#6720,.F.);
#7055=ADVANCED_FACE('',(#289),#6721,.F.);
#7056=ADVANCED_FACE('',(#290),#6722,.F.);
#7057=ADVANCED_FACE('',(#291),#6723,.F.);
#7058=ADVANCED_FACE('',(#292),#6724,.F.);
#7059=ADVANCED_FACE('',(#293),#6725,.F.);
#7060=ADVANCED_FACE('',(#294),#6726,.F.);
#7061=ADVANCED_FACE('',(#295),#6727,.F.);
#7062=ADVANCED_FACE('',(#296),#6728,.F.);
#7063=ADVANCED_FACE('',(#297),#6729,.F.);
#7064=ADVANCED_FACE('',(#298),#6730,.F.);
#7065=ADVANCED_FACE('',(#299),#6731,.F.);
#7066=ADVANCED_FACE('',(#300),#6732,.F.);
#7067=ADVANCED_FACE('',(#301),#6733,.F.);
#7068=ADVANCED_FACE('',(#302),#6734,.F.);
#7069=ADVANCED_FACE('',(#303),#6735,.F.);
#7070=ADVANCED_FACE('',(#304),#6736,.F.);
#7071=ADVANCED_FACE('',(#305),#6737,.F.);
#7072=ADVANCED_FACE('',(#306),#6738,.F.);
#7073=ADVANCED_FACE('',(#307),#6739,.F.);
#7074=ADVANCED_FACE('',(#308),#6740,.F.);
#7075=ADVANCED_FACE('',(#309),#6741,.F.);
#7076=ADVANCED_FACE('',(#310),#6742,.F.);
#7077=ADVANCED_FACE('',(#311),#6743,.F.);
#7078=ADVANCED_FACE('',(#312),#6744,.F.);
#7079=ADVANCED_FACE('',(#313),#6745,.F.);
#7080=ADVANCED_FACE('',(#314),#6746,.F.);
#7081=ADVANCED_FACE('',(#315),#6747,.F.);
#7082=ADVANCED_FACE('',(#316),#6748,.F.);
#7083=ADVANCED_FACE('',(#317),#6749,.F.);
#7084=ADVANCED_FACE('',(#318),#6750,.F.);
#7085=ADVANCED_FACE('',(#319),#6751,.F.);
#7086=ADVANCED_FACE('',(#320),#6752,.F.);
#7087=ADVANCED_FACE('',(#321),#6753,.F.);
#7088=ADVANCED_FACE('',(#322),#6754,.F.);
#7089=ADVANCED_FACE('',(#323),#6755,.F.);
#7090=ADVANCED_FACE('',(#324),#6756,.F.);
#7091=ADVANCED_FACE('',(#325),#6757,.F.);
#7092=ADVANCED_FACE('',(#326),#6758,.F.);
#7093=ADVANCED_FACE('',(#327),#6759,.F.);
#7094=ADVANCED_FACE('',(#328),#6760,.F.);
#7095=ADVANCED_FACE('',(#329),#6761,.F.);
#7096=ADVANCED_FACE('',(#330),#6762,.F.);
#7097=ADVANCED_FACE('',(#331),#6763,.F.);
#7098=ADVANCED_FACE('',(#332),#6764,.F.);
#7099=ADVANCED_FACE('',(#333),#6765,.F.);
#7100=ADVANCED_FACE('',(#334),#6766,.F.);
#7101=ADVANCED_FACE('',(#335),#6767,.F.);
#7102=ADVANCED_FACE('',(#336),#6768,.F.);
#7103=ADVANCED_FACE('',(#337),#6769,.F.);
#7104=ADVANCED_FACE('',(#338),#6770,.F.);
#7105=ADVANCED_FACE('',(#339),#6771,.F.);
#7106=ADVANCED_FACE('',(#340),#6772,.F.);
#7107=ADVANCED_FACE('',(#341),#6773,.F.);
#7108=ADVANCED_FACE('',(#342),#6774,.F.);
#7109=ADVANCED_FACE('',(#343),#6775,.F.);
#7110=ADVANCED_FACE('',(#344),#6776,.F.);
#7111=ADVANCED_FACE('',(#345),#6777,.F.);
#7112=ADVANCED_FACE('',(#346),#6778,.F.);
#7113=ADVANCED_FACE('',(#347),#6779,.F.);
#7114=ADVANCED_FACE('',(#348),#6780,.F.);
#7115=ADVANCED_FACE('',(#349),#6781,.F.);
#7116=ADVANCED_FACE('',(#350),#6782,.F.);
#7117=ADVANCED_FACE('',(#351),#6783,.F.);
#7118=ADVANCED_FACE('',(#352),#6784,.F.);
#7119=ADVANCED_FACE('',(#353),#6785,.F.);
#7120=ADVANCED_FACE('',(#354),#6786,.F.);
#7121=ADVANCED_FACE('',(#355),#6787,.F.);
#7122=ADVANCED_FACE('',(#356),#6788,.F.);
#7123=ADVANCED_FACE('',(#357),#6789,.F.);
#7124=ADVANCED_FACE('',(#358),#6790,.F.);
#7125=ADVANCED_FACE('',(#359),#6791,.F.);
#7126=ADVANCED_FACE('',(#360),#6792,.F.);
#7127=ADVANCED_FACE('',(#361),#6793,.F.);
#7128=ADVANCED_FACE('',(#362),#6794,.F.);
#7129=ADVANCED_FACE('',(#363),#6795,.F.);
#7130=ADVANCED_FACE('',(#364),#6796,.F.);
#7131=ADVANCED_FACE('',(#365),#6797,.F.);
#7132=ADVANCED_FACE('',(#366),#6798,.F.);
#7133=ADVANCED_FACE('',(#367),#6799,.F.);
#7134=ADVANCED_FACE('',(#368),#6800,.F.);
#7135=ADVANCED_FACE('',(#369),#6801,.F.);
#7136=ADVANCED_FACE('',(#370),#6802,.F.);
#7137=ADVANCED_FACE('',(#371),#6803,.F.);
#7138=ADVANCED_FACE('',(#372),#6804,.F.);
#7139=ADVANCED_FACE('',(#373),#6805,.F.);
#7140=ADVANCED_FACE('',(#374),#6806,.F.);
#7141=ADVANCED_FACE('',(#375),#6807,.F.);
#7142=ADVANCED_FACE('',(#376),#6808,.F.);
#7143=ADVANCED_FACE('',(#377),#6809,.F.);
#7144=ADVANCED_FACE('',(#378),#6810,.F.);
#7145=ADVANCED_FACE('',(#379),#6811,.F.);
#7146=ADVANCED_FACE('',(#380),#6812,.F.);
#7147=ADVANCED_FACE('',(#381),#6813,.F.);
#7148=ADVANCED_FACE('',(#382),#6814,.F.);
#7149=ADVANCED_FACE('',(#383),#6815,.F.);
#7150=ADVANCED_FACE('',(#384),#6816,.F.);
#7151=ADVANCED_FACE('',(#385),#6817,.F.);
#7152=ADVANCED_FACE('',(#386),#6818,.F.);
#7153=ADVANCED_FACE('',(#387),#6819,.F.);
#7154=ADVANCED_FACE('',(#388),#6820,.F.);
#7155=ADVANCED_FACE('',(#389),#6821,.F.);
#7156=ADVANCED_FACE('',(#390),#6822,.F.);
#7157=ADVANCED_FACE('',(#391),#6823,.F.);
#7158=ADVANCED_FACE('',(#392),#6824,.F.);
#7159=ADVANCED_FACE('',(#393),#6825,.F.);
#7160=ADVANCED_FACE('',(#394),#6826,.F.);
#7161=ADVANCED_FACE('',(#395),#6827,.F.);
#7162=ADVANCED_FACE('',(#396),#6828,.F.);
#7163=ADVANCED_FACE('',(#397),#6829,.F.);
#7164=ADVANCED_FACE('',(#398),#6830,.F.);
#7165=ADVANCED_FACE('',(#399),#6831,.F.);
#7166=ADVANCED_FACE('',(#400),#6832,.F.);
#7167=ADVANCED_FACE('',(#401),#6833,.F.);
#7168=ADVANCED_FACE('',(#402),#6834,.F.);
#7169=ADVANCED_FACE('',(#403),#6835,.F.);
#7170=ADVANCED_FACE('',(#404),#6836,.F.);
#7171=ADVANCED_FACE('',(#405),#6837,.F.);
#7172=ADVANCED_FACE('',(#406),#6838,.F.);
#7173=ADVANCED_FACE('',(#407),#6839,.F.);
#7174=ADVANCED_FACE('',(#408),#6840,.F.);
#7175=ADVANCED_FACE('',(#409),#6841,.F.);
#7176=ADVANCED_FACE('',(#410),#6842,.F.);
#7177=ADVANCED_FACE('',(#411),#6843,.F.);
#7178=ADVANCED_FACE('',(#412),#6844,.F.);
#7179=ADVANCED_FACE('',(#413),#6845,.F.);
#7180=ADVANCED_FACE('',(#414),#6846,.F.);
#7181=ADVANCED_FACE('',(#415),#6847,.F.);
#7182=ADVANCED_FACE('',(#416),#6848,.F.);
#7183=ADVANCED_FACE('',(#417),#6849,.F.);
#7184=ADVANCED_FACE('',(#418),#6850,.F.);
#7185=ADVANCED_FACE('',(#419),#6851,.F.);
#7186=ADVANCED_FACE('',(#420),#6852,.F.);
#7187=ADVANCED_FACE('',(#421),#6853,.F.);
#7188=ADVANCED_FACE('',(#422),#6854,.F.);
#7189=ADVANCED_FACE('',(#423),#6855,.F.);
#7190=ADVANCED_FACE('',(#424),#6856,.F.);
#7191=ADVANCED_FACE('',(#425),#6857,.F.);
#7192=ADVANCED_FACE('',(#426),#6858,.F.);
#7193=ADVANCED_FACE('',(#427),#6859,.F.);
#7194=ADVANCED_FACE('',(#428),#6860,.F.);
#7195=ADVANCED_FACE('',(#429),#6861,.F.);
#7196=ADVANCED_FACE('',(#430),#6862,.F.);
#7197=ADVANCED_FACE('',(#431),#6863,.F.);
#7198=ADVANCED_FACE('',(#432),#6864,.F.);
#7199=ADVANCED_FACE('',(#433),#6865,.F.);
#7200=ADVANCED_FACE('',(#434),#6866,.F.);
#7201=ADVANCED_FACE('',(#435),#6867,.F.);
#7202=ADVANCED_FACE('',(#436),#6868,.F.);
#7203=ADVANCED_FACE('',(#437),#6869,.F.);
#7204=ADVANCED_FACE('',(#438),#27,.F.);
#7205=ADVANCED_FACE('',(#439),#6870,.F.);
#7206=ADVANCED_FACE('',(#440),#28,.F.);
#7207=ADVANCED_FACE('',(#441),#6871,.F.);
#7208=ADVANCED_FACE('',(#442),#15,.F.);
#7209=ADVANCED_FACE('',(#443,#84),#6872,.T.);
#7210=ADVANCED_FACE('',(#444),#16,.F.);
#7211=ADVANCED_FACE('',(#445,#85),#6873,.T.);
#7212=ADVANCED_FACE('',(#446),#6874,.F.);
#7213=ADVANCED_FACE('',(#447),#6875,.F.);
#7214=ADVANCED_FACE('',(#448),#6876,.F.);
#7215=ADVANCED_FACE('',(#449),#6877,.F.);
#7216=ADVANCED_FACE('',(#450),#6878,.T.);
#7217=ADVANCED_FACE('',(#451),#6879,.T.);
#7218=ADVANCED_FACE('',(#452),#6880,.F.);
#7219=ADVANCED_FACE('',(#453),#6881,.T.);
#7220=ADVANCED_FACE('',(#454),#6882,.T.);
#7221=ADVANCED_FACE('',(#455),#6883,.T.);
#7222=ADVANCED_FACE('',(#456),#6884,.T.);
#7223=ADVANCED_FACE('',(#457),#6885,.F.);
#7224=ADVANCED_FACE('',(#458),#6886,.T.);
#7225=ADVANCED_FACE('',(#459),#6887,.T.);
#7226=ADVANCED_FACE('',(#460),#29,.T.);
#7227=ADVANCED_FACE('',(#461),#6888,.T.);
#7228=ADVANCED_FACE('',(#462),#6889,.T.);
#7229=ADVANCED_FACE('',(#463),#6890,.T.);
#7230=ADVANCED_FACE('',(#464),#6891,.F.);
#7231=ADVANCED_FACE('',(#465),#6892,.T.);
#7232=ADVANCED_FACE('',(#466),#30,.T.);
#7233=ADVANCED_FACE('',(#467),#6893,.T.);
#7234=ADVANCED_FACE('',(#468),#6894,.F.);
#7235=ADVANCED_FACE('',(#469),#31,.T.);
#7236=ADVANCED_FACE('',(#470),#6895,.T.);
#7237=ADVANCED_FACE('',(#471),#6896,.T.);
#7238=ADVANCED_FACE('',(#472),#32,.T.);
#7239=ADVANCED_FACE('',(#473),#6897,.T.);
#7240=ADVANCED_FACE('',(#474),#6898,.T.);
#7241=ADVANCED_FACE('',(#475),#6899,.T.);
#7242=ADVANCED_FACE('',(#476),#6900,.T.);
#7243=ADVANCED_FACE('',(#477),#6901,.T.);
#7244=ADVANCED_FACE('',(#478),#6902,.T.);
#7245=ADVANCED_FACE('',(#479),#6903,.T.);
#7246=ADVANCED_FACE('',(#480),#6904,.T.);
#7247=ADVANCED_FACE('',(#481),#6905,.T.);
#7248=ADVANCED_FACE('',(#482,#86,#87,#88,#89,#90,#91,#92,#93,#94,#95,#96,
#97,#98,#99,#100,#101,#102,#103,#104,#105,#106,#107,#108,#109,#110,#111,
#112,#113,#114,#115,#116,#117,#118,#119,#120,#121,#122,#123,#124,#125,#126,
#127,#128,#129,#130,#131,#132,#133,#134),#6906,.T.);
#7249=ADVANCED_FACE('',(#483),#6907,.T.);
#7250=ADVANCED_FACE('',(#484),#6908,.T.);
#7251=CLOSED_SHELL('',(#6909,#6910,#6911,#6912,#6913,#6914,#6915,#6916,
#6917,#6918,#6919,#6920,#6921,#6922,#6923,#6924,#6925,#6926,#6927,#6928,
#6929,#6930,#6931,#6932,#6933,#6934,#6935,#6936,#6937,#6938,#6939,#6940,
#6941,#6942,#6943,#6944,#6945,#6946,#6947,#6948,#6949,#6950,#6951,#6952,
#6953,#6954,#6955,#6956,#6957,#6958,#6959,#6960,#6961,#6962,#6963,#6964,
#6965,#6966,#6967,#6968,#6969,#6970,#6971,#6972,#6973,#6974,#6975,#6976,
#6977,#6978,#6979,#6980,#6981,#6982,#6983,#6984,#6985,#6986,#6987,#6988,
#6989,#6990,#6991,#6992,#6993,#6994,#6995,#6996,#6997,#6998,#6999,#7000,
#7001,#7002,#7003,#7004,#7005,#7006,#7007,#7008,#7009,#7010,#7011,#7012,
#7013,#7014,#7015,#7016,#7017,#7018,#7019,#7020,#7021,#7022,#7023,#7024,
#7025,#7026,#7027,#7028,#7029,#7030,#7031,#7032,#7033,#7034,#7035,#7036,
#7037,#7038,#7039,#7040,#7041,#7042,#7043,#7044,#7045,#7046,#7047,#7048,
#7049,#7050,#7051,#7052,#7053,#7054,#7055,#7056,#7057,#7058,#7059,#7060,
#7061,#7062,#7063,#7064,#7065,#7066,#7067,#7068,#7069,#7070,#7071,#7072,
#7073,#7074,#7075,#7076,#7077,#7078,#7079,#7080,#7081,#7082,#7083,#7084,
#7085,#7086,#7087,#7088,#7089,#7090,#7091,#7092,#7093,#7094,#7095,#7096,
#7097,#7098,#7099,#7100,#7101,#7102,#7103,#7104,#7105,#7106,#7107,#7108,
#7109,#7110,#7111,#7112,#7113,#7114,#7115,#7116,#7117,#7118,#7119,#7120,
#7121,#7122,#7123,#7124,#7125,#7126,#7127,#7128,#7129,#7130,#7131,#7132,
#7133,#7134,#7135,#7136,#7137,#7138,#7139,#7140,#7141,#7142,#7143,#7144,
#7145,#7146,#7147,#7148,#7149,#7150,#7151,#7152,#7153,#7154,#7155,#7156,
#7157,#7158,#7159,#7160,#7161,#7162,#7163,#7164,#7165,#7166,#7167,#7168,
#7169,#7170,#7171,#7172,#7173,#7174,#7175,#7176,#7177,#7178,#7179,#7180,
#7181,#7182,#7183,#7184,#7185,#7186,#7187,#7188,#7189,#7190,#7191,#7192,
#7193,#7194,#7195,#7196,#7197,#7198,#7199,#7200,#7201,#7202,#7203,#7204,
#7205,#7206,#7207,#7208,#7209,#7210,#7211,#7212,#7213,#7214,#7215,#7216,
#7217,#7218,#7219,#7220,#7221,#7222,#7223,#7224,#7225,#7226,#7227,#7228,
#7229,#7230,#7231,#7232,#7233,#7234,#7235,#7236,#7237,#7238,#7239,#7240,
#7241,#7242,#7243,#7244,#7245,#7246,#7247,#7248,#7249,#7250));
#7252=DERIVED_UNIT_ELEMENT(#7254,1.);
#7253=DERIVED_UNIT_ELEMENT(#11378,-3.);
#7254=(
MASS_UNIT()
NAMED_UNIT(*)
SI_UNIT(.KILO.,.GRAM.)
);
#7255=DERIVED_UNIT((#7252,#7253));
#7256=MEASURE_REPRESENTATION_ITEM('density measure',
POSITIVE_RATIO_MEASURE(7850.),#7255);
#7257=PROPERTY_DEFINITION_REPRESENTATION(#7262,#7259);
#7258=PROPERTY_DEFINITION_REPRESENTATION(#7263,#7260);
#7259=REPRESENTATION('material name',(#7261),#11375);
#7260=REPRESENTATION('density',(#7256),#11375);
#7261=DESCRIPTIVE_REPRESENTATION_ITEM('Stahl','Stahl');
#7262=PROPERTY_DEFINITION('material property','material name',#11385);
#7263=PROPERTY_DEFINITION('material property','density of part',#11385);
#7264=AXIS2_PLACEMENT_3D('',#9326,#7623,#7624);
#7265=AXIS2_PLACEMENT_3D('',#9327,#7625,#7626);
#7266=AXIS2_PLACEMENT_3D('',#9336,#7631,#7632);
#7267=AXIS2_PLACEMENT_3D('',#9351,#7640,#7641);
#7268=AXIS2_PLACEMENT_3D('',#9366,#7648,#7649);
#7269=AXIS2_PLACEMENT_3D('',#9379,#7656,#7657);
#7270=AXIS2_PLACEMENT_3D('',#9877,#7907,#7908);
#7271=AXIS2_PLACEMENT_3D('',#9879,#7909,#7910);
#7272=AXIS2_PLACEMENT_3D('',#9984,#7963,#7964);
#7273=AXIS2_PLACEMENT_3D('',#9990,#7968,#7969);
#7274=AXIS2_PLACEMENT_3D('',#9996,#7973,#7974);
#7275=AXIS2_PLACEMENT_3D('',#10002,#7978,#7979);
#7276=AXIS2_PLACEMENT_3D('',#10008,#7983,#7984);
#7277=AXIS2_PLACEMENT_3D('',#10014,#7988,#7989);
#7278=AXIS2_PLACEMENT_3D('',#10018,#7992,#7993);
#7279=AXIS2_PLACEMENT_3D('',#10022,#7996,#7997);
#7280=AXIS2_PLACEMENT_3D('',#10026,#8000,#8001);
#7281=AXIS2_PLACEMENT_3D('',#10030,#8004,#8005);
#7282=AXIS2_PLACEMENT_3D('',#10032,#8007,#8008);
#7283=AXIS2_PLACEMENT_3D('',#10038,#8012,#8013);
#7284=AXIS2_PLACEMENT_3D('',#10042,#8016,#8017);
#7285=AXIS2_PLACEMENT_3D('',#10046,#8020,#8021);
#7286=AXIS2_PLACEMENT_3D('',#10050,#8024,#8025);
#7287=AXIS2_PLACEMENT_3D('',#10054,#8028,#8029);
#7288=AXIS2_PLACEMENT_3D('',#10056,#8031,#8032);
#7289=AXIS2_PLACEMENT_3D('',#10062,#8036,#8037);
#7290=AXIS2_PLACEMENT_3D('',#10066,#8040,#8041);
#7291=AXIS2_PLACEMENT_3D('',#10070,#8044,#8045);
#7292=AXIS2_PLACEMENT_3D('',#10074,#8048,#8049);
#7293=AXIS2_PLACEMENT_3D('',#10078,#8052,#8053);
#7294=AXIS2_PLACEMENT_3D('',#10080,#8055,#8056);
#7295=AXIS2_PLACEMENT_3D('',#10086,#8060,#8061);
#7296=AXIS2_PLACEMENT_3D('',#10090,#8064,#8065);
#7297=AXIS2_PLACEMENT_3D('',#10094,#8068,#8069);
#7298=AXIS2_PLACEMENT_3D('',#10098,#8072,#8073);
#7299=AXIS2_PLACEMENT_3D('',#10102,#8076,#8077);
#7300=AXIS2_PLACEMENT_3D('',#10104,#8079,#8080);
#7301=AXIS2_PLACEMENT_3D('',#10110,#8084,#8085);
#7302=AXIS2_PLACEMENT_3D('',#10114,#8088,#8089);
#7303=AXIS2_PLACEMENT_3D('',#10118,#8092,#8093);
#7304=AXIS2_PLACEMENT_3D('',#10122,#8096,#8097);
#7305=AXIS2_PLACEMENT_3D('',#10126,#8100,#8101);
#7306=AXIS2_PLACEMENT_3D('',#10128,#8103,#8104);
#7307=AXIS2_PLACEMENT_3D('',#10134,#8108,#8109);
#7308=AXIS2_PLACEMENT_3D('',#10138,#8112,#8113);
#7309=AXIS2_PLACEMENT_3D('',#10142,#8116,#8117);
#7310=AXIS2_PLACEMENT_3D('',#10146,#8120,#8121);
#7311=AXIS2_PLACEMENT_3D('',#10150,#8124,#8125);
#7312=AXIS2_PLACEMENT_3D('',#10152,#8127,#8128);
#7313=AXIS2_PLACEMENT_3D('',#10158,#8132,#8133);
#7314=AXIS2_PLACEMENT_3D('',#10162,#8136,#8137);
#7315=AXIS2_PLACEMENT_3D('',#10166,#8140,#8141);
#7316=AXIS2_PLACEMENT_3D('',#10170,#8144,#8145);
#7317=AXIS2_PLACEMENT_3D('',#10174,#8148,#8149);
#7318=AXIS2_PLACEMENT_3D('',#10176,#8151,#8152);
#7319=AXIS2_PLACEMENT_3D('',#10182,#8156,#8157);
#7320=AXIS2_PLACEMENT_3D('',#10186,#8160,#8161);
#7321=AXIS2_PLACEMENT_3D('',#10190,#8164,#8165);
#7322=AXIS2_PLACEMENT_3D('',#10194,#8168,#8169);
#7323=AXIS2_PLACEMENT_3D('',#10198,#8172,#8173);
#7324=AXIS2_PLACEMENT_3D('',#10200,#8175,#8176);
#7325=AXIS2_PLACEMENT_3D('',#10206,#8180,#8181);
#7326=AXIS2_PLACEMENT_3D('',#10210,#8184,#8185);
#7327=AXIS2_PLACEMENT_3D('',#10214,#8188,#8189);
#7328=AXIS2_PLACEMENT_3D('',#10218,#8192,#8193);
#7329=AXIS2_PLACEMENT_3D('',#10222,#8196,#8197);
#7330=AXIS2_PLACEMENT_3D('',#10224,#8199,#8200);
#7331=AXIS2_PLACEMENT_3D('',#10230,#8204,#8205);
#7332=AXIS2_PLACEMENT_3D('',#10234,#8208,#8209);
#7333=AXIS2_PLACEMENT_3D('',#10238,#8212,#8213);
#7334=AXIS2_PLACEMENT_3D('',#10242,#8216,#8217);
#7335=AXIS2_PLACEMENT_3D('',#10246,#8220,#8221);
#7336=AXIS2_PLACEMENT_3D('',#10248,#8223,#8224);
#7337=AXIS2_PLACEMENT_3D('',#10254,#8228,#8229);
#7338=AXIS2_PLACEMENT_3D('',#10258,#8232,#8233);
#7339=AXIS2_PLACEMENT_3D('',#10262,#8236,#8237);
#7340=AXIS2_PLACEMENT_3D('',#10266,#8240,#8241);
#7341=AXIS2_PLACEMENT_3D('',#10270,#8244,#8245);
#7342=AXIS2_PLACEMENT_3D('',#10272,#8247,#8248);
#7343=AXIS2_PLACEMENT_3D('',#10278,#8252,#8253);
#7344=AXIS2_PLACEMENT_3D('',#10282,#8256,#8257);
#7345=AXIS2_PLACEMENT_3D('',#10286,#8260,#8261);
#7346=AXIS2_PLACEMENT_3D('',#10290,#8264,#8265);
#7347=AXIS2_PLACEMENT_3D('',#10294,#8268,#8269);
#7348=AXIS2_PLACEMENT_3D('',#10296,#8271,#8272);
#7349=AXIS2_PLACEMENT_3D('',#10302,#8276,#8277);
#7350=AXIS2_PLACEMENT_3D('',#10306,#8280,#8281);
#7351=AXIS2_PLACEMENT_3D('',#10310,#8284,#8285);
#7352=AXIS2_PLACEMENT_3D('',#10314,#8288,#8289);
#7353=AXIS2_PLACEMENT_3D('',#10318,#8292,#8293);
#7354=AXIS2_PLACEMENT_3D('',#10320,#8295,#8296);
#7355=AXIS2_PLACEMENT_3D('',#10326,#8300,#8301);
#7356=AXIS2_PLACEMENT_3D('',#10330,#8304,#8305);
#7357=AXIS2_PLACEMENT_3D('',#10334,#8308,#8309);
#7358=AXIS2_PLACEMENT_3D('',#10338,#8312,#8313);
#7359=AXIS2_PLACEMENT_3D('',#10342,#8316,#8317);
#7360=AXIS2_PLACEMENT_3D('',#10344,#8319,#8320);
#7361=AXIS2_PLACEMENT_3D('',#10350,#8324,#8325);
#7362=AXIS2_PLACEMENT_3D('',#10354,#8328,#8329);
#7363=AXIS2_PLACEMENT_3D('',#10358,#8332,#8333);
#7364=AXIS2_PLACEMENT_3D('',#10362,#8336,#8337);
#7365=AXIS2_PLACEMENT_3D('',#10366,#8340,#8341);
#7366=AXIS2_PLACEMENT_3D('',#10368,#8343,#8344);
#7367=AXIS2_PLACEMENT_3D('',#10374,#8348,#8349);
#7368=AXIS2_PLACEMENT_3D('',#10378,#8352,#8353);
#7369=AXIS2_PLACEMENT_3D('',#10382,#8356,#8357);
#7370=AXIS2_PLACEMENT_3D('',#10386,#8360,#8361);
#7371=AXIS2_PLACEMENT_3D('',#10390,#8364,#8365);
#7372=AXIS2_PLACEMENT_3D('',#10392,#8367,#8368);
#7373=AXIS2_PLACEMENT_3D('',#10398,#8372,#8373);
#7374=AXIS2_PLACEMENT_3D('',#10402,#8376,#8377);
#7375=AXIS2_PLACEMENT_3D('',#10406,#8380,#8381);
#7376=AXIS2_PLACEMENT_3D('',#10410,#8384,#8385);
#7377=AXIS2_PLACEMENT_3D('',#10414,#8388,#8389);
#7378=AXIS2_PLACEMENT_3D('',#10416,#8391,#8392);
#7379=AXIS2_PLACEMENT_3D('',#10422,#8396,#8397);
#7380=AXIS2_PLACEMENT_3D('',#10426,#8400,#8401);
#7381=AXIS2_PLACEMENT_3D('',#10430,#8404,#8405);
#7382=AXIS2_PLACEMENT_3D('',#10434,#8408,#8409);
#7383=AXIS2_PLACEMENT_3D('',#10438,#8412,#8413);
#7384=AXIS2_PLACEMENT_3D('',#10440,#8415,#8416);
#7385=AXIS2_PLACEMENT_3D('',#10446,#8420,#8421);
#7386=AXIS2_PLACEMENT_3D('',#10450,#8424,#8425);
#7387=AXIS2_PLACEMENT_3D('',#10454,#8428,#8429);
#7388=AXIS2_PLACEMENT_3D('',#10458,#8432,#8433);
#7389=AXIS2_PLACEMENT_3D('',#10462,#8436,#8437);
#7390=AXIS2_PLACEMENT_3D('',#10464,#8439,#8440);
#7391=AXIS2_PLACEMENT_3D('',#10470,#8444,#8445);
#7392=AXIS2_PLACEMENT_3D('',#10474,#8448,#8449);
#7393=AXIS2_PLACEMENT_3D('',#10478,#8452,#8453);
#7394=AXIS2_PLACEMENT_3D('',#10482,#8456,#8457);
#7395=AXIS2_PLACEMENT_3D('',#10486,#8460,#8461);
#7396=AXIS2_PLACEMENT_3D('',#10488,#8463,#8464);
#7397=AXIS2_PLACEMENT_3D('',#10494,#8468,#8469);
#7398=AXIS2_PLACEMENT_3D('',#10498,#8472,#8473);
#7399=AXIS2_PLACEMENT_3D('',#10502,#8476,#8477);
#7400=AXIS2_PLACEMENT_3D('',#10506,#8480,#8481);
#7401=AXIS2_PLACEMENT_3D('',#10510,#8484,#8485);
#7402=AXIS2_PLACEMENT_3D('',#10512,#8487,#8488);
#7403=AXIS2_PLACEMENT_3D('',#10518,#8492,#8493);
#7404=AXIS2_PLACEMENT_3D('',#10522,#8496,#8497);
#7405=AXIS2_PLACEMENT_3D('',#10526,#8500,#8501);
#7406=AXIS2_PLACEMENT_3D('',#10530,#8504,#8505);
#7407=AXIS2_PLACEMENT_3D('',#10534,#8508,#8509);
#7408=AXIS2_PLACEMENT_3D('',#10536,#8511,#8512);
#7409=AXIS2_PLACEMENT_3D('',#10542,#8516,#8517);
#7410=AXIS2_PLACEMENT_3D('',#10546,#8520,#8521);
#7411=AXIS2_PLACEMENT_3D('',#10550,#8524,#8525);
#7412=AXIS2_PLACEMENT_3D('',#10554,#8528,#8529);
#7413=AXIS2_PLACEMENT_3D('',#10558,#8532,#8533);
#7414=AXIS2_PLACEMENT_3D('',#10560,#8535,#8536);
#7415=AXIS2_PLACEMENT_3D('',#10566,#8540,#8541);
#7416=AXIS2_PLACEMENT_3D('',#10570,#8544,#8545);
#7417=AXIS2_PLACEMENT_3D('',#10574,#8548,#8549);
#7418=AXIS2_PLACEMENT_3D('',#10578,#8552,#8553);
#7419=AXIS2_PLACEMENT_3D('',#10582,#8556,#8557);
#7420=AXIS2_PLACEMENT_3D('',#10584,#8559,#8560);
#7421=AXIS2_PLACEMENT_3D('',#10590,#8564,#8565);
#7422=AXIS2_PLACEMENT_3D('',#10594,#8568,#8569);
#7423=AXIS2_PLACEMENT_3D('',#10598,#8572,#8573);
#7424=AXIS2_PLACEMENT_3D('',#10602,#8576,#8577);
#7425=AXIS2_PLACEMENT_3D('',#10606,#8580,#8581);
#7426=AXIS2_PLACEMENT_3D('',#10608,#8583,#8584);
#7427=AXIS2_PLACEMENT_3D('',#10614,#8588,#8589);
#7428=AXIS2_PLACEMENT_3D('',#10618,#8592,#8593);
#7429=AXIS2_PLACEMENT_3D('',#10622,#8596,#8597);
#7430=AXIS2_PLACEMENT_3D('',#10626,#8600,#8601);
#7431=AXIS2_PLACEMENT_3D('',#10630,#8604,#8605);
#7432=AXIS2_PLACEMENT_3D('',#10632,#8607,#8608);
#7433=AXIS2_PLACEMENT_3D('',#10638,#8612,#8613);
#7434=AXIS2_PLACEMENT_3D('',#10642,#8616,#8617);
#7435=AXIS2_PLACEMENT_3D('',#10646,#8620,#8621);
#7436=AXIS2_PLACEMENT_3D('',#10650,#8624,#8625);
#7437=AXIS2_PLACEMENT_3D('',#10654,#8628,#8629);
#7438=AXIS2_PLACEMENT_3D('',#10656,#8631,#8632);
#7439=AXIS2_PLACEMENT_3D('',#10662,#8636,#8637);
#7440=AXIS2_PLACEMENT_3D('',#10666,#8640,#8641);
#7441=AXIS2_PLACEMENT_3D('',#10670,#8644,#8645);
#7442=AXIS2_PLACEMENT_3D('',#10674,#8648,#8649);
#7443=AXIS2_PLACEMENT_3D('',#10678,#8652,#8653);
#7444=AXIS2_PLACEMENT_3D('',#10680,#8655,#8656);
#7445=AXIS2_PLACEMENT_3D('',#10686,#8660,#8661);
#7446=AXIS2_PLACEMENT_3D('',#10690,#8664,#8665);
#7447=AXIS2_PLACEMENT_3D('',#10694,#8668,#8669);
#7448=AXIS2_PLACEMENT_3D('',#10698,#8672,#8673);
#7449=AXIS2_PLACEMENT_3D('',#10702,#8676,#8677);
#7450=AXIS2_PLACEMENT_3D('',#10704,#8679,#8680);
#7451=AXIS2_PLACEMENT_3D('',#10710,#8684,#8685);
#7452=AXIS2_PLACEMENT_3D('',#10714,#8688,#8689);
#7453=AXIS2_PLACEMENT_3D('',#10718,#8692,#8693);
#7454=AXIS2_PLACEMENT_3D('',#10722,#8696,#8697);
#7455=AXIS2_PLACEMENT_3D('',#10726,#8700,#8701);
#7456=AXIS2_PLACEMENT_3D('',#10728,#8703,#8704);
#7457=AXIS2_PLACEMENT_3D('',#10734,#8708,#8709);
#7458=AXIS2_PLACEMENT_3D('',#10738,#8712,#8713);
#7459=AXIS2_PLACEMENT_3D('',#10742,#8716,#8717);
#7460=AXIS2_PLACEMENT_3D('',#10746,#8720,#8721);
#7461=AXIS2_PLACEMENT_3D('',#10750,#8724,#8725);
#7462=AXIS2_PLACEMENT_3D('',#10752,#8727,#8728);
#7463=AXIS2_PLACEMENT_3D('',#10758,#8732,#8733);
#7464=AXIS2_PLACEMENT_3D('',#10762,#8736,#8737);
#7465=AXIS2_PLACEMENT_3D('',#10766,#8740,#8741);
#7466=AXIS2_PLACEMENT_3D('',#10770,#8744,#8745);
#7467=AXIS2_PLACEMENT_3D('',#10774,#8748,#8749);
#7468=AXIS2_PLACEMENT_3D('',#10776,#8751,#8752);
#7469=AXIS2_PLACEMENT_3D('',#10782,#8756,#8757);
#7470=AXIS2_PLACEMENT_3D('',#10786,#8760,#8761);
#7471=AXIS2_PLACEMENT_3D('',#10790,#8764,#8765);
#7472=AXIS2_PLACEMENT_3D('',#10794,#8768,#8769);
#7473=AXIS2_PLACEMENT_3D('',#10798,#8772,#8773);
#7474=AXIS2_PLACEMENT_3D('',#10800,#8775,#8776);
#7475=AXIS2_PLACEMENT_3D('',#10806,#8780,#8781);
#7476=AXIS2_PLACEMENT_3D('',#10810,#8784,#8785);
#7477=AXIS2_PLACEMENT_3D('',#10814,#8788,#8789);
#7478=AXIS2_PLACEMENT_3D('',#10818,#8792,#8793);
#7479=AXIS2_PLACEMENT_3D('',#10822,#8796,#8797);
#7480=AXIS2_PLACEMENT_3D('',#10824,#8799,#8800);
#7481=AXIS2_PLACEMENT_3D('',#10830,#8804,#8805);
#7482=AXIS2_PLACEMENT_3D('',#10834,#8808,#8809);
#7483=AXIS2_PLACEMENT_3D('',#10838,#8812,#8813);
#7484=AXIS2_PLACEMENT_3D('',#10842,#8816,#8817);
#7485=AXIS2_PLACEMENT_3D('',#10846,#8820,#8821);
#7486=AXIS2_PLACEMENT_3D('',#10848,#8823,#8824);
#7487=AXIS2_PLACEMENT_3D('',#10854,#8828,#8829);
#7488=AXIS2_PLACEMENT_3D('',#10858,#8832,#8833);
#7489=AXIS2_PLACEMENT_3D('',#10862,#8836,#8837);
#7490=AXIS2_PLACEMENT_3D('',#10866,#8840,#8841);
#7491=AXIS2_PLACEMENT_3D('',#10870,#8844,#8845);
#7492=AXIS2_PLACEMENT_3D('',#10872,#8847,#8848);
#7493=AXIS2_PLACEMENT_3D('',#10878,#8852,#8853);
#7494=AXIS2_PLACEMENT_3D('',#10882,#8856,#8857);
#7495=AXIS2_PLACEMENT_3D('',#10886,#8860,#8861);
#7496=AXIS2_PLACEMENT_3D('',#10890,#8864,#8865);
#7497=AXIS2_PLACEMENT_3D('',#10894,#8868,#8869);
#7498=AXIS2_PLACEMENT_3D('',#10896,#8871,#8872);
#7499=AXIS2_PLACEMENT_3D('',#10902,#8876,#8877);
#7500=AXIS2_PLACEMENT_3D('',#10906,#8880,#8881);
#7501=AXIS2_PLACEMENT_3D('',#10910,#8884,#8885);
#7502=AXIS2_PLACEMENT_3D('',#10914,#8888,#8889);
#7503=AXIS2_PLACEMENT_3D('',#10918,#8892,#8893);
#7504=AXIS2_PLACEMENT_3D('',#10920,#8895,#8896);
#7505=AXIS2_PLACEMENT_3D('',#10926,#8900,#8901);
#7506=AXIS2_PLACEMENT_3D('',#10930,#8904,#8905);
#7507=AXIS2_PLACEMENT_3D('',#10934,#8908,#8909);
#7508=AXIS2_PLACEMENT_3D('',#10938,#8912,#8913);
#7509=AXIS2_PLACEMENT_3D('',#10942,#8916,#8917);
#7510=AXIS2_PLACEMENT_3D('',#10944,#8919,#8920);
#7511=AXIS2_PLACEMENT_3D('',#10950,#8924,#8925);
#7512=AXIS2_PLACEMENT_3D('',#10954,#8928,#8929);
#7513=AXIS2_PLACEMENT_3D('',#10958,#8932,#8933);
#7514=AXIS2_PLACEMENT_3D('',#10962,#8936,#8937);
#7515=AXIS2_PLACEMENT_3D('',#10966,#8940,#8941);
#7516=AXIS2_PLACEMENT_3D('',#10968,#8943,#8944);
#7517=AXIS2_PLACEMENT_3D('',#10974,#8948,#8949);
#7518=AXIS2_PLACEMENT_3D('',#10978,#8952,#8953);
#7519=AXIS2_PLACEMENT_3D('',#10982,#8956,#8957);
#7520=AXIS2_PLACEMENT_3D('',#10986,#8960,#8961);
#7521=AXIS2_PLACEMENT_3D('',#10990,#8964,#8965);
#7522=AXIS2_PLACEMENT_3D('',#10992,#8967,#8968);
#7523=AXIS2_PLACEMENT_3D('',#10998,#8972,#8973);
#7524=AXIS2_PLACEMENT_3D('',#11002,#8976,#8977);
#7525=AXIS2_PLACEMENT_3D('',#11006,#8980,#8981);
#7526=AXIS2_PLACEMENT_3D('',#11010,#8984,#8985);
#7527=AXIS2_PLACEMENT_3D('',#11014,#8988,#8989);
#7528=AXIS2_PLACEMENT_3D('',#11016,#8991,#8992);
#7529=AXIS2_PLACEMENT_3D('',#11022,#8996,#8997);
#7530=AXIS2_PLACEMENT_3D('',#11026,#9000,#9001);
#7531=AXIS2_PLACEMENT_3D('',#11030,#9004,#9005);
#7532=AXIS2_PLACEMENT_3D('',#11034,#9008,#9009);
#7533=AXIS2_PLACEMENT_3D('',#11038,#9012,#9013);
#7534=AXIS2_PLACEMENT_3D('',#11040,#9015,#9016);
#7535=AXIS2_PLACEMENT_3D('',#11046,#9020,#9021);
#7536=AXIS2_PLACEMENT_3D('',#11050,#9024,#9025);
#7537=AXIS2_PLACEMENT_3D('',#11054,#9028,#9029);
#7538=AXIS2_PLACEMENT_3D('',#11058,#9032,#9033);
#7539=AXIS2_PLACEMENT_3D('',#11062,#9036,#9037);
#7540=AXIS2_PLACEMENT_3D('',#11064,#9039,#9040);
#7541=AXIS2_PLACEMENT_3D('',#11070,#9044,#9045);
#7542=AXIS2_PLACEMENT_3D('',#11074,#9048,#9049);
#7543=AXIS2_PLACEMENT_3D('',#11078,#9052,#9053);
#7544=AXIS2_PLACEMENT_3D('',#11082,#9056,#9057);
#7545=AXIS2_PLACEMENT_3D('',#11086,#9060,#9061);
#7546=AXIS2_PLACEMENT_3D('',#11088,#9063,#9064);
#7547=AXIS2_PLACEMENT_3D('',#11094,#9068,#9069);
#7548=AXIS2_PLACEMENT_3D('',#11098,#9072,#9073);
#7549=AXIS2_PLACEMENT_3D('',#11102,#9076,#9077);
#7550=AXIS2_PLACEMENT_3D('',#11106,#9080,#9081);
#7551=AXIS2_PLACEMENT_3D('',#11110,#9084,#9085);
#7552=AXIS2_PLACEMENT_3D('',#11112,#9087,#9088);
#7553=AXIS2_PLACEMENT_3D('',#11118,#9092,#9093);
#7554=AXIS2_PLACEMENT_3D('',#11122,#9096,#9097);
#7555=AXIS2_PLACEMENT_3D('',#11126,#9100,#9101);
#7556=AXIS2_PLACEMENT_3D('',#11130,#9104,#9105);
#7557=AXIS2_PLACEMENT_3D('',#11134,#9108,#9109);
#7558=AXIS2_PLACEMENT_3D('',#11136,#9111,#9112);
#7559=AXIS2_PLACEMENT_3D('',#11142,#9116,#9117);
#7560=AXIS2_PLACEMENT_3D('',#11146,#9120,#9121);
#7561=AXIS2_PLACEMENT_3D('',#11150,#9124,#9125);
#7562=AXIS2_PLACEMENT_3D('',#11154,#9128,#9129);
#7563=AXIS2_PLACEMENT_3D('',#11158,#9132,#9133);
#7564=AXIS2_PLACEMENT_3D('',#11160,#9135,#9136);
#7565=AXIS2_PLACEMENT_3D('',#11162,#9137,#9138);
#7566=AXIS2_PLACEMENT_3D('',#11165,#9140,#9141);
#7567=AXIS2_PLACEMENT_3D('',#11166,#9142,#9143);
#7568=AXIS2_PLACEMENT_3D('',#11167,#9144,#9145);
#7569=AXIS2_PLACEMENT_3D('',#11169,#9146,#9147);
#7570=AXIS2_PLACEMENT_3D('',#11172,#9149,#9150);
#7571=AXIS2_PLACEMENT_3D('',#11173,#9151,#9152);
#7572=AXIS2_PLACEMENT_3D('',#11193,#9153,#9154);
#7573=AXIS2_PLACEMENT_3D('',#11195,#9156,#9157);
#7574=AXIS2_PLACEMENT_3D('',#11215,#9158,#9159);
#7575=AXIS2_PLACEMENT_3D('',#11217,#9161,#9162);
#7576=AXIS2_PLACEMENT_3D('',#11218,#9163,#9164);
#7577=AXIS2_PLACEMENT_3D('',#11224,#9168,#9169);
#7578=AXIS2_PLACEMENT_3D('',#11228,#9172,#9173);
#7579=AXIS2_PLACEMENT_3D('',#11232,#9176,#9177);
#7580=AXIS2_PLACEMENT_3D('',#11234,#9179,#9180);
#7581=AXIS2_PLACEMENT_3D('',#11238,#9183,#9184);
#7582=AXIS2_PLACEMENT_3D('',#11242,#9187,#9188);
#7583=AXIS2_PLACEMENT_3D('',#11244,#9190,#9191);
#7584=AXIS2_PLACEMENT_3D('',#11248,#9194,#9195);
#7585=AXIS2_PLACEMENT_3D('',#11250,#9197,#9198);
#7586=AXIS2_PLACEMENT_3D('',#11254,#9201,#9202);
#7587=AXIS2_PLACEMENT_3D('',#11258,#9205,#9206);
#7588=AXIS2_PLACEMENT_3D('',#11260,#9208,#9209);
#7589=AXIS2_PLACEMENT_3D('',#11264,#9212,#9213);
#7590=AXIS2_PLACEMENT_3D('',#11268,#9216,#9217);
#7591=AXIS2_PLACEMENT_3D('',#11272,#9219,#9220);
#7592=AXIS2_PLACEMENT_3D('',#11276,#9222,#9223);
#7593=AXIS2_PLACEMENT_3D('',#11278,#9225,#9226);
#7594=AXIS2_PLACEMENT_3D('',#11282,#9229,#9230);
#7595=AXIS2_PLACEMENT_3D('',#11284,#9232,#9233);
#7596=AXIS2_PLACEMENT_3D('',#11288,#9236,#9237);
#7597=AXIS2_PLACEMENT_3D('',#11290,#9239,#9240);
#7598=AXIS2_PLACEMENT_3D('',#11294,#9243,#9244);
#7599=AXIS2_PLACEMENT_3D('',#11298,#9246,#9247);
#7600=AXIS2_PLACEMENT_3D('',#11299,#9248,#9249);
#7601=AXIS2_PLACEMENT_3D('',#11300,#9250,#9251);
#7602=AXIS2_PLACEMENT_3D('',#11303,#9254,#9255);
#7603=AXIS2_PLACEMENT_3D('',#11304,#9256,#9257);
#7604=AXIS2_PLACEMENT_3D('',#11307,#9258,#9259);
#7605=AXIS2_PLACEMENT_3D('',#11313,#9262,#9263);
#7606=AXIS2_PLACEMENT_3D('',#11315,#9265,#9266);
#7607=AXIS2_PLACEMENT_3D('',#11318,#9269,#9270);
#7608=AXIS2_PLACEMENT_3D('',#11328,#9276,#9277);
#7609=AXIS2_PLACEMENT_3D('',#11329,#9278,#9279);
#7610=AXIS2_PLACEMENT_3D('',#11330,#9280,#9281);
#7611=AXIS2_PLACEMENT_3D('',#11331,#9282,#9283);
#7612=AXIS2_PLACEMENT_3D('',#11333,#9285,#9286);
#7613=AXIS2_PLACEMENT_3D('',#11339,#9290,#9291);
#7614=AXIS2_PLACEMENT_3D('',#11343,#9294,#9295);
#7615=AXIS2_PLACEMENT_3D('',#11347,#9298,#9299);
#7616=AXIS2_PLACEMENT_3D('',#11351,#9302,#9303);
#7617=AXIS2_PLACEMENT_3D('',#11353,#9305,#9306);
#7618=AXIS2_PLACEMENT_3D('',#11360,#9310,#9311);
#7619=AXIS2_PLACEMENT_3D('',#11365,#9315,#9316);
#7620=AXIS2_PLACEMENT_3D('',#11369,#9319,#9320);
#7621=AXIS2_PLACEMENT_3D('',#11371,#9322,#9323);
#7622=AXIS2_PLACEMENT_3D('',#11372,#9324,#9325);
#7623=DIRECTION('axis',(0.,0.,1.));
#7624=DIRECTION('refdir',(1.,0.,0.));
#7625=DIRECTION('center_axis',(1.,0.,0.));
#7626=DIRECTION('ref_axis',(0.,1.,0.));
#7627=DIRECTION('',(0.,-0.836244367385878,0.548356962220225));
#7628=DIRECTION('',(0.,0.,1.));
#7629=DIRECTION('',(0.,-1.,0.));
#7630=DIRECTION('',(0.,0.,1.));
#7631=DIRECTION('center_axis',(-1.,4.08623218721265E-17,-2.67949651620502E-17));
#7632=DIRECTION('ref_axis',(-4.88640922029332E-17,-0.836244367385867,0.548356962220241));
#7633=DIRECTION('',(0.,0.,1.));
#7634=DIRECTION('',(-4.88640922029332E-17,-0.836244367385867,0.548356962220241));
#7635=DIRECTION('',(0.,-1.,0.));
#7636=DIRECTION('',(2.67949651620502E-17,0.,-1.));
#7637=DIRECTION('',(0.,1.,0.));
#7638=DIRECTION('',(0.,0.548356962220242,0.836244367385867));
#7639=DIRECTION('',(-4.88640922029332E-17,-0.836244367385867,0.548356962220241));
#7640=DIRECTION('center_axis',(0.,0.548356962220241,0.836244367385867));
#7641=DIRECTION('ref_axis',(-1.,0.,0.));
#7642=DIRECTION('',(0.,-0.836244367385867,0.548356962220241));
#7643=DIRECTION('',(1.,0.,0.));
#7644=DIRECTION('',(0.,0.836244367385867,-0.548356962220241));
#7645=DIRECTION('',(1.,0.,0.));
#7646=DIRECTION('',(0.999999999999569,7.76101006379154E-7,-5.08918692707642E-7));
#7647=DIRECTION('',(0.,0.836244367385867,-0.548356962220241));
#7648=DIRECTION('center_axis',(-1.04344734281999E-48,0.548356962220241,
0.836244367385867));
#7649=DIRECTION('ref_axis',(-1.87970762572194E-32,0.836244367385867,-0.548356962220241));
#7650=DIRECTION('',(2.61526126570861E-16,0.836244367385867,-0.548356962220241));
#7651=DIRECTION('',(-1.,1.06936784420006E-16,2.22343809173878E-17));
#7652=DIRECTION('',(-1.,1.06936784420006E-16,2.22343809173878E-17));
#7653=DIRECTION('',(-1.,1.06936784420006E-16,2.22343809173878E-17));
#7654=DIRECTION('',(1.,8.11386530706124E-10,-5.32052491368671E-10));
#7655=DIRECTION('',(-1.,0.,0.));
#7656=DIRECTION('center_axis',(0.,0.548356962220241,0.836244367385867));
#7657=DIRECTION('ref_axis',(-1.87970762572194E-32,0.836244367385867,-0.548356962220241));
#7658=DIRECTION('',(0.,-0.836244367385867,0.548356962220241));
#7659=DIRECTION('',(1.,0.,0.));
#7660=DIRECTION('',(0.,-0.836244367385867,0.548356962220241));
#7661=DIRECTION('',(1.,0.,0.));
#7662=DIRECTION('',(0.,0.836244367385867,-0.548356962220241));
#7663=DIRECTION('',(1.,0.,0.));
#7664=DIRECTION('',(-1.,0.,0.));
#7665=DIRECTION('',(0.,-0.836244367385867,0.548356962220241));
#7666=DIRECTION('',(1.,0.,0.));
#7667=DIRECTION('',(0.0071347795342606,-0.836223082572194,0.548343004965373));
#7668=DIRECTION('',(0.869570750725243,-0.412944470690946,0.270783259469473));
#7669=DIRECTION('',(0.862435971190983,0.423278611881249,-0.277559745495901));
#7670=DIRECTION('',(-0.00713477953426061,0.836223082572194,-0.548343004965373));
#7671=DIRECTION('',(-0.869570750725244,0.412944470690945,-0.270783259469472));
#7672=DIRECTION('',(-0.862435971190984,-0.423278611881247,0.2775597454959));
#7673=DIRECTION('',(-0.863040547337656,0.422416005023154,-0.276994101654527));
#7674=DIRECTION('',(-0.868979712060937,-0.413813613525541,0.271353189197076));
#7675=DIRECTION('',(-0.00593916472328241,-0.836229618548695,0.548347290851604));
#7676=DIRECTION('',(0.863040547337656,-0.422416005023154,0.276994101654527));
#7677=DIRECTION('',(0.868979712060937,0.413813613525541,-0.271353189197076));
#7678=DIRECTION('',(0.00593916472328241,0.836229618548695,-0.548347290851604));
#7679=DIRECTION('',(0.0071347795342606,-0.836223082572194,0.548343004965373));
#7680=DIRECTION('',(0.869570750725243,-0.412944470690946,0.270783259469473));
#7681=DIRECTION('',(0.862435971190983,0.423278611881249,-0.277559745495901));
#7682=DIRECTION('',(-0.00713477953426061,0.836223082572194,-0.548343004965373));
#7683=DIRECTION('',(-0.869570750725244,0.412944470690945,-0.270783259469472));
#7684=DIRECTION('',(-0.862435971190984,-0.423278611881247,0.2775597454959));
#7685=DIRECTION('',(-0.863040547337656,0.422416005023154,-0.276994101654527));
#7686=DIRECTION('',(-0.868979712060937,-0.413813613525541,0.271353189197076));
#7687=DIRECTION('',(-0.00593916472328241,-0.836229618548695,0.548347290851604));
#7688=DIRECTION('',(0.863040547337656,-0.422416005023154,0.276994101654527));
#7689=DIRECTION('',(0.868979712060937,0.413813613525541,-0.271353189197076));
#7690=DIRECTION('',(0.00593916472328241,0.836229618548695,-0.548347290851604));
#7691=DIRECTION('',(0.0071347795342606,-0.836223082572194,0.548343004965373));
#7692=DIRECTION('',(0.869570750725243,-0.412944470690946,0.270783259469473));
#7693=DIRECTION('',(0.862435971190983,0.423278611881249,-0.277559745495901));
#7694=DIRECTION('',(-0.00713477953426061,0.836223082572194,-0.548343004965373));
#7695=DIRECTION('',(-0.869570750725244,0.412944470690945,-0.270783259469472));
#7696=DIRECTION('',(-0.862435971190984,-0.423278611881247,0.2775597454959));
#7697=DIRECTION('',(-0.863040547337656,0.422416005023154,-0.276994101654527));
#7698=DIRECTION('',(-0.868979712060937,-0.413813613525541,0.271353189197076));
#7699=DIRECTION('',(-0.00593916472328241,-0.836229618548695,0.548347290851604));
#7700=DIRECTION('',(0.863040547337656,-0.422416005023154,0.276994101654527));
#7701=DIRECTION('',(0.868979712060937,0.413813613525541,-0.271353189197076));
#7702=DIRECTION('',(0.00593916472328241,0.836229618548695,-0.548347290851604));
#7703=DIRECTION('',(0.0071347795342606,-0.836223082572194,0.548343004965373));
#7704=DIRECTION('',(0.869570750725243,-0.412944470690946,0.270783259469473));
#7705=DIRECTION('',(0.862435971190983,0.423278611881249,-0.277559745495901));
#7706=DIRECTION('',(-0.00713477953426061,0.836223082572194,-0.548343004965373));
#7707=DIRECTION('',(-0.869570750725244,0.412944470690945,-0.270783259469472));
#7708=DIRECTION('',(-0.862435971190984,-0.423278611881247,0.2775597454959));
#7709=DIRECTION('',(-0.863040547337656,0.422416005023154,-0.276994101654527));
#7710=DIRECTION('',(-0.868979712060937,-0.413813613525541,0.271353189197076));
#7711=DIRECTION('',(-0.00593916472328241,-0.836229618548695,0.548347290851604));
#7712=DIRECTION('',(0.863040547337656,-0.422416005023154,0.276994101654527));
#7713=DIRECTION('',(0.868979712060937,0.413813613525541,-0.271353189197076));
#7714=DIRECTION('',(0.00593916472328241,0.836229618548695,-0.548347290851604));
#7715=DIRECTION('',(0.0071347795342606,-0.836223082572194,0.548343004965373));
#7716=DIRECTION('',(0.869570750725243,-0.412944470690946,0.270783259469473));
#7717=DIRECTION('',(0.862435971190983,0.423278611881249,-0.277559745495901));
#7718=DIRECTION('',(-0.00713477953426061,0.836223082572194,-0.548343004965373));
#7719=DIRECTION('',(-0.869570750725244,0.412944470690945,-0.270783259469472));
#7720=DIRECTION('',(-0.862435971190984,-0.423278611881247,0.2775597454959));
#7721=DIRECTION('',(-0.863040547337656,0.422416005023154,-0.276994101654527));
#7722=DIRECTION('',(-0.868979712060937,-0.413813613525541,0.271353189197076));
#7723=DIRECTION('',(-0.00593916472328241,-0.836229618548695,0.548347290851604));
#7724=DIRECTION('',(0.863040547337656,-0.422416005023154,0.276994101654527));
#7725=DIRECTION('',(0.868979712060937,0.413813613525541,-0.271353189197076));
#7726=DIRECTION('',(0.00593916472328241,0.836229618548695,-0.548347290851604));
#7727=DIRECTION('',(0.0071347795342606,-0.836223082572194,0.548343004965373));
#7728=DIRECTION('',(0.869570750725243,-0.412944470690946,0.270783259469473));
#7729=DIRECTION('',(0.862435971190983,0.423278611881249,-0.277559745495901));
#7730=DIRECTION('',(-0.00713477953426061,0.836223082572194,-0.548343004965373));
#7731=DIRECTION('',(-0.869570750725244,0.412944470690945,-0.270783259469472));
#7732=DIRECTION('',(-0.862435971190984,-0.423278611881247,0.2775597454959));
#7733=DIRECTION('',(-0.863040547337656,0.422416005023154,-0.276994101654527));
#7734=DIRECTION('',(-0.868979712060937,-0.413813613525541,0.271353189197076));
#7735=DIRECTION('',(-0.00593916472328241,-0.836229618548695,0.548347290851604));
#7736=DIRECTION('',(0.863040547337656,-0.422416005023154,0.276994101654527));
#7737=DIRECTION('',(0.868979712060937,0.413813613525541,-0.271353189197076));
#7738=DIRECTION('',(0.00593916472328241,0.836229618548695,-0.548347290851604));
#7739=DIRECTION('',(0.0071347795342606,-0.836223082572194,0.548343004965373));
#7740=DIRECTION('',(0.869570750725243,-0.412944470690946,0.270783259469473));
#7741=DIRECTION('',(0.862435971190983,0.423278611881249,-0.277559745495901));
#7742=DIRECTION('',(-0.00713477953426061,0.836223082572194,-0.548343004965373));
#7743=DIRECTION('',(-0.869570750725244,0.412944470690945,-0.270783259469472));
#7744=DIRECTION('',(-0.862435971190984,-0.423278611881247,0.2775597454959));
#7745=DIRECTION('',(-0.863040547337656,0.422416005023154,-0.276994101654527));
#7746=DIRECTION('',(-0.868979712060937,-0.413813613525541,0.271353189197076));
#7747=DIRECTION('',(-0.00593916472328241,-0.836229618548695,0.548347290851604));
#7748=DIRECTION('',(0.863040547337656,-0.422416005023154,0.276994101654527));
#7749=DIRECTION('',(0.868979712060937,0.413813613525541,-0.271353189197076));
#7750=DIRECTION('',(0.00593916472328241,0.836229618548695,-0.548347290851604));
#7751=DIRECTION('',(0.0071347795342606,-0.836223082572194,0.548343004965373));
#7752=DIRECTION('',(0.869570750725243,-0.412944470690946,0.270783259469473));
#7753=DIRECTION('',(0.862435971190983,0.423278611881249,-0.277559745495901));
#7754=DIRECTION('',(-0.00713477953426061,0.836223082572194,-0.548343004965373));
#7755=DIRECTION('',(-0.869570750725244,0.412944470690945,-0.270783259469472));
#7756=DIRECTION('',(-0.862435971190984,-0.423278611881247,0.2775597454959));
#7757=DIRECTION('',(-0.863040547337656,0.422416005023154,-0.276994101654527));
#7758=DIRECTION('',(-0.868979712060937,-0.413813613525541,0.271353189197076));
#7759=DIRECTION('',(-0.00593916472328241,-0.836229618548695,0.548347290851604));
#7760=DIRECTION('',(0.863040547337656,-0.422416005023154,0.276994101654527));
#7761=DIRECTION('',(0.868979712060937,0.413813613525541,-0.271353189197076));
#7762=DIRECTION('',(0.00593916472328241,0.836229618548695,-0.548347290851604));
#7763=DIRECTION('',(0.0071347795342606,-0.836223082572194,0.548343004965373));
#7764=DIRECTION('',(0.869570750725243,-0.412944470690946,0.270783259469473));
#7765=DIRECTION('',(0.862435971190983,0.423278611881249,-0.277559745495901));
#7766=DIRECTION('',(-0.00713477953426061,0.836223082572194,-0.548343004965373));
#7767=DIRECTION('',(-0.869570750725244,0.412944470690945,-0.270783259469472));
#7768=DIRECTION('',(-0.862435971190984,-0.423278611881247,0.2775597454959));
#7769=DIRECTION('',(-0.863040547337656,0.422416005023154,-0.276994101654527));
#7770=DIRECTION('',(-0.868979712060937,-0.413813613525541,0.271353189197076));
#7771=DIRECTION('',(-0.00593916472328241,-0.836229618548695,0.548347290851604));
#7772=DIRECTION('',(0.863040547337656,-0.422416005023154,0.276994101654527));
#7773=DIRECTION('',(0.868979712060937,0.413813613525541,-0.271353189197076));
#7774=DIRECTION('',(0.00593916472328241,0.836229618548695,-0.548347290851604));
#7775=DIRECTION('',(0.0071347795342606,-0.836223082572194,0.548343004965373));
#7776=DIRECTION('',(0.869570750725243,-0.412944470690946,0.270783259469473));
#7777=DIRECTION('',(0.862435971190983,0.423278611881249,-0.277559745495901));
#7778=DIRECTION('',(-0.00713477953426061,0.836223082572194,-0.548343004965373));
#7779=DIRECTION('',(-0.869570750725244,0.412944470690945,-0.270783259469472));
#7780=DIRECTION('',(-0.862435971190984,-0.423278611881247,0.2775597454959));
#7781=DIRECTION('',(-0.863040547337656,0.422416005023154,-0.276994101654527));
#7782=DIRECTION('',(-0.868979712060937,-0.413813613525541,0.271353189197076));
#7783=DIRECTION('',(-0.00593916472328241,-0.836229618548695,0.548347290851604));
#7784=DIRECTION('',(0.863040547337656,-0.422416005023154,0.276994101654527));
#7785=DIRECTION('',(0.868979712060937,0.413813613525541,-0.271353189197076));
#7786=DIRECTION('',(0.00593916472328241,0.836229618548695,-0.548347290851604));
#7787=DIRECTION('',(0.0071347795342606,-0.836223082572194,0.548343004965373));
#7788=DIRECTION('',(0.869570750725243,-0.412944470690946,0.270783259469473));
#7789=DIRECTION('',(0.862435971190983,0.423278611881249,-0.277559745495901));
#7790=DIRECTION('',(-0.00713477953426061,0.836223082572194,-0.548343004965373));
#7791=DIRECTION('',(-0.869570750725244,0.412944470690945,-0.270783259469472));
#7792=DIRECTION('',(-0.862435971190984,-0.423278611881247,0.2775597454959));
#7793=DIRECTION('',(-0.863040547337656,0.422416005023154,-0.276994101654527));
#7794=DIRECTION('',(-0.868979712060937,-0.413813613525541,0.271353189197076));
#7795=DIRECTION('',(-0.00593916472328241,-0.836229618548695,0.548347290851604));
#7796=DIRECTION('',(0.863040547337656,-0.422416005023154,0.276994101654527));
#7797=DIRECTION('',(0.868979712060937,0.413813613525541,-0.271353189197076));
#7798=DIRECTION('',(0.00593916472328241,0.836229618548695,-0.548347290851604));
#7799=DIRECTION('',(0.0071347795342606,-0.836223082572194,0.548343004965373));
#7800=DIRECTION('',(0.869570750725243,-0.412944470690946,0.270783259469473));
#7801=DIRECTION('',(0.862435971190983,0.423278611881249,-0.277559745495901));
#7802=DIRECTION('',(-0.00713477953426061,0.836223082572194,-0.548343004965373));
#7803=DIRECTION('',(-0.869570750725244,0.412944470690945,-0.270783259469472));
#7804=DIRECTION('',(-0.862435971190984,-0.423278611881247,0.2775597454959));
#7805=DIRECTION('',(-0.863040547337656,0.422416005023154,-0.276994101654527));
#7806=DIRECTION('',(-0.868979712060937,-0.413813613525541,0.271353189197076));
#7807=DIRECTION('',(-0.00593916472328241,-0.836229618548695,0.548347290851604));
#7808=DIRECTION('',(0.863040547337656,-0.422416005023154,0.276994101654527));
#7809=DIRECTION('',(0.868979712060937,0.413813613525541,-0.271353189197076));
#7810=DIRECTION('',(0.00593916472328241,0.836229618548695,-0.548347290851604));
#7811=DIRECTION('',(0.0071347795342606,-0.836223082572194,0.548343004965373));
#7812=DIRECTION('',(0.869570750725243,-0.412944470690946,0.270783259469473));
#7813=DIRECTION('',(0.862435971190983,0.423278611881249,-0.277559745495901));
#7814=DIRECTION('',(-0.00713477953426061,0.836223082572194,-0.548343004965373));
#7815=DIRECTION('',(-0.869570750725244,0.412944470690945,-0.270783259469472));
#7816=DIRECTION('',(-0.862435971190984,-0.423278611881247,0.2775597454959));
#7817=DIRECTION('',(-0.863040547337656,0.422416005023154,-0.276994101654527));
#7818=DIRECTION('',(-0.868979712060937,-0.413813613525541,0.271353189197076));
#7819=DIRECTION('',(-0.00593916472328241,-0.836229618548695,0.548347290851604));
#7820=DIRECTION('',(0.863040547337656,-0.422416005023154,0.276994101654527));
#7821=DIRECTION('',(0.868979712060937,0.413813613525541,-0.271353189197076));
#7822=DIRECTION('',(0.00593916472328241,0.836229618548695,-0.548347290851604));
#7823=DIRECTION('',(0.0071347795342606,-0.836223082572194,0.548343004965373));
#7824=DIRECTION('',(0.869570750725243,-0.412944470690946,0.270783259469473));
#7825=DIRECTION('',(0.862435971190983,0.423278611881249,-0.277559745495901));
#7826=DIRECTION('',(-0.00713477953426061,0.836223082572194,-0.548343004965373));
#7827=DIRECTION('',(-0.869570750725244,0.412944470690945,-0.270783259469472));
#7828=DIRECTION('',(-0.862435971190984,-0.423278611881247,0.2775597454959));
#7829=DIRECTION('',(-0.863040547337656,0.422416005023154,-0.276994101654527));
#7830=DIRECTION('',(-0.868979712060937,-0.413813613525541,0.271353189197076));
#7831=DIRECTION('',(-0.00593916472328241,-0.836229618548695,0.548347290851604));
#7832=DIRECTION('',(0.863040547337656,-0.422416005023154,0.276994101654527));
#7833=DIRECTION('',(0.868979712060937,0.413813613525541,-0.271353189197076));
#7834=DIRECTION('',(0.00593916472328241,0.836229618548695,-0.548347290851604));
#7835=DIRECTION('',(0.0071347795342606,-0.836223082572194,0.548343004965373));
#7836=DIRECTION('',(0.869570750725243,-0.412944470690946,0.270783259469473));
#7837=DIRECTION('',(0.862435971190983,0.423278611881249,-0.277559745495901));
#7838=DIRECTION('',(-0.00713477953426061,0.836223082572194,-0.548343004965373));
#7839=DIRECTION('',(-0.869570750725244,0.412944470690945,-0.270783259469472));
#7840=DIRECTION('',(-0.862435971190984,-0.423278611881247,0.2775597454959));
#7841=DIRECTION('',(-0.863040547337656,0.422416005023154,-0.276994101654527));
#7842=DIRECTION('',(-0.868979712060937,-0.413813613525541,0.271353189197076));
#7843=DIRECTION('',(-0.00593916472328241,-0.836229618548695,0.548347290851604));
#7844=DIRECTION('',(0.863040547337656,-0.422416005023154,0.276994101654527));
#7845=DIRECTION('',(0.868979712060937,0.413813613525541,-0.271353189197076));
#7846=DIRECTION('',(0.00593916472328241,0.836229618548695,-0.548347290851604));
#7847=DIRECTION('',(0.0071347795342606,-0.836223082572194,0.548343004965373));
#7848=DIRECTION('',(0.869570750725243,-0.412944470690946,0.270783259469473));
#7849=DIRECTION('',(0.862435971190983,0.423278611881249,-0.277559745495901));
#7850=DIRECTION('',(-0.00713477953426061,0.836223082572194,-0.548343004965373));
#7851=DIRECTION('',(-0.869570750725244,0.412944470690945,-0.270783259469472));
#7852=DIRECTION('',(-0.862435971190984,-0.423278611881247,0.2775597454959));
#7853=DIRECTION('',(-0.863040547337656,0.422416005023154,-0.276994101654527));
#7854=DIRECTION('',(-0.868979712060937,-0.413813613525541,0.271353189197076));
#7855=DIRECTION('',(-0.00593916472328241,-0.836229618548695,0.548347290851604));
#7856=DIRECTION('',(0.863040547337656,-0.422416005023154,0.276994101654527));
#7857=DIRECTION('',(0.868979712060937,0.413813613525541,-0.271353189197076));
#7858=DIRECTION('',(0.00593916472328241,0.836229618548695,-0.548347290851604));
#7859=DIRECTION('',(0.0071347795342606,-0.836223082572194,0.548343004965373));
#7860=DIRECTION('',(0.869570750725243,-0.412944470690946,0.270783259469473));
#7861=DIRECTION('',(0.862435971190983,0.423278611881249,-0.277559745495901));
#7862=DIRECTION('',(-0.00713477953426061,0.836223082572194,-0.548343004965373));
#7863=DIRECTION('',(-0.869570750725244,0.412944470690945,-0.270783259469472));
#7864=DIRECTION('',(-0.862435971190984,-0.423278611881247,0.2775597454959));
#7865=DIRECTION('',(-0.863040547337656,0.422416005023154,-0.276994101654527));
#7866=DIRECTION('',(-0.868979712060937,-0.413813613525541,0.271353189197076));
#7867=DIRECTION('',(-0.00593916472328241,-0.836229618548695,0.548347290851604));
#7868=DIRECTION('',(0.863040547337656,-0.422416005023154,0.276994101654527));
#7869=DIRECTION('',(0.868979712060937,0.413813613525541,-0.271353189197076));
#7870=DIRECTION('',(0.00593916472328241,0.836229618548695,-0.548347290851604));
#7871=DIRECTION('',(0.0071347795342606,-0.836223082572194,0.548343004965373));
#7872=DIRECTION('',(0.869570750725243,-0.412944470690946,0.270783259469473));
#7873=DIRECTION('',(0.862435971190983,0.423278611881249,-0.277559745495901));
#7874=DIRECTION('',(-0.00713477953426061,0.836223082572194,-0.548343004965373));
#7875=DIRECTION('',(-0.869570750725244,0.412944470690945,-0.270783259469472));
#7876=DIRECTION('',(-0.862435971190984,-0.423278611881247,0.2775597454959));
#7877=DIRECTION('',(-0.863040547337656,0.422416005023154,-0.276994101654527));
#7878=DIRECTION('',(-0.868979712060937,-0.413813613525541,0.271353189197076));
#7879=DIRECTION('',(-0.00593916472328241,-0.836229618548695,0.548347290851604));
#7880=DIRECTION('',(0.863040547337656,-0.422416005023154,0.276994101654527));
#7881=DIRECTION('',(0.868979712060937,0.413813613525541,-0.271353189197076));
#7882=DIRECTION('',(0.00593916472328241,0.836229618548695,-0.548347290851604));
#7883=DIRECTION('',(0.0071347795342606,-0.836223082572194,0.548343004965373));
#7884=DIRECTION('',(0.869570750725243,-0.412944470690946,0.270783259469473));
#7885=DIRECTION('',(0.862435971190983,0.423278611881249,-0.277559745495901));
#7886=DIRECTION('',(-0.00713477953426061,0.836223082572194,-0.548343004965373));
#7887=DIRECTION('',(-0.869570750725244,0.412944470690945,-0.270783259469472));
#7888=DIRECTION('',(-0.862435971190984,-0.423278611881247,0.2775597454959));
#7889=DIRECTION('',(-0.863040547337656,0.422416005023154,-0.276994101654527));
#7890=DIRECTION('',(-0.868979712060937,-0.413813613525541,0.271353189197076));
#7891=DIRECTION('',(-0.00593916472328241,-0.836229618548695,0.548347290851604));
#7892=DIRECTION('',(0.863040547337656,-0.422416005023154,0.276994101654527));
#7893=DIRECTION('',(0.868979712060937,0.413813613525541,-0.271353189197076));
#7894=DIRECTION('',(0.00593916472328241,0.836229618548695,-0.548347290851604));
#7895=DIRECTION('',(-0.863040547337656,0.422416005023154,-0.276994101654527));
#7896=DIRECTION('',(-0.868979712060937,-0.413813613525541,0.271353189197076));
#7897=DIRECTION('',(-0.00593916472328241,-0.836229618548695,0.548347290851604));
#7898=DIRECTION('',(0.863040547337656,-0.422416005023154,0.276994101654527));
#7899=DIRECTION('',(0.868979712060937,0.413813613525541,-0.271353189197076));
#7900=DIRECTION('',(0.00593916472328241,0.836229618548695,-0.548347290851604));
#7901=DIRECTION('',(0.0071347795342606,-0.836223082572194,0.548343004965373));
#7902=DIRECTION('',(0.869570750725243,-0.412944470690946,0.270783259469473));
#7903=DIRECTION('',(0.862435971190983,0.423278611881249,-0.277559745495901));
#7904=DIRECTION('',(-0.00713477953426061,0.836223082572194,-0.548343004965373));
#7905=DIRECTION('',(-0.869570750725244,0.412944470690945,-0.270783259469472));
#7906=DIRECTION('',(-0.862435971190984,-0.423278611881247,0.2775597454959));
#7907=DIRECTION('center_axis',(0.,0.548356962220241,0.836244367385867));
#7908=DIRECTION('ref_axis',(-1.,-2.80009136705094E-16,1.83612548659078E-16));
#7909=DIRECTION('center_axis',(0.,0.548356962220241,0.836244367385867));
#7910=DIRECTION('ref_axis',(1.,2.80009136705094E-16,-1.83612548659078E-16));
#7911=DIRECTION('',(0.,-0.836244367385867,0.548356962220241));
#7912=DIRECTION('',(1.,0.,0.));
#7913=DIRECTION('',(0.,0.836244367385867,-0.548356962220241));
#7914=DIRECTION('',(-1.,0.,0.));
#7915=DIRECTION('',(-0.863040547337656,0.422416005023154,-0.276994101654527));
#7916=DIRECTION('',(-0.868979712060937,-0.413813613525541,0.271353189197076));
#7917=DIRECTION('',(-0.00593916472328241,-0.836229618548695,0.548347290851604));
#7918=DIRECTION('',(0.863040547337656,-0.422416005023154,0.276994101654527));
#7919=DIRECTION('',(0.868979712060937,0.413813613525541,-0.271353189197076));
#7920=DIRECTION('',(0.00593916472328241,0.836229618548695,-0.548347290851604));
#7921=DIRECTION('',(0.0071347795342606,-0.836223082572194,0.548343004965373));
#7922=DIRECTION('',(0.869570750725243,-0.412944470690946,0.270783259469473));
#7923=DIRECTION('',(0.862435971190983,0.423278611881249,-0.277559745495901));
#7924=DIRECTION('',(-0.00713477953426061,0.836223082572194,-0.548343004965373));
#7925=DIRECTION('',(-0.869570750725244,0.412944470690945,-0.270783259469472));
#7926=DIRECTION('',(-0.862435971190984,-0.423278611881247,0.2775597454959));
#7927=DIRECTION('',(-0.863040547337656,0.422416005023154,-0.276994101654527));
#7928=DIRECTION('',(-0.868979712060937,-0.413813613525541,0.271353189197076));
#7929=DIRECTION('',(-0.00593916472328241,-0.836229618548695,0.548347290851604));
#7930=DIRECTION('',(0.863040547337656,-0.422416005023154,0.276994101654527));
#7931=DIRECTION('',(0.868979712060937,0.413813613525541,-0.271353189197076));
#7932=DIRECTION('',(0.00593916472328241,0.836229618548695,-0.548347290851604));
#7933=DIRECTION('',(0.0071347795342606,-0.836223082572194,0.548343004965373));
#7934=DIRECTION('',(0.869570750725243,-0.412944470690946,0.270783259469473));
#7935=DIRECTION('',(0.862435971190983,0.423278611881249,-0.277559745495901));
#7936=DIRECTION('',(-0.00713477953426061,0.836223082572194,-0.548343004965373));
#7937=DIRECTION('',(-0.869570750725244,0.412944470690945,-0.270783259469472));
#7938=DIRECTION('',(-0.862435971190984,-0.423278611881247,0.2775597454959));
#7939=DIRECTION('',(-0.863040547337656,0.422416005023154,-0.276994101654527));
#7940=DIRECTION('',(-0.868979712060937,-0.413813613525541,0.271353189197076));
#7941=DIRECTION('',(-0.00593916472328241,-0.836229618548695,0.548347290851604));
#7942=DIRECTION('',(0.863040547337656,-0.422416005023154,0.276994101654527));
#7943=DIRECTION('',(0.868979712060937,0.413813613525541,-0.271353189197076));
#7944=DIRECTION('',(0.00593916472328241,0.836229618548695,-0.548347290851604));
#7945=DIRECTION('',(0.0071347795342606,-0.836223082572194,0.548343004965373));
#7946=DIRECTION('',(0.869570750725243,-0.412944470690946,0.270783259469473));
#7947=DIRECTION('',(0.862435971190983,0.423278611881249,-0.277559745495901));
#7948=DIRECTION('',(-0.00713477953426061,0.836223082572194,-0.548343004965373));
#7949=DIRECTION('',(-0.869570750725244,0.412944470690945,-0.270783259469472));
#7950=DIRECTION('',(-0.862435971190984,-0.423278611881247,0.2775597454959));
#7951=DIRECTION('',(-0.863040547337656,0.422416005023154,-0.276994101654527));
#7952=DIRECTION('',(-0.868979712060937,-0.413813613525541,0.271353189197076));
#7953=DIRECTION('',(-0.00593916472328241,-0.836229618548695,0.548347290851604));
#7954=DIRECTION('',(0.863040547337656,-0.422416005023154,0.276994101654527));
#7955=DIRECTION('',(0.868979712060937,0.413813613525541,-0.271353189197076));
#7956=DIRECTION('',(0.00593916472328241,0.836229618548695,-0.548347290851604));
#7957=DIRECTION('',(0.0071347795342606,-0.836223082572194,0.548343004965373));
#7958=DIRECTION('',(0.869570750725243,-0.412944470690946,0.270783259469473));
#7959=DIRECTION('',(0.862435971190983,0.423278611881249,-0.277559745495901));
#7960=DIRECTION('',(-0.00713477953426061,0.836223082572194,-0.548343004965373));
#7961=DIRECTION('',(-0.869570750725244,0.412944470690945,-0.270783259469472));
#7962=DIRECTION('',(-0.862435971190984,-0.423278611881247,0.2775597454959));
#7963=DIRECTION('center_axis',(0.,-1.,0.));
#7964=DIRECTION('ref_axis',(0.,0.,-1.));
#7965=DIRECTION('',(0.,0.,1.));
#7966=DIRECTION('',(0.,0.,1.));
#7967=DIRECTION('',(1.,0.,0.));
#7968=DIRECTION('center_axis',(0.,-1.,0.));
#7969=DIRECTION('ref_axis',(0.,0.,-1.));
#7970=DIRECTION('',(0.,0.,1.));
#7971=DIRECTION('',(0.,0.,1.));
#7972=DIRECTION('',(1.,0.,0.));
#7973=DIRECTION('center_axis',(0.,0.,-1.));
#7974=DIRECTION('ref_axis',(-1.,0.,0.));
#7975=DIRECTION('',(1.,0.,0.));
#7976=DIRECTION('',(0.,-1.,0.));
#7977=DIRECTION('',(0.,-1.,0.));
#7978=DIRECTION('center_axis',(0.,0.,-1.));
#7979=DIRECTION('ref_axis',(-1.,0.,0.));
#7980=DIRECTION('',(1.,0.,0.));
#7981=DIRECTION('',(0.,-1.,0.));
#7982=DIRECTION('',(0.,-1.,0.));
#7983=DIRECTION('center_axis',(0.999974547136575,0.0059664191980654,-0.0039124060315183));
#7984=DIRECTION('ref_axis',(0.00713477953426061,-0.836223082572194,0.548343004965373));
#7985=DIRECTION('',(0.,-0.548356962220241,-0.836244367385867));
#7986=DIRECTION('',(0.00713477953426061,-0.836223082572194,0.548343004965373));
#7987=DIRECTION('',(0.,-0.548356962220241,-0.836244367385867));
#7988=DIRECTION('center_axis',(0.493808373241216,0.727173642337485,-0.476835175303269));
#7989=DIRECTION('ref_axis',(0.869570750725244,-0.412944470690945,0.270783259469472));
#7990=DIRECTION('',(0.869570750725244,-0.412944470690945,0.270783259469472));
#7991=DIRECTION('',(0.,-0.548356962220241,-0.836244367385867));
#7992=DIRECTION('center_axis',(-0.506166173895356,0.721207223139421,-0.472922769271751));
#7993=DIRECTION('ref_axis',(0.862435971190984,0.423278611881247,-0.2775597454959));
#7994=DIRECTION('',(0.862435971190984,0.423278611881247,-0.2775597454959));
#7995=DIRECTION('',(0.,-0.548356962220241,-0.836244367385867));
#7996=DIRECTION('center_axis',(-0.999974547136575,-0.00596641919806539,
0.00391240603151829));
#7997=DIRECTION('ref_axis',(-0.0071347795342606,0.836223082572194,-0.548343004965373));
#7998=DIRECTION('',(-0.0071347795342606,0.836223082572194,-0.548343004965373));
#7999=DIRECTION('',(0.,-0.548356962220241,-0.836244367385867));
#8000=DIRECTION('center_axis',(-0.493808373241217,-0.727173642337484,0.476835175303269));
#8001=DIRECTION('ref_axis',(-0.869570750725243,0.412944470690946,-0.270783259469473));
#8002=DIRECTION('',(-0.869570750725243,0.412944470690946,-0.270783259469473));
#8003=DIRECTION('',(0.,-0.548356962220241,-0.836244367385867));
#8004=DIRECTION('center_axis',(0.506166173895358,-0.72120722313942,0.472922769271751));
#8005=DIRECTION('ref_axis',(-0.862435971190983,-0.423278611881249,0.277559745495901));
#8006=DIRECTION('',(-0.862435971190983,-0.423278611881249,0.277559745495901));
#8007=DIRECTION('center_axis',(-0.505134649030454,-0.72171279653673,0.473254292810971));
#8008=DIRECTION('ref_axis',(-0.863040547337655,0.422416005023154,-0.276994101654527));
#8009=DIRECTION('',(0.,-0.548356962220241,-0.836244367385867));
#8010=DIRECTION('',(-0.863040547337656,0.422416005023154,-0.276994101654527));
#8011=DIRECTION('',(0.,-0.548356962220241,-0.836244367385867));
#8012=DIRECTION('center_axis',(0.494847713975209,-0.726679389583552,0.476511075136755));
#8013=DIRECTION('ref_axis',(-0.868979712060937,-0.413813613525541,0.271353189197076));
#8014=DIRECTION('',(-0.868979712060937,-0.413813613525541,0.271353189197076));
#8015=DIRECTION('',(0.,-0.548356962220241,-0.836244367385867));
#8016=DIRECTION('center_axis',(0.999982363005663,-0.00496659304682176,0.00325678232578476));
#8017=DIRECTION('ref_axis',(-0.00593916472328241,-0.836229618548695,0.548347290851604));
#8018=DIRECTION('',(-0.00593916472328241,-0.836229618548695,0.548347290851604));
#8019=DIRECTION('',(0.,-0.548356962220241,-0.836244367385867));
#8020=DIRECTION('center_axis',(0.505134649030454,0.72171279653673,-0.473254292810971));
#8021=DIRECTION('ref_axis',(0.863040547337655,-0.422416005023154,0.276994101654527));
#8022=DIRECTION('',(0.863040547337656,-0.422416005023154,0.276994101654527));
#8023=DIRECTION('',(0.,-0.548356962220241,-0.836244367385867));
#8024=DIRECTION('center_axis',(-0.494847713975209,0.726679389583552,-0.476511075136755));
#8025=DIRECTION('ref_axis',(0.868979712060937,0.413813613525541,-0.271353189197076));
#8026=DIRECTION('',(0.868979712060937,0.413813613525541,-0.271353189197076));
#8027=DIRECTION('',(0.,-0.548356962220241,-0.836244367385867));
#8028=DIRECTION('center_axis',(-0.999982363005663,0.00496659304682176,-0.00325678232578476));
#8029=DIRECTION('ref_axis',(0.00593916472328241,0.836229618548695,-0.548347290851604));
#8030=DIRECTION('',(0.00593916472328241,0.836229618548695,-0.548347290851604));
#8031=DIRECTION('center_axis',(0.999974547136575,0.0059664191980654,-0.0039124060315183));
#8032=DIRECTION('ref_axis',(0.00713477953426061,-0.836223082572194,0.548343004965373));
#8033=DIRECTION('',(0.,-0.548356962220241,-0.836244367385867));
#8034=DIRECTION('',(0.00713477953426061,-0.836223082572194,0.548343004965373));
#8035=DIRECTION('',(0.,-0.548356962220241,-0.836244367385867));
#8036=DIRECTION('center_axis',(0.493808373241216,0.727173642337485,-0.476835175303269));
#8037=DIRECTION('ref_axis',(0.869570750725244,-0.412944470690945,0.270783259469472));
#8038=DIRECTION('',(0.869570750725244,-0.412944470690945,0.270783259469472));
#8039=DIRECTION('',(0.,-0.548356962220241,-0.836244367385867));
#8040=DIRECTION('center_axis',(-0.506166173895356,0.721207223139421,-0.472922769271751));
#8041=DIRECTION('ref_axis',(0.862435971190984,0.423278611881247,-0.2775597454959));
#8042=DIRECTION('',(0.862435971190984,0.423278611881247,-0.2775597454959));
#8043=DIRECTION('',(0.,-0.548356962220241,-0.836244367385867));
#8044=DIRECTION('center_axis',(-0.999974547136575,-0.00596641919806539,
0.00391240603151829));
#8045=DIRECTION('ref_axis',(-0.0071347795342606,0.836223082572194,-0.548343004965373));
#8046=DIRECTION('',(-0.0071347795342606,0.836223082572194,-0.548343004965373));
#8047=DIRECTION('',(0.,-0.548356962220241,-0.836244367385867));
#8048=DIRECTION('center_axis',(-0.493808373241217,-0.727173642337484,0.476835175303269));
#8049=DIRECTION('ref_axis',(-0.869570750725243,0.412944470690946,-0.270783259469473));
#8050=DIRECTION('',(-0.869570750725243,0.412944470690946,-0.270783259469473));
#8051=DIRECTION('',(0.,-0.548356962220241,-0.836244367385867));
#8052=DIRECTION('center_axis',(0.506166173895358,-0.72120722313942,0.472922769271751));
#8053=DIRECTION('ref_axis',(-0.862435971190983,-0.423278611881249,0.277559745495901));
#8054=DIRECTION('',(-0.862435971190983,-0.423278611881249,0.277559745495901));
#8055=DIRECTION('center_axis',(-0.505134649030454,-0.72171279653673,0.473254292810971));
#8056=DIRECTION('ref_axis',(-0.863040547337655,0.422416005023154,-0.276994101654527));
#8057=DIRECTION('',(0.,-0.548356962220241,-0.836244367385867));
#8058=DIRECTION('',(-0.863040547337656,0.422416005023154,-0.276994101654527));
#8059=DIRECTION('',(0.,-0.548356962220241,-0.836244367385867));
#8060=DIRECTION('center_axis',(0.494847713975209,-0.726679389583552,0.476511075136755));
#8061=DIRECTION('ref_axis',(-0.868979712060937,-0.413813613525541,0.271353189197076));
#8062=DIRECTION('',(-0.868979712060937,-0.413813613525541,0.271353189197076));
#8063=DIRECTION('',(0.,-0.548356962220241,-0.836244367385867));
#8064=DIRECTION('center_axis',(0.999982363005663,-0.00496659304682176,0.00325678232578476));
#8065=DIRECTION('ref_axis',(-0.00593916472328241,-0.836229618548695,0.548347290851604));
#8066=DIRECTION('',(-0.00593916472328241,-0.836229618548695,0.548347290851604));
#8067=DIRECTION('',(0.,-0.548356962220241,-0.836244367385867));
#8068=DIRECTION('center_axis',(0.505134649030454,0.72171279653673,-0.473254292810971));
#8069=DIRECTION('ref_axis',(0.863040547337655,-0.422416005023154,0.276994101654527));
#8070=DIRECTION('',(0.863040547337656,-0.422416005023154,0.276994101654527));
#8071=DIRECTION('',(0.,-0.548356962220241,-0.836244367385867));
#8072=DIRECTION('center_axis',(-0.494847713975209,0.726679389583552,-0.476511075136755));
#8073=DIRECTION('ref_axis',(0.868979712060937,0.413813613525541,-0.271353189197076));
#8074=DIRECTION('',(0.868979712060937,0.413813613525541,-0.271353189197076));
#8075=DIRECTION('',(0.,-0.548356962220241,-0.836244367385867));
#8076=DIRECTION('center_axis',(-0.999982363005663,0.00496659304682176,-0.00325678232578476));
#8077=DIRECTION('ref_axis',(0.00593916472328241,0.836229618548695,-0.548347290851604));
#8078=DIRECTION('',(0.00593916472328241,0.836229618548695,-0.548347290851604));
#8079=DIRECTION('center_axis',(0.999974547136575,0.0059664191980654,-0.0039124060315183));
#8080=DIRECTION('ref_axis',(0.00713477953426061,-0.836223082572194,0.548343004965373));
#8081=DIRECTION('',(0.,-0.548356962220241,-0.836244367385867));
#8082=DIRECTION('',(0.00713477953426061,-0.836223082572194,0.548343004965373));
#8083=DIRECTION('',(0.,-0.548356962220241,-0.836244367385867));
#8084=DIRECTION('center_axis',(0.493808373241216,0.727173642337485,-0.476835175303269));
#8085=DIRECTION('ref_axis',(0.869570750725244,-0.412944470690945,0.270783259469472));
#8086=DIRECTION('',(0.869570750725244,-0.412944470690945,0.270783259469472));
#8087=DIRECTION('',(0.,-0.548356962220241,-0.836244367385867));
#8088=DIRECTION('center_axis',(-0.506166173895356,0.721207223139421,-0.472922769271751));
#8089=DIRECTION('ref_axis',(0.862435971190984,0.423278611881247,-0.2775597454959));
#8090=DIRECTION('',(0.862435971190984,0.423278611881247,-0.2775597454959));
#8091=DIRECTION('',(0.,-0.548356962220241,-0.836244367385867));
#8092=DIRECTION('center_axis',(-0.999974547136575,-0.00596641919806539,
0.00391240603151829));
#8093=DIRECTION('ref_axis',(-0.0071347795342606,0.836223082572194,-0.548343004965373));
#8094=DIRECTION('',(-0.0071347795342606,0.836223082572194,-0.548343004965373));
#8095=DIRECTION('',(0.,-0.548356962220241,-0.836244367385867));
#8096=DIRECTION('center_axis',(-0.493808373241217,-0.727173642337484,0.476835175303269));
#8097=DIRECTION('ref_axis',(-0.869570750725243,0.412944470690946,-0.270783259469473));
#8098=DIRECTION('',(-0.869570750725243,0.412944470690946,-0.270783259469473));
#8099=DIRECTION('',(0.,-0.548356962220241,-0.836244367385867));
#8100=DIRECTION('center_axis',(0.506166173895358,-0.72120722313942,0.472922769271751));
#8101=DIRECTION('ref_axis',(-0.862435971190983,-0.423278611881249,0.277559745495901));
#8102=DIRECTION('',(-0.862435971190983,-0.423278611881249,0.277559745495901));
#8103=DIRECTION('center_axis',(-0.505134649030454,-0.72171279653673,0.473254292810971));
#8104=DIRECTION('ref_axis',(-0.863040547337655,0.422416005023154,-0.276994101654527));
#8105=DIRECTION('',(0.,-0.548356962220241,-0.836244367385867));
#8106=DIRECTION('',(-0.863040547337656,0.422416005023154,-0.276994101654527));
#8107=DIRECTION('',(0.,-0.548356962220241,-0.836244367385867));
#8108=DIRECTION('center_axis',(0.494847713975209,-0.726679389583552,0.476511075136755));
#8109=DIRECTION('ref_axis',(-0.868979712060937,-0.413813613525541,0.271353189197076));
#8110=DIRECTION('',(-0.868979712060937,-0.413813613525541,0.271353189197076));
#8111=DIRECTION('',(0.,-0.548356962220241,-0.836244367385867));
#8112=DIRECTION('center_axis',(0.999982363005663,-0.00496659304682176,0.00325678232578476));
#8113=DIRECTION('ref_axis',(-0.00593916472328241,-0.836229618548695,0.548347290851604));
#8114=DIRECTION('',(-0.00593916472328241,-0.836229618548695,0.548347290851604));
#8115=DIRECTION('',(0.,-0.548356962220241,-0.836244367385867));
#8116=DIRECTION('center_axis',(0.505134649030454,0.72171279653673,-0.473254292810971));
#8117=DIRECTION('ref_axis',(0.863040547337655,-0.422416005023154,0.276994101654527));
#8118=DIRECTION('',(0.863040547337656,-0.422416005023154,0.276994101654527));
#8119=DIRECTION('',(0.,-0.548356962220241,-0.836244367385867));
#8120=DIRECTION('center_axis',(-0.494847713975209,0.726679389583552,-0.476511075136755));
#8121=DIRECTION('ref_axis',(0.868979712060937,0.413813613525541,-0.271353189197076));
#8122=DIRECTION('',(0.868979712060937,0.413813613525541,-0.271353189197076));
#8123=DIRECTION('',(0.,-0.548356962220241,-0.836244367385867));
#8124=DIRECTION('center_axis',(-0.999982363005663,0.00496659304682176,-0.00325678232578476));
#8125=DIRECTION('ref_axis',(0.00593916472328241,0.836229618548695,-0.548347290851604));
#8126=DIRECTION('',(0.00593916472328241,0.836229618548695,-0.548347290851604));
#8127=DIRECTION('center_axis',(0.999974547136575,0.0059664191980654,-0.0039124060315183));
#8128=DIRECTION('ref_axis',(0.00713477953426061,-0.836223082572194,0.548343004965373));
#8129=DIRECTION('',(0.,-0.548356962220241,-0.836244367385867));
#8130=DIRECTION('',(0.00713477953426061,-0.836223082572194,0.548343004965373));
#8131=DIRECTION('',(0.,-0.548356962220241,-0.836244367385867));
#8132=DIRECTION('center_axis',(0.493808373241216,0.727173642337485,-0.476835175303269));
#8133=DIRECTION('ref_axis',(0.869570750725244,-0.412944470690945,0.270783259469472));
#8134=DIRECTION('',(0.869570750725244,-0.412944470690945,0.270783259469472));
#8135=DIRECTION('',(0.,-0.548356962220241,-0.836244367385867));
#8136=DIRECTION('center_axis',(-0.506166173895356,0.721207223139421,-0.472922769271751));
#8137=DIRECTION('ref_axis',(0.862435971190984,0.423278611881247,-0.2775597454959));
#8138=DIRECTION('',(0.862435971190984,0.423278611881247,-0.2775597454959));
#8139=DIRECTION('',(0.,-0.548356962220241,-0.836244367385867));
#8140=DIRECTION('center_axis',(-0.999974547136575,-0.00596641919806539,
0.00391240603151829));
#8141=DIRECTION('ref_axis',(-0.0071347795342606,0.836223082572194,-0.548343004965373));
#8142=DIRECTION('',(-0.0071347795342606,0.836223082572194,-0.548343004965373));
#8143=DIRECTION('',(0.,-0.548356962220241,-0.836244367385867));
#8144=DIRECTION('center_axis',(-0.493808373241217,-0.727173642337484,0.476835175303269));
#8145=DIRECTION('ref_axis',(-0.869570750725243,0.412944470690946,-0.270783259469473));
#8146=DIRECTION('',(-0.869570750725243,0.412944470690946,-0.270783259469473));
#8147=DIRECTION('',(0.,-0.548356962220241,-0.836244367385867));
#8148=DIRECTION('center_axis',(0.506166173895358,-0.72120722313942,0.472922769271751));
#8149=DIRECTION('ref_axis',(-0.862435971190983,-0.423278611881249,0.277559745495901));
#8150=DIRECTION('',(-0.862435971190983,-0.423278611881249,0.277559745495901));
#8151=DIRECTION('center_axis',(-0.505134649030454,-0.72171279653673,0.473254292810971));
#8152=DIRECTION('ref_axis',(-0.863040547337655,0.422416005023154,-0.276994101654527));
#8153=DIRECTION('',(0.,-0.548356962220241,-0.836244367385867));
#8154=DIRECTION('',(-0.863040547337656,0.422416005023154,-0.276994101654527));
#8155=DIRECTION('',(0.,-0.548356962220241,-0.836244367385867));
#8156=DIRECTION('center_axis',(0.494847713975209,-0.726679389583552,0.476511075136755));
#8157=DIRECTION('ref_axis',(-0.868979712060937,-0.413813613525541,0.271353189197076));
#8158=DIRECTION('',(-0.868979712060937,-0.413813613525541,0.271353189197076));
#8159=DIRECTION('',(0.,-0.548356962220241,-0.836244367385867));
#8160=DIRECTION('center_axis',(0.999982363005663,-0.00496659304682176,0.00325678232578476));
#8161=DIRECTION('ref_axis',(-0.00593916472328241,-0.836229618548695,0.548347290851604));
#8162=DIRECTION('',(-0.00593916472328241,-0.836229618548695,0.548347290851604));
#8163=DIRECTION('',(0.,-0.548356962220241,-0.836244367385867));
#8164=DIRECTION('center_axis',(0.505134649030454,0.72171279653673,-0.473254292810971));
#8165=DIRECTION('ref_axis',(0.863040547337655,-0.422416005023154,0.276994101654527));
#8166=DIRECTION('',(0.863040547337656,-0.422416005023154,0.276994101654527));
#8167=DIRECTION('',(0.,-0.548356962220241,-0.836244367385867));
#8168=DIRECTION('center_axis',(-0.494847713975209,0.726679389583552,-0.476511075136755));
#8169=DIRECTION('ref_axis',(0.868979712060937,0.413813613525541,-0.271353189197076));
#8170=DIRECTION('',(0.868979712060937,0.413813613525541,-0.271353189197076));
#8171=DIRECTION('',(0.,-0.548356962220241,-0.836244367385867));
#8172=DIRECTION('center_axis',(-0.999982363005663,0.00496659304682176,-0.00325678232578476));
#8173=DIRECTION('ref_axis',(0.00593916472328241,0.836229618548695,-0.548347290851604));
#8174=DIRECTION('',(0.00593916472328241,0.836229618548695,-0.548347290851604));
#8175=DIRECTION('center_axis',(0.999974547136575,0.0059664191980654,-0.0039124060315183));
#8176=DIRECTION('ref_axis',(0.00713477953426061,-0.836223082572194,0.548343004965373));
#8177=DIRECTION('',(0.,-0.548356962220241,-0.836244367385867));
#8178=DIRECTION('',(0.00713477953426061,-0.836223082572194,0.548343004965373));
#8179=DIRECTION('',(0.,-0.548356962220241,-0.836244367385867));
#8180=DIRECTION('center_axis',(0.493808373241216,0.727173642337485,-0.476835175303269));
#8181=DIRECTION('ref_axis',(0.869570750725244,-0.412944470690945,0.270783259469472));
#8182=DIRECTION('',(0.869570750725244,-0.412944470690945,0.270783259469472));
#8183=DIRECTION('',(0.,-0.548356962220241,-0.836244367385867));
#8184=DIRECTION('center_axis',(-0.506166173895356,0.721207223139421,-0.472922769271751));
#8185=DIRECTION('ref_axis',(0.862435971190984,0.423278611881247,-0.2775597454959));
#8186=DIRECTION('',(0.862435971190984,0.423278611881247,-0.2775597454959));
#8187=DIRECTION('',(0.,-0.548356962220241,-0.836244367385867));
#8188=DIRECTION('center_axis',(-0.999974547136575,-0.00596641919806539,
0.00391240603151829));
#8189=DIRECTION('ref_axis',(-0.0071347795342606,0.836223082572194,-0.548343004965373));
#8190=DIRECTION('',(-0.0071347795342606,0.836223082572194,-0.548343004965373));
#8191=DIRECTION('',(0.,-0.548356962220241,-0.836244367385867));
#8192=DIRECTION('center_axis',(-0.493808373241217,-0.727173642337484,0.476835175303269));
#8193=DIRECTION('ref_axis',(-0.869570750725243,0.412944470690946,-0.270783259469473));
#8194=DIRECTION('',(-0.869570750725243,0.412944470690946,-0.270783259469473));
#8195=DIRECTION('',(0.,-0.548356962220241,-0.836244367385867));
#8196=DIRECTION('center_axis',(0.506166173895358,-0.72120722313942,0.472922769271751));
#8197=DIRECTION('ref_axis',(-0.862435971190983,-0.423278611881249,0.277559745495901));
#8198=DIRECTION('',(-0.862435971190983,-0.423278611881249,0.277559745495901));
#8199=DIRECTION('center_axis',(-0.505134649030454,-0.72171279653673,0.473254292810971));
#8200=DIRECTION('ref_axis',(-0.863040547337655,0.422416005023154,-0.276994101654527));
#8201=DIRECTION('',(0.,-0.548356962220241,-0.836244367385867));
#8202=DIRECTION('',(-0.863040547337656,0.422416005023154,-0.276994101654527));
#8203=DIRECTION('',(0.,-0.548356962220241,-0.836244367385867));
#8204=DIRECTION('center_axis',(0.494847713975209,-0.726679389583552,0.476511075136755));
#8205=DIRECTION('ref_axis',(-0.868979712060937,-0.413813613525541,0.271353189197076));
#8206=DIRECTION('',(-0.868979712060937,-0.413813613525541,0.271353189197076));
#8207=DIRECTION('',(0.,-0.548356962220241,-0.836244367385867));
#8208=DIRECTION('center_axis',(0.999982363005663,-0.00496659304682176,0.00325678232578476));
#8209=DIRECTION('ref_axis',(-0.00593916472328241,-0.836229618548695,0.548347290851604));
#8210=DIRECTION('',(-0.00593916472328241,-0.836229618548695,0.548347290851604));
#8211=DIRECTION('',(0.,-0.548356962220241,-0.836244367385867));
#8212=DIRECTION('center_axis',(0.505134649030454,0.72171279653673,-0.473254292810971));
#8213=DIRECTION('ref_axis',(0.863040547337655,-0.422416005023154,0.276994101654527));
#8214=DIRECTION('',(0.863040547337656,-0.422416005023154,0.276994101654527));
#8215=DIRECTION('',(0.,-0.548356962220241,-0.836244367385867));
#8216=DIRECTION('center_axis',(-0.494847713975209,0.726679389583552,-0.476511075136755));
#8217=DIRECTION('ref_axis',(0.868979712060937,0.413813613525541,-0.271353189197076));
#8218=DIRECTION('',(0.868979712060937,0.413813613525541,-0.271353189197076));
#8219=DIRECTION('',(0.,-0.548356962220241,-0.836244367385867));
#8220=DIRECTION('center_axis',(-0.999982363005663,0.00496659304682176,-0.00325678232578476));
#8221=DIRECTION('ref_axis',(0.00593916472328241,0.836229618548695,-0.548347290851604));
#8222=DIRECTION('',(0.00593916472328241,0.836229618548695,-0.548347290851604));
#8223=DIRECTION('center_axis',(0.999974547136575,0.0059664191980654,-0.0039124060315183));
#8224=DIRECTION('ref_axis',(0.00713477953426061,-0.836223082572194,0.548343004965373));
#8225=DIRECTION('',(0.,-0.548356962220241,-0.836244367385867));
#8226=DIRECTION('',(0.00713477953426061,-0.836223082572194,0.548343004965373));
#8227=DIRECTION('',(0.,-0.548356962220241,-0.836244367385867));
#8228=DIRECTION('center_axis',(0.493808373241216,0.727173642337485,-0.476835175303269));
#8229=DIRECTION('ref_axis',(0.869570750725244,-0.412944470690945,0.270783259469472));
#8230=DIRECTION('',(0.869570750725244,-0.412944470690945,0.270783259469472));
#8231=DIRECTION('',(0.,-0.548356962220241,-0.836244367385867));
#8232=DIRECTION('center_axis',(-0.506166173895356,0.721207223139421,-0.472922769271751));
#8233=DIRECTION('ref_axis',(0.862435971190984,0.423278611881247,-0.2775597454959));
#8234=DIRECTION('',(0.862435971190984,0.423278611881247,-0.2775597454959));
#8235=DIRECTION('',(0.,-0.548356962220241,-0.836244367385867));
#8236=DIRECTION('center_axis',(-0.999974547136575,-0.00596641919806539,
0.00391240603151829));
#8237=DIRECTION('ref_axis',(-0.0071347795342606,0.836223082572194,-0.548343004965373));
#8238=DIRECTION('',(-0.0071347795342606,0.836223082572194,-0.548343004965373));
#8239=DIRECTION('',(0.,-0.548356962220241,-0.836244367385867));
#8240=DIRECTION('center_axis',(-0.493808373241217,-0.727173642337484,0.476835175303269));
#8241=DIRECTION('ref_axis',(-0.869570750725243,0.412944470690946,-0.270783259469473));
#8242=DIRECTION('',(-0.869570750725243,0.412944470690946,-0.270783259469473));
#8243=DIRECTION('',(0.,-0.548356962220241,-0.836244367385867));
#8244=DIRECTION('center_axis',(0.506166173895358,-0.72120722313942,0.472922769271751));
#8245=DIRECTION('ref_axis',(-0.862435971190983,-0.423278611881249,0.277559745495901));
#8246=DIRECTION('',(-0.862435971190983,-0.423278611881249,0.277559745495901));
#8247=DIRECTION('center_axis',(-0.505134649030454,-0.72171279653673,0.473254292810971));
#8248=DIRECTION('ref_axis',(-0.863040547337655,0.422416005023154,-0.276994101654527));
#8249=DIRECTION('',(0.,-0.548356962220241,-0.836244367385867));
#8250=DIRECTION('',(-0.863040547337656,0.422416005023154,-0.276994101654527));
#8251=DIRECTION('',(0.,-0.548356962220241,-0.836244367385867));
#8252=DIRECTION('center_axis',(0.494847713975209,-0.726679389583552,0.476511075136755));
#8253=DIRECTION('ref_axis',(-0.868979712060937,-0.413813613525541,0.271353189197076));
#8254=DIRECTION('',(-0.868979712060937,-0.413813613525541,0.271353189197076));
#8255=DIRECTION('',(0.,-0.548356962220241,-0.836244367385867));
#8256=DIRECTION('center_axis',(0.999982363005663,-0.00496659304682176,0.00325678232578476));
#8257=DIRECTION('ref_axis',(-0.00593916472328241,-0.836229618548695,0.548347290851604));
#8258=DIRECTION('',(-0.00593916472328241,-0.836229618548695,0.548347290851604));
#8259=DIRECTION('',(0.,-0.548356962220241,-0.836244367385867));
#8260=DIRECTION('center_axis',(0.505134649030454,0.72171279653673,-0.473254292810971));
#8261=DIRECTION('ref_axis',(0.863040547337655,-0.422416005023154,0.276994101654527));
#8262=DIRECTION('',(0.863040547337656,-0.422416005023154,0.276994101654527));
#8263=DIRECTION('',(0.,-0.548356962220241,-0.836244367385867));
#8264=DIRECTION('center_axis',(-0.494847713975209,0.726679389583552,-0.476511075136755));
#8265=DIRECTION('ref_axis',(0.868979712060937,0.413813613525541,-0.271353189197076));
#8266=DIRECTION('',(0.868979712060937,0.413813613525541,-0.271353189197076));
#8267=DIRECTION('',(0.,-0.548356962220241,-0.836244367385867));
#8268=DIRECTION('center_axis',(-0.999982363005663,0.00496659304682176,-0.00325678232578476));
#8269=DIRECTION('ref_axis',(0.00593916472328241,0.836229618548695,-0.548347290851604));
#8270=DIRECTION('',(0.00593916472328241,0.836229618548695,-0.548347290851604));
#8271=DIRECTION('center_axis',(0.999974547136575,0.0059664191980654,-0.0039124060315183));
#8272=DIRECTION('ref_axis',(0.00713477953426061,-0.836223082572194,0.548343004965373));
#8273=DIRECTION('',(0.,-0.548356962220241,-0.836244367385867));
#8274=DIRECTION('',(0.00713477953426061,-0.836223082572194,0.548343004965373));
#8275=DIRECTION('',(0.,-0.548356962220241,-0.836244367385867));
#8276=DIRECTION('center_axis',(0.493808373241216,0.727173642337485,-0.476835175303269));
#8277=DIRECTION('ref_axis',(0.869570750725244,-0.412944470690945,0.270783259469472));
#8278=DIRECTION('',(0.869570750725244,-0.412944470690945,0.270783259469472));
#8279=DIRECTION('',(0.,-0.548356962220241,-0.836244367385867));
#8280=DIRECTION('center_axis',(-0.506166173895356,0.721207223139421,-0.472922769271751));
#8281=DIRECTION('ref_axis',(0.862435971190984,0.423278611881247,-0.2775597454959));
#8282=DIRECTION('',(0.862435971190984,0.423278611881247,-0.2775597454959));
#8283=DIRECTION('',(0.,-0.548356962220241,-0.836244367385867));
#8284=DIRECTION('center_axis',(-0.999974547136575,-0.00596641919806539,
0.00391240603151829));
#8285=DIRECTION('ref_axis',(-0.0071347795342606,0.836223082572194,-0.548343004965373));
#8286=DIRECTION('',(-0.0071347795342606,0.836223082572194,-0.548343004965373));
#8287=DIRECTION('',(0.,-0.548356962220241,-0.836244367385867));
#8288=DIRECTION('center_axis',(-0.493808373241217,-0.727173642337484,0.476835175303269));
#8289=DIRECTION('ref_axis',(-0.869570750725243,0.412944470690946,-0.270783259469473));
#8290=DIRECTION('',(-0.869570750725243,0.412944470690946,-0.270783259469473));
#8291=DIRECTION('',(0.,-0.548356962220241,-0.836244367385867));
#8292=DIRECTION('center_axis',(0.506166173895358,-0.72120722313942,0.472922769271751));
#8293=DIRECTION('ref_axis',(-0.862435971190983,-0.423278611881249,0.277559745495901));
#8294=DIRECTION('',(-0.862435971190983,-0.423278611881249,0.277559745495901));
#8295=DIRECTION('center_axis',(-0.505134649030454,-0.72171279653673,0.473254292810971));
#8296=DIRECTION('ref_axis',(-0.863040547337655,0.422416005023154,-0.276994101654527));
#8297=DIRECTION('',(0.,-0.548356962220241,-0.836244367385867));
#8298=DIRECTION('',(-0.863040547337656,0.422416005023154,-0.276994101654527));
#8299=DIRECTION('',(0.,-0.548356962220241,-0.836244367385867));
#8300=DIRECTION('center_axis',(0.494847713975209,-0.726679389583552,0.476511075136755));
#8301=DIRECTION('ref_axis',(-0.868979712060937,-0.413813613525541,0.271353189197076));
#8302=DIRECTION('',(-0.868979712060937,-0.413813613525541,0.271353189197076));
#8303=DIRECTION('',(0.,-0.548356962220241,-0.836244367385867));
#8304=DIRECTION('center_axis',(0.999982363005663,-0.00496659304682176,0.00325678232578476));
#8305=DIRECTION('ref_axis',(-0.00593916472328241,-0.836229618548695,0.548347290851604));
#8306=DIRECTION('',(-0.00593916472328241,-0.836229618548695,0.548347290851604));
#8307=DIRECTION('',(0.,-0.548356962220241,-0.836244367385867));
#8308=DIRECTION('center_axis',(0.505134649030454,0.72171279653673,-0.473254292810971));
#8309=DIRECTION('ref_axis',(0.863040547337655,-0.422416005023154,0.276994101654527));
#8310=DIRECTION('',(0.863040547337656,-0.422416005023154,0.276994101654527));
#8311=DIRECTION('',(0.,-0.548356962220241,-0.836244367385867));
#8312=DIRECTION('center_axis',(-0.494847713975209,0.726679389583552,-0.476511075136755));
#8313=DIRECTION('ref_axis',(0.868979712060937,0.413813613525541,-0.271353189197076));
#8314=DIRECTION('',(0.868979712060937,0.413813613525541,-0.271353189197076));
#8315=DIRECTION('',(0.,-0.548356962220241,-0.836244367385867));
#8316=DIRECTION('center_axis',(-0.999982363005663,0.00496659304682176,-0.00325678232578476));
#8317=DIRECTION('ref_axis',(0.00593916472328241,0.836229618548695,-0.548347290851604));
#8318=DIRECTION('',(0.00593916472328241,0.836229618548695,-0.548347290851604));
#8319=DIRECTION('center_axis',(0.999974547136575,0.0059664191980654,-0.0039124060315183));
#8320=DIRECTION('ref_axis',(0.00713477953426061,-0.836223082572194,0.548343004965373));
#8321=DIRECTION('',(0.,-0.548356962220241,-0.836244367385867));
#8322=DIRECTION('',(0.00713477953426061,-0.836223082572194,0.548343004965373));
#8323=DIRECTION('',(0.,-0.548356962220241,-0.836244367385867));
#8324=DIRECTION('center_axis',(0.493808373241216,0.727173642337485,-0.476835175303269));
#8325=DIRECTION('ref_axis',(0.869570750725244,-0.412944470690945,0.270783259469472));
#8326=DIRECTION('',(0.869570750725244,-0.412944470690945,0.270783259469472));
#8327=DIRECTION('',(0.,-0.548356962220241,-0.836244367385867));
#8328=DIRECTION('center_axis',(-0.506166173895356,0.721207223139421,-0.472922769271751));
#8329=DIRECTION('ref_axis',(0.862435971190984,0.423278611881247,-0.2775597454959));
#8330=DIRECTION('',(0.862435971190984,0.423278611881247,-0.2775597454959));
#8331=DIRECTION('',(0.,-0.548356962220241,-0.836244367385867));
#8332=DIRECTION('center_axis',(-0.999974547136575,-0.00596641919806539,
0.00391240603151829));
#8333=DIRECTION('ref_axis',(-0.0071347795342606,0.836223082572194,-0.548343004965373));
#8334=DIRECTION('',(-0.0071347795342606,0.836223082572194,-0.548343004965373));
#8335=DIRECTION('',(0.,-0.548356962220241,-0.836244367385867));
#8336=DIRECTION('center_axis',(-0.493808373241217,-0.727173642337484,0.476835175303269));
#8337=DIRECTION('ref_axis',(-0.869570750725243,0.412944470690946,-0.270783259469473));
#8338=DIRECTION('',(-0.869570750725243,0.412944470690946,-0.270783259469473));
#8339=DIRECTION('',(0.,-0.548356962220241,-0.836244367385867));
#8340=DIRECTION('center_axis',(0.506166173895358,-0.72120722313942,0.472922769271751));
#8341=DIRECTION('ref_axis',(-0.862435971190983,-0.423278611881249,0.277559745495901));
#8342=DIRECTION('',(-0.862435971190983,-0.423278611881249,0.277559745495901));
#8343=DIRECTION('center_axis',(-0.505134649030454,-0.72171279653673,0.473254292810971));
#8344=DIRECTION('ref_axis',(-0.863040547337655,0.422416005023154,-0.276994101654527));
#8345=DIRECTION('',(0.,-0.548356962220241,-0.836244367385867));
#8346=DIRECTION('',(-0.863040547337656,0.422416005023154,-0.276994101654527));
#8347=DIRECTION('',(0.,-0.548356962220241,-0.836244367385867));
#8348=DIRECTION('center_axis',(0.494847713975209,-0.726679389583552,0.476511075136755));
#8349=DIRECTION('ref_axis',(-0.868979712060937,-0.413813613525541,0.271353189197076));
#8350=DIRECTION('',(-0.868979712060937,-0.413813613525541,0.271353189197076));
#8351=DIRECTION('',(0.,-0.548356962220241,-0.836244367385867));
#8352=DIRECTION('center_axis',(0.999982363005663,-0.00496659304682176,0.00325678232578476));
#8353=DIRECTION('ref_axis',(-0.00593916472328241,-0.836229618548695,0.548347290851604));
#8354=DIRECTION('',(-0.00593916472328241,-0.836229618548695,0.548347290851604));
#8355=DIRECTION('',(0.,-0.548356962220241,-0.836244367385867));
#8356=DIRECTION('center_axis',(0.505134649030454,0.72171279653673,-0.473254292810971));
#8357=DIRECTION('ref_axis',(0.863040547337655,-0.422416005023154,0.276994101654527));
#8358=DIRECTION('',(0.863040547337656,-0.422416005023154,0.276994101654527));
#8359=DIRECTION('',(0.,-0.548356962220241,-0.836244367385867));
#8360=DIRECTION('center_axis',(-0.494847713975209,0.726679389583552,-0.476511075136755));
#8361=DIRECTION('ref_axis',(0.868979712060937,0.413813613525541,-0.271353189197076));
#8362=DIRECTION('',(0.868979712060937,0.413813613525541,-0.271353189197076));
#8363=DIRECTION('',(0.,-0.548356962220241,-0.836244367385867));
#8364=DIRECTION('center_axis',(-0.999982363005663,0.00496659304682176,-0.00325678232578476));
#8365=DIRECTION('ref_axis',(0.00593916472328241,0.836229618548695,-0.548347290851604));
#8366=DIRECTION('',(0.00593916472328241,0.836229618548695,-0.548347290851604));
#8367=DIRECTION('center_axis',(0.999974547136575,0.0059664191980654,-0.0039124060315183));
#8368=DIRECTION('ref_axis',(0.00713477953426061,-0.836223082572194,0.548343004965373));
#8369=DIRECTION('',(0.,-0.548356962220241,-0.836244367385867));
#8370=DIRECTION('',(0.00713477953426061,-0.836223082572194,0.548343004965373));
#8371=DIRECTION('',(0.,-0.548356962220241,-0.836244367385867));
#8372=DIRECTION('center_axis',(0.493808373241216,0.727173642337485,-0.476835175303269));
#8373=DIRECTION('ref_axis',(0.869570750725244,-0.412944470690945,0.270783259469472));
#8374=DIRECTION('',(0.869570750725244,-0.412944470690945,0.270783259469472));
#8375=DIRECTION('',(0.,-0.548356962220241,-0.836244367385867));
#8376=DIRECTION('center_axis',(-0.506166173895356,0.721207223139421,-0.472922769271751));
#8377=DIRECTION('ref_axis',(0.862435971190984,0.423278611881247,-0.2775597454959));
#8378=DIRECTION('',(0.862435971190984,0.423278611881247,-0.2775597454959));
#8379=DIRECTION('',(0.,-0.548356962220241,-0.836244367385867));
#8380=DIRECTION('center_axis',(-0.999974547136575,-0.00596641919806539,
0.00391240603151829));
#8381=DIRECTION('ref_axis',(-0.0071347795342606,0.836223082572194,-0.548343004965373));
#8382=DIRECTION('',(-0.0071347795342606,0.836223082572194,-0.548343004965373));
#8383=DIRECTION('',(0.,-0.548356962220241,-0.836244367385867));
#8384=DIRECTION('center_axis',(-0.493808373241217,-0.727173642337484,0.476835175303269));
#8385=DIRECTION('ref_axis',(-0.869570750725243,0.412944470690946,-0.270783259469473));
#8386=DIRECTION('',(-0.869570750725243,0.412944470690946,-0.270783259469473));
#8387=DIRECTION('',(0.,-0.548356962220241,-0.836244367385867));
#8388=DIRECTION('center_axis',(0.506166173895358,-0.72120722313942,0.472922769271751));
#8389=DIRECTION('ref_axis',(-0.862435971190983,-0.423278611881249,0.277559745495901));
#8390=DIRECTION('',(-0.862435971190983,-0.423278611881249,0.277559745495901));
#8391=DIRECTION('center_axis',(-0.505134649030454,-0.72171279653673,0.473254292810971));
#8392=DIRECTION('ref_axis',(-0.863040547337655,0.422416005023154,-0.276994101654527));
#8393=DIRECTION('',(0.,-0.548356962220241,-0.836244367385867));
#8394=DIRECTION('',(-0.863040547337656,0.422416005023154,-0.276994101654527));
#8395=DIRECTION('',(0.,-0.548356962220241,-0.836244367385867));
#8396=DIRECTION('center_axis',(0.494847713975209,-0.726679389583552,0.476511075136755));
#8397=DIRECTION('ref_axis',(-0.868979712060937,-0.413813613525541,0.271353189197076));
#8398=DIRECTION('',(-0.868979712060937,-0.413813613525541,0.271353189197076));
#8399=DIRECTION('',(0.,-0.548356962220241,-0.836244367385867));
#8400=DIRECTION('center_axis',(0.999982363005663,-0.00496659304682176,0.00325678232578476));
#8401=DIRECTION('ref_axis',(-0.00593916472328241,-0.836229618548695,0.548347290851604));
#8402=DIRECTION('',(-0.00593916472328241,-0.836229618548695,0.548347290851604));
#8403=DIRECTION('',(0.,-0.548356962220241,-0.836244367385867));
#8404=DIRECTION('center_axis',(0.505134649030454,0.72171279653673,-0.473254292810971));
#8405=DIRECTION('ref_axis',(0.863040547337655,-0.422416005023154,0.276994101654527));
#8406=DIRECTION('',(0.863040547337656,-0.422416005023154,0.276994101654527));
#8407=DIRECTION('',(0.,-0.548356962220241,-0.836244367385867));
#8408=DIRECTION('center_axis',(-0.494847713975209,0.726679389583552,-0.476511075136755));
#8409=DIRECTION('ref_axis',(0.868979712060937,0.413813613525541,-0.271353189197076));
#8410=DIRECTION('',(0.868979712060937,0.413813613525541,-0.271353189197076));
#8411=DIRECTION('',(0.,-0.548356962220241,-0.836244367385867));
#8412=DIRECTION('center_axis',(-0.999982363005663,0.00496659304682176,-0.00325678232578476));
#8413=DIRECTION('ref_axis',(0.00593916472328241,0.836229618548695,-0.548347290851604));
#8414=DIRECTION('',(0.00593916472328241,0.836229618548695,-0.548347290851604));
#8415=DIRECTION('center_axis',(0.999974547136575,0.0059664191980654,-0.0039124060315183));
#8416=DIRECTION('ref_axis',(0.00713477953426061,-0.836223082572194,0.548343004965373));
#8417=DIRECTION('',(0.,-0.548356962220241,-0.836244367385867));
#8418=DIRECTION('',(0.00713477953426061,-0.836223082572194,0.548343004965373));
#8419=DIRECTION('',(0.,-0.548356962220241,-0.836244367385867));
#8420=DIRECTION('center_axis',(0.493808373241216,0.727173642337485,-0.476835175303269));
#8421=DIRECTION('ref_axis',(0.869570750725244,-0.412944470690945,0.270783259469472));
#8422=DIRECTION('',(0.869570750725244,-0.412944470690945,0.270783259469472));
#8423=DIRECTION('',(0.,-0.548356962220241,-0.836244367385867));
#8424=DIRECTION('center_axis',(-0.506166173895356,0.721207223139421,-0.472922769271751));
#8425=DIRECTION('ref_axis',(0.862435971190984,0.423278611881247,-0.2775597454959));
#8426=DIRECTION('',(0.862435971190984,0.423278611881247,-0.2775597454959));
#8427=DIRECTION('',(0.,-0.548356962220241,-0.836244367385867));
#8428=DIRECTION('center_axis',(-0.999974547136575,-0.00596641919806539,
0.00391240603151829));
#8429=DIRECTION('ref_axis',(-0.0071347795342606,0.836223082572194,-0.548343004965373));
#8430=DIRECTION('',(-0.0071347795342606,0.836223082572194,-0.548343004965373));
#8431=DIRECTION('',(0.,-0.548356962220241,-0.836244367385867));
#8432=DIRECTION('center_axis',(-0.493808373241217,-0.727173642337484,0.476835175303269));
#8433=DIRECTION('ref_axis',(-0.869570750725243,0.412944470690946,-0.270783259469473));
#8434=DIRECTION('',(-0.869570750725243,0.412944470690946,-0.270783259469473));
#8435=DIRECTION('',(0.,-0.548356962220241,-0.836244367385867));
#8436=DIRECTION('center_axis',(0.506166173895358,-0.72120722313942,0.472922769271751));
#8437=DIRECTION('ref_axis',(-0.862435971190983,-0.423278611881249,0.277559745495901));
#8438=DIRECTION('',(-0.862435971190983,-0.423278611881249,0.277559745495901));
#8439=DIRECTION('center_axis',(-0.505134649030454,-0.72171279653673,0.473254292810971));
#8440=DIRECTION('ref_axis',(-0.863040547337655,0.422416005023154,-0.276994101654527));
#8441=DIRECTION('',(0.,-0.548356962220241,-0.836244367385867));
#8442=DIRECTION('',(-0.863040547337656,0.422416005023154,-0.276994101654527));
#8443=DIRECTION('',(0.,-0.548356962220241,-0.836244367385867));
#8444=DIRECTION('center_axis',(0.494847713975209,-0.726679389583552,0.476511075136755));
#8445=DIRECTION('ref_axis',(-0.868979712060937,-0.413813613525541,0.271353189197076));
#8446=DIRECTION('',(-0.868979712060937,-0.413813613525541,0.271353189197076));
#8447=DIRECTION('',(0.,-0.548356962220241,-0.836244367385867));
#8448=DIRECTION('center_axis',(0.999982363005663,-0.00496659304682176,0.00325678232578476));
#8449=DIRECTION('ref_axis',(-0.00593916472328241,-0.836229618548695,0.548347290851604));
#8450=DIRECTION('',(-0.00593916472328241,-0.836229618548695,0.548347290851604));
#8451=DIRECTION('',(0.,-0.548356962220241,-0.836244367385867));
#8452=DIRECTION('center_axis',(0.505134649030454,0.72171279653673,-0.473254292810971));
#8453=DIRECTION('ref_axis',(0.863040547337655,-0.422416005023154,0.276994101654527));
#8454=DIRECTION('',(0.863040547337656,-0.422416005023154,0.276994101654527));
#8455=DIRECTION('',(0.,-0.548356962220241,-0.836244367385867));
#8456=DIRECTION('center_axis',(-0.494847713975209,0.726679389583552,-0.476511075136755));
#8457=DIRECTION('ref_axis',(0.868979712060937,0.413813613525541,-0.271353189197076));
#8458=DIRECTION('',(0.868979712060937,0.413813613525541,-0.271353189197076));
#8459=DIRECTION('',(0.,-0.548356962220241,-0.836244367385867));
#8460=DIRECTION('center_axis',(-0.999982363005663,0.00496659304682176,-0.00325678232578476));
#8461=DIRECTION('ref_axis',(0.00593916472328241,0.836229618548695,-0.548347290851604));
#8462=DIRECTION('',(0.00593916472328241,0.836229618548695,-0.548347290851604));
#8463=DIRECTION('center_axis',(0.999974547136575,0.0059664191980654,-0.0039124060315183));
#8464=DIRECTION('ref_axis',(0.00713477953426061,-0.836223082572194,0.548343004965373));
#8465=DIRECTION('',(0.,-0.548356962220241,-0.836244367385867));
#8466=DIRECTION('',(0.00713477953426061,-0.836223082572194,0.548343004965373));
#8467=DIRECTION('',(0.,-0.548356962220241,-0.836244367385867));
#8468=DIRECTION('center_axis',(0.493808373241216,0.727173642337485,-0.476835175303269));
#8469=DIRECTION('ref_axis',(0.869570750725244,-0.412944470690945,0.270783259469472));
#8470=DIRECTION('',(0.869570750725244,-0.412944470690945,0.270783259469472));
#8471=DIRECTION('',(0.,-0.548356962220241,-0.836244367385867));
#8472=DIRECTION('center_axis',(-0.506166173895356,0.721207223139421,-0.472922769271751));
#8473=DIRECTION('ref_axis',(0.862435971190984,0.423278611881247,-0.2775597454959));
#8474=DIRECTION('',(0.862435971190984,0.423278611881247,-0.2775597454959));
#8475=DIRECTION('',(0.,-0.548356962220241,-0.836244367385867));
#8476=DIRECTION('center_axis',(-0.999974547136575,-0.00596641919806539,
0.00391240603151829));
#8477=DIRECTION('ref_axis',(-0.0071347795342606,0.836223082572194,-0.548343004965373));
#8478=DIRECTION('',(-0.0071347795342606,0.836223082572194,-0.548343004965373));
#8479=DIRECTION('',(0.,-0.548356962220241,-0.836244367385867));
#8480=DIRECTION('center_axis',(-0.493808373241217,-0.727173642337484,0.476835175303269));
#8481=DIRECTION('ref_axis',(-0.869570750725243,0.412944470690946,-0.270783259469473));
#8482=DIRECTION('',(-0.869570750725243,0.412944470690946,-0.270783259469473));
#8483=DIRECTION('',(0.,-0.548356962220241,-0.836244367385867));
#8484=DIRECTION('center_axis',(0.506166173895358,-0.72120722313942,0.472922769271751));
#8485=DIRECTION('ref_axis',(-0.862435971190983,-0.423278611881249,0.277559745495901));
#8486=DIRECTION('',(-0.862435971190983,-0.423278611881249,0.277559745495901));
#8487=DIRECTION('center_axis',(-0.505134649030454,-0.72171279653673,0.473254292810971));
#8488=DIRECTION('ref_axis',(-0.863040547337655,0.422416005023154,-0.276994101654527));
#8489=DIRECTION('',(0.,-0.548356962220241,-0.836244367385867));
#8490=DIRECTION('',(-0.863040547337656,0.422416005023154,-0.276994101654527));
#8491=DIRECTION('',(0.,-0.548356962220241,-0.836244367385867));
#8492=DIRECTION('center_axis',(0.494847713975209,-0.726679389583552,0.476511075136755));
#8493=DIRECTION('ref_axis',(-0.868979712060937,-0.413813613525541,0.271353189197076));
#8494=DIRECTION('',(-0.868979712060937,-0.413813613525541,0.271353189197076));
#8495=DIRECTION('',(0.,-0.548356962220241,-0.836244367385867));
#8496=DIRECTION('center_axis',(0.999982363005663,-0.00496659304682176,0.00325678232578476));
#8497=DIRECTION('ref_axis',(-0.00593916472328241,-0.836229618548695,0.548347290851604));
#8498=DIRECTION('',(-0.00593916472328241,-0.836229618548695,0.548347290851604));
#8499=DIRECTION('',(0.,-0.548356962220241,-0.836244367385867));
#8500=DIRECTION('center_axis',(0.505134649030454,0.72171279653673,-0.473254292810971));
#8501=DIRECTION('ref_axis',(0.863040547337655,-0.422416005023154,0.276994101654527));
#8502=DIRECTION('',(0.863040547337656,-0.422416005023154,0.276994101654527));
#8503=DIRECTION('',(0.,-0.548356962220241,-0.836244367385867));
#8504=DIRECTION('center_axis',(-0.494847713975209,0.726679389583552,-0.476511075136755));
#8505=DIRECTION('ref_axis',(0.868979712060937,0.413813613525541,-0.271353189197076));
#8506=DIRECTION('',(0.868979712060937,0.413813613525541,-0.271353189197076));
#8507=DIRECTION('',(0.,-0.548356962220241,-0.836244367385867));
#8508=DIRECTION('center_axis',(-0.999982363005663,0.00496659304682176,-0.00325678232578476));
#8509=DIRECTION('ref_axis',(0.00593916472328241,0.836229618548695,-0.548347290851604));
#8510=DIRECTION('',(0.00593916472328241,0.836229618548695,-0.548347290851604));
#8511=DIRECTION('center_axis',(0.999974547136575,0.0059664191980654,-0.0039124060315183));
#8512=DIRECTION('ref_axis',(0.00713477953426061,-0.836223082572194,0.548343004965373));
#8513=DIRECTION('',(0.,-0.548356962220241,-0.836244367385867));
#8514=DIRECTION('',(0.00713477953426061,-0.836223082572194,0.548343004965373));
#8515=DIRECTION('',(0.,-0.548356962220241,-0.836244367385867));
#8516=DIRECTION('center_axis',(0.493808373241216,0.727173642337485,-0.476835175303269));
#8517=DIRECTION('ref_axis',(0.869570750725244,-0.412944470690945,0.270783259469472));
#8518=DIRECTION('',(0.869570750725244,-0.412944470690945,0.270783259469472));
#8519=DIRECTION('',(0.,-0.548356962220241,-0.836244367385867));
#8520=DIRECTION('center_axis',(-0.506166173895356,0.721207223139421,-0.472922769271751));
#8521=DIRECTION('ref_axis',(0.862435971190984,0.423278611881247,-0.2775597454959));
#8522=DIRECTION('',(0.862435971190984,0.423278611881247,-0.2775597454959));
#8523=DIRECTION('',(0.,-0.548356962220241,-0.836244367385867));
#8524=DIRECTION('center_axis',(-0.999974547136575,-0.00596641919806539,
0.00391240603151829));
#8525=DIRECTION('ref_axis',(-0.0071347795342606,0.836223082572194,-0.548343004965373));
#8526=DIRECTION('',(-0.0071347795342606,0.836223082572194,-0.548343004965373));
#8527=DIRECTION('',(0.,-0.548356962220241,-0.836244367385867));
#8528=DIRECTION('center_axis',(-0.493808373241217,-0.727173642337484,0.476835175303269));
#8529=DIRECTION('ref_axis',(-0.869570750725243,0.412944470690946,-0.270783259469473));
#8530=DIRECTION('',(-0.869570750725243,0.412944470690946,-0.270783259469473));
#8531=DIRECTION('',(0.,-0.548356962220241,-0.836244367385867));
#8532=DIRECTION('center_axis',(0.506166173895358,-0.72120722313942,0.472922769271751));
#8533=DIRECTION('ref_axis',(-0.862435971190983,-0.423278611881249,0.277559745495901));
#8534=DIRECTION('',(-0.862435971190983,-0.423278611881249,0.277559745495901));
#8535=DIRECTION('center_axis',(-0.505134649030454,-0.72171279653673,0.473254292810971));
#8536=DIRECTION('ref_axis',(-0.863040547337655,0.422416005023154,-0.276994101654527));
#8537=DIRECTION('',(0.,-0.548356962220241,-0.836244367385867));
#8538=DIRECTION('',(-0.863040547337656,0.422416005023154,-0.276994101654527));
#8539=DIRECTION('',(0.,-0.548356962220241,-0.836244367385867));
#8540=DIRECTION('center_axis',(0.494847713975209,-0.726679389583552,0.476511075136755));
#8541=DIRECTION('ref_axis',(-0.868979712060937,-0.413813613525541,0.271353189197076));
#8542=DIRECTION('',(-0.868979712060937,-0.413813613525541,0.271353189197076));
#8543=DIRECTION('',(0.,-0.548356962220241,-0.836244367385867));
#8544=DIRECTION('center_axis',(0.999982363005663,-0.00496659304682176,0.00325678232578476));
#8545=DIRECTION('ref_axis',(-0.00593916472328241,-0.836229618548695,0.548347290851604));
#8546=DIRECTION('',(-0.00593916472328241,-0.836229618548695,0.548347290851604));
#8547=DIRECTION('',(0.,-0.548356962220241,-0.836244367385867));
#8548=DIRECTION('center_axis',(0.505134649030454,0.72171279653673,-0.473254292810971));
#8549=DIRECTION('ref_axis',(0.863040547337655,-0.422416005023154,0.276994101654527));
#8550=DIRECTION('',(0.863040547337656,-0.422416005023154,0.276994101654527));
#8551=DIRECTION('',(0.,-0.548356962220241,-0.836244367385867));
#8552=DIRECTION('center_axis',(-0.494847713975209,0.726679389583552,-0.476511075136755));
#8553=DIRECTION('ref_axis',(0.868979712060937,0.413813613525541,-0.271353189197076));
#8554=DIRECTION('',(0.868979712060937,0.413813613525541,-0.271353189197076));
#8555=DIRECTION('',(0.,-0.548356962220241,-0.836244367385867));
#8556=DIRECTION('center_axis',(-0.999982363005663,0.00496659304682176,-0.00325678232578476));
#8557=DIRECTION('ref_axis',(0.00593916472328241,0.836229618548695,-0.548347290851604));
#8558=DIRECTION('',(0.00593916472328241,0.836229618548695,-0.548347290851604));
#8559=DIRECTION('center_axis',(0.999974547136575,0.0059664191980654,-0.0039124060315183));
#8560=DIRECTION('ref_axis',(0.00713477953426061,-0.836223082572194,0.548343004965373));
#8561=DIRECTION('',(0.,-0.548356962220241,-0.836244367385867));
#8562=DIRECTION('',(0.00713477953426061,-0.836223082572194,0.548343004965373));
#8563=DIRECTION('',(0.,-0.548356962220241,-0.836244367385867));
#8564=DIRECTION('center_axis',(0.493808373241216,0.727173642337485,-0.476835175303269));
#8565=DIRECTION('ref_axis',(0.869570750725244,-0.412944470690945,0.270783259469472));
#8566=DIRECTION('',(0.869570750725244,-0.412944470690945,0.270783259469472));
#8567=DIRECTION('',(0.,-0.548356962220241,-0.836244367385867));
#8568=DIRECTION('center_axis',(-0.506166173895356,0.721207223139421,-0.472922769271751));
#8569=DIRECTION('ref_axis',(0.862435971190984,0.423278611881247,-0.2775597454959));
#8570=DIRECTION('',(0.862435971190984,0.423278611881247,-0.2775597454959));
#8571=DIRECTION('',(0.,-0.548356962220241,-0.836244367385867));
#8572=DIRECTION('center_axis',(-0.999974547136575,-0.00596641919806539,
0.00391240603151829));
#8573=DIRECTION('ref_axis',(-0.0071347795342606,0.836223082572194,-0.548343004965373));
#8574=DIRECTION('',(-0.0071347795342606,0.836223082572194,-0.548343004965373));
#8575=DIRECTION('',(0.,-0.548356962220241,-0.836244367385867));
#8576=DIRECTION('center_axis',(-0.493808373241217,-0.727173642337484,0.476835175303269));
#8577=DIRECTION('ref_axis',(-0.869570750725243,0.412944470690946,-0.270783259469473));
#8578=DIRECTION('',(-0.869570750725243,0.412944470690946,-0.270783259469473));
#8579=DIRECTION('',(0.,-0.548356962220241,-0.836244367385867));
#8580=DIRECTION('center_axis',(0.506166173895358,-0.72120722313942,0.472922769271751));
#8581=DIRECTION('ref_axis',(-0.862435971190983,-0.423278611881249,0.277559745495901));
#8582=DIRECTION('',(-0.862435971190983,-0.423278611881249,0.277559745495901));
#8583=DIRECTION('center_axis',(-0.505134649030454,-0.72171279653673,0.473254292810971));
#8584=DIRECTION('ref_axis',(-0.863040547337655,0.422416005023154,-0.276994101654527));
#8585=DIRECTION('',(0.,-0.548356962220241,-0.836244367385867));
#8586=DIRECTION('',(-0.863040547337656,0.422416005023154,-0.276994101654527));
#8587=DIRECTION('',(0.,-0.548356962220241,-0.836244367385867));
#8588=DIRECTION('center_axis',(0.494847713975209,-0.726679389583552,0.476511075136755));
#8589=DIRECTION('ref_axis',(-0.868979712060937,-0.413813613525541,0.271353189197076));
#8590=DIRECTION('',(-0.868979712060937,-0.413813613525541,0.271353189197076));
#8591=DIRECTION('',(0.,-0.548356962220241,-0.836244367385867));
#8592=DIRECTION('center_axis',(0.999982363005663,-0.00496659304682176,0.00325678232578476));
#8593=DIRECTION('ref_axis',(-0.00593916472328241,-0.836229618548695,0.548347290851604));
#8594=DIRECTION('',(-0.00593916472328241,-0.836229618548695,0.548347290851604));
#8595=DIRECTION('',(0.,-0.548356962220241,-0.836244367385867));
#8596=DIRECTION('center_axis',(0.505134649030454,0.72171279653673,-0.473254292810971));
#8597=DIRECTION('ref_axis',(0.863040547337655,-0.422416005023154,0.276994101654527));
#8598=DIRECTION('',(0.863040547337656,-0.422416005023154,0.276994101654527));
#8599=DIRECTION('',(0.,-0.548356962220241,-0.836244367385867));
#8600=DIRECTION('center_axis',(-0.494847713975209,0.726679389583552,-0.476511075136755));
#8601=DIRECTION('ref_axis',(0.868979712060937,0.413813613525541,-0.271353189197076));
#8602=DIRECTION('',(0.868979712060937,0.413813613525541,-0.271353189197076));
#8603=DIRECTION('',(0.,-0.548356962220241,-0.836244367385867));
#8604=DIRECTION('center_axis',(-0.999982363005663,0.00496659304682176,-0.00325678232578476));
#8605=DIRECTION('ref_axis',(0.00593916472328241,0.836229618548695,-0.548347290851604));
#8606=DIRECTION('',(0.00593916472328241,0.836229618548695,-0.548347290851604));
#8607=DIRECTION('center_axis',(0.999974547136575,0.0059664191980654,-0.0039124060315183));
#8608=DIRECTION('ref_axis',(0.00713477953426061,-0.836223082572194,0.548343004965373));
#8609=DIRECTION('',(0.,-0.548356962220241,-0.836244367385867));
#8610=DIRECTION('',(0.00713477953426061,-0.836223082572194,0.548343004965373));
#8611=DIRECTION('',(0.,-0.548356962220241,-0.836244367385867));
#8612=DIRECTION('center_axis',(0.493808373241216,0.727173642337485,-0.476835175303269));
#8613=DIRECTION('ref_axis',(0.869570750725244,-0.412944470690945,0.270783259469472));
#8614=DIRECTION('',(0.869570750725244,-0.412944470690945,0.270783259469472));
#8615=DIRECTION('',(0.,-0.548356962220241,-0.836244367385867));
#8616=DIRECTION('center_axis',(-0.506166173895356,0.721207223139421,-0.472922769271751));
#8617=DIRECTION('ref_axis',(0.862435971190984,0.423278611881247,-0.2775597454959));
#8618=DIRECTION('',(0.862435971190984,0.423278611881247,-0.2775597454959));
#8619=DIRECTION('',(0.,-0.548356962220241,-0.836244367385867));
#8620=DIRECTION('center_axis',(-0.999974547136575,-0.00596641919806539,
0.00391240603151829));
#8621=DIRECTION('ref_axis',(-0.0071347795342606,0.836223082572194,-0.548343004965373));
#8622=DIRECTION('',(-0.0071347795342606,0.836223082572194,-0.548343004965373));
#8623=DIRECTION('',(0.,-0.548356962220241,-0.836244367385867));
#8624=DIRECTION('center_axis',(-0.493808373241217,-0.727173642337484,0.476835175303269));
#8625=DIRECTION('ref_axis',(-0.869570750725243,0.412944470690946,-0.270783259469473));
#8626=DIRECTION('',(-0.869570750725243,0.412944470690946,-0.270783259469473));
#8627=DIRECTION('',(0.,-0.548356962220241,-0.836244367385867));
#8628=DIRECTION('center_axis',(0.506166173895358,-0.72120722313942,0.472922769271751));
#8629=DIRECTION('ref_axis',(-0.862435971190983,-0.423278611881249,0.277559745495901));
#8630=DIRECTION('',(-0.862435971190983,-0.423278611881249,0.277559745495901));
#8631=DIRECTION('center_axis',(-0.505134649030454,-0.72171279653673,0.473254292810971));
#8632=DIRECTION('ref_axis',(-0.863040547337655,0.422416005023154,-0.276994101654527));
#8633=DIRECTION('',(0.,-0.548356962220241,-0.836244367385867));
#8634=DIRECTION('',(-0.863040547337656,0.422416005023154,-0.276994101654527));
#8635=DIRECTION('',(0.,-0.548356962220241,-0.836244367385867));
#8636=DIRECTION('center_axis',(0.494847713975209,-0.726679389583552,0.476511075136755));
#8637=DIRECTION('ref_axis',(-0.868979712060937,-0.413813613525541,0.271353189197076));
#8638=DIRECTION('',(-0.868979712060937,-0.413813613525541,0.271353189197076));
#8639=DIRECTION('',(0.,-0.548356962220241,-0.836244367385867));
#8640=DIRECTION('center_axis',(0.999982363005663,-0.00496659304682176,0.00325678232578476));
#8641=DIRECTION('ref_axis',(-0.00593916472328241,-0.836229618548695,0.548347290851604));
#8642=DIRECTION('',(-0.00593916472328241,-0.836229618548695,0.548347290851604));
#8643=DIRECTION('',(0.,-0.548356962220241,-0.836244367385867));
#8644=DIRECTION('center_axis',(0.505134649030454,0.72171279653673,-0.473254292810971));
#8645=DIRECTION('ref_axis',(0.863040547337655,-0.422416005023154,0.276994101654527));
#8646=DIRECTION('',(0.863040547337656,-0.422416005023154,0.276994101654527));
#8647=DIRECTION('',(0.,-0.548356962220241,-0.836244367385867));
#8648=DIRECTION('center_axis',(-0.494847713975209,0.726679389583552,-0.476511075136755));
#8649=DIRECTION('ref_axis',(0.868979712060937,0.413813613525541,-0.271353189197076));
#8650=DIRECTION('',(0.868979712060937,0.413813613525541,-0.271353189197076));
#8651=DIRECTION('',(0.,-0.548356962220241,-0.836244367385867));
#8652=DIRECTION('center_axis',(-0.999982363005663,0.00496659304682176,-0.00325678232578476));
#8653=DIRECTION('ref_axis',(0.00593916472328241,0.836229618548695,-0.548347290851604));
#8654=DIRECTION('',(0.00593916472328241,0.836229618548695,-0.548347290851604));
#8655=DIRECTION('center_axis',(0.999974547136575,0.0059664191980654,-0.0039124060315183));
#8656=DIRECTION('ref_axis',(0.00713477953426061,-0.836223082572194,0.548343004965373));
#8657=DIRECTION('',(0.,-0.548356962220241,-0.836244367385867));
#8658=DIRECTION('',(0.00713477953426061,-0.836223082572194,0.548343004965373));
#8659=DIRECTION('',(0.,-0.548356962220241,-0.836244367385867));
#8660=DIRECTION('center_axis',(0.493808373241216,0.727173642337485,-0.476835175303269));
#8661=DIRECTION('ref_axis',(0.869570750725244,-0.412944470690945,0.270783259469472));
#8662=DIRECTION('',(0.869570750725244,-0.412944470690945,0.270783259469472));
#8663=DIRECTION('',(0.,-0.548356962220241,-0.836244367385867));
#8664=DIRECTION('center_axis',(-0.506166173895356,0.721207223139421,-0.472922769271751));
#8665=DIRECTION('ref_axis',(0.862435971190984,0.423278611881247,-0.2775597454959));
#8666=DIRECTION('',(0.862435971190984,0.423278611881247,-0.2775597454959));
#8667=DIRECTION('',(0.,-0.548356962220241,-0.836244367385867));
#8668=DIRECTION('center_axis',(-0.999974547136575,-0.00596641919806539,
0.00391240603151829));
#8669=DIRECTION('ref_axis',(-0.0071347795342606,0.836223082572194,-0.548343004965373));
#8670=DIRECTION('',(-0.0071347795342606,0.836223082572194,-0.548343004965373));
#8671=DIRECTION('',(0.,-0.548356962220241,-0.836244367385867));
#8672=DIRECTION('center_axis',(-0.493808373241217,-0.727173642337484,0.476835175303269));
#8673=DIRECTION('ref_axis',(-0.869570750725243,0.412944470690946,-0.270783259469473));
#8674=DIRECTION('',(-0.869570750725243,0.412944470690946,-0.270783259469473));
#8675=DIRECTION('',(0.,-0.548356962220241,-0.836244367385867));
#8676=DIRECTION('center_axis',(0.506166173895358,-0.72120722313942,0.472922769271751));
#8677=DIRECTION('ref_axis',(-0.862435971190983,-0.423278611881249,0.277559745495901));
#8678=DIRECTION('',(-0.862435971190983,-0.423278611881249,0.277559745495901));
#8679=DIRECTION('center_axis',(-0.505134649030454,-0.72171279653673,0.473254292810971));
#8680=DIRECTION('ref_axis',(-0.863040547337655,0.422416005023154,-0.276994101654527));
#8681=DIRECTION('',(0.,-0.548356962220241,-0.836244367385867));
#8682=DIRECTION('',(-0.863040547337656,0.422416005023154,-0.276994101654527));
#8683=DIRECTION('',(0.,-0.548356962220241,-0.836244367385867));
#8684=DIRECTION('center_axis',(0.494847713975209,-0.726679389583552,0.476511075136755));
#8685=DIRECTION('ref_axis',(-0.868979712060937,-0.413813613525541,0.271353189197076));
#8686=DIRECTION('',(-0.868979712060937,-0.413813613525541,0.271353189197076));
#8687=DIRECTION('',(0.,-0.548356962220241,-0.836244367385867));
#8688=DIRECTION('center_axis',(0.999982363005663,-0.00496659304682176,0.00325678232578476));
#8689=DIRECTION('ref_axis',(-0.00593916472328241,-0.836229618548695,0.548347290851604));
#8690=DIRECTION('',(-0.00593916472328241,-0.836229618548695,0.548347290851604));
#8691=DIRECTION('',(0.,-0.548356962220241,-0.836244367385867));
#8692=DIRECTION('center_axis',(0.505134649030454,0.72171279653673,-0.473254292810971));
#8693=DIRECTION('ref_axis',(0.863040547337655,-0.422416005023154,0.276994101654527));
#8694=DIRECTION('',(0.863040547337656,-0.422416005023154,0.276994101654527));
#8695=DIRECTION('',(0.,-0.548356962220241,-0.836244367385867));
#8696=DIRECTION('center_axis',(-0.494847713975209,0.726679389583552,-0.476511075136755));
#8697=DIRECTION('ref_axis',(0.868979712060937,0.413813613525541,-0.271353189197076));
#8698=DIRECTION('',(0.868979712060937,0.413813613525541,-0.271353189197076));
#8699=DIRECTION('',(0.,-0.548356962220241,-0.836244367385867));
#8700=DIRECTION('center_axis',(-0.999982363005663,0.00496659304682176,-0.00325678232578476));
#8701=DIRECTION('ref_axis',(0.00593916472328241,0.836229618548695,-0.548347290851604));
#8702=DIRECTION('',(0.00593916472328241,0.836229618548695,-0.548347290851604));
#8703=DIRECTION('center_axis',(0.999974547136575,0.0059664191980654,-0.0039124060315183));
#8704=DIRECTION('ref_axis',(0.00713477953426061,-0.836223082572194,0.548343004965373));
#8705=DIRECTION('',(0.,-0.548356962220241,-0.836244367385867));
#8706=DIRECTION('',(0.00713477953426061,-0.836223082572194,0.548343004965373));
#8707=DIRECTION('',(0.,-0.548356962220241,-0.836244367385867));
#8708=DIRECTION('center_axis',(0.493808373241216,0.727173642337485,-0.476835175303269));
#8709=DIRECTION('ref_axis',(0.869570750725244,-0.412944470690945,0.270783259469472));
#8710=DIRECTION('',(0.869570750725244,-0.412944470690945,0.270783259469472));
#8711=DIRECTION('',(0.,-0.548356962220241,-0.836244367385867));
#8712=DIRECTION('center_axis',(-0.506166173895356,0.721207223139421,-0.472922769271751));
#8713=DIRECTION('ref_axis',(0.862435971190984,0.423278611881247,-0.2775597454959));
#8714=DIRECTION('',(0.862435971190984,0.423278611881247,-0.2775597454959));
#8715=DIRECTION('',(0.,-0.548356962220241,-0.836244367385867));
#8716=DIRECTION('center_axis',(-0.999974547136575,-0.00596641919806539,
0.00391240603151829));
#8717=DIRECTION('ref_axis',(-0.0071347795342606,0.836223082572194,-0.548343004965373));
#8718=DIRECTION('',(-0.0071347795342606,0.836223082572194,-0.548343004965373));
#8719=DIRECTION('',(0.,-0.548356962220241,-0.836244367385867));
#8720=DIRECTION('center_axis',(-0.493808373241217,-0.727173642337484,0.476835175303269));
#8721=DIRECTION('ref_axis',(-0.869570750725243,0.412944470690946,-0.270783259469473));
#8722=DIRECTION('',(-0.869570750725243,0.412944470690946,-0.270783259469473));
#8723=DIRECTION('',(0.,-0.548356962220241,-0.836244367385867));
#8724=DIRECTION('center_axis',(0.506166173895358,-0.72120722313942,0.472922769271751));
#8725=DIRECTION('ref_axis',(-0.862435971190983,-0.423278611881249,0.277559745495901));
#8726=DIRECTION('',(-0.862435971190983,-0.423278611881249,0.277559745495901));
#8727=DIRECTION('center_axis',(-0.505134649030454,-0.72171279653673,0.473254292810971));
#8728=DIRECTION('ref_axis',(-0.863040547337655,0.422416005023154,-0.276994101654527));
#8729=DIRECTION('',(0.,-0.548356962220241,-0.836244367385867));
#8730=DIRECTION('',(-0.863040547337656,0.422416005023154,-0.276994101654527));
#8731=DIRECTION('',(0.,-0.548356962220241,-0.836244367385867));
#8732=DIRECTION('center_axis',(0.494847713975209,-0.726679389583552,0.476511075136755));
#8733=DIRECTION('ref_axis',(-0.868979712060937,-0.413813613525541,0.271353189197076));
#8734=DIRECTION('',(-0.868979712060937,-0.413813613525541,0.271353189197076));
#8735=DIRECTION('',(0.,-0.548356962220241,-0.836244367385867));
#8736=DIRECTION('center_axis',(0.999982363005663,-0.00496659304682176,0.00325678232578476));
#8737=DIRECTION('ref_axis',(-0.00593916472328241,-0.836229618548695,0.548347290851604));
#8738=DIRECTION('',(-0.00593916472328241,-0.836229618548695,0.548347290851604));
#8739=DIRECTION('',(0.,-0.548356962220241,-0.836244367385867));
#8740=DIRECTION('center_axis',(0.505134649030454,0.72171279653673,-0.473254292810971));
#8741=DIRECTION('ref_axis',(0.863040547337655,-0.422416005023154,0.276994101654527));
#8742=DIRECTION('',(0.863040547337656,-0.422416005023154,0.276994101654527));
#8743=DIRECTION('',(0.,-0.548356962220241,-0.836244367385867));
#8744=DIRECTION('center_axis',(-0.494847713975209,0.726679389583552,-0.476511075136755));
#8745=DIRECTION('ref_axis',(0.868979712060937,0.413813613525541,-0.271353189197076));
#8746=DIRECTION('',(0.868979712060937,0.413813613525541,-0.271353189197076));
#8747=DIRECTION('',(0.,-0.548356962220241,-0.836244367385867));
#8748=DIRECTION('center_axis',(-0.999982363005663,0.00496659304682176,-0.00325678232578476));
#8749=DIRECTION('ref_axis',(0.00593916472328241,0.836229618548695,-0.548347290851604));
#8750=DIRECTION('',(0.00593916472328241,0.836229618548695,-0.548347290851604));
#8751=DIRECTION('center_axis',(0.999974547136575,0.0059664191980654,-0.0039124060315183));
#8752=DIRECTION('ref_axis',(0.00713477953426061,-0.836223082572194,0.548343004965373));
#8753=DIRECTION('',(0.,-0.548356962220241,-0.836244367385867));
#8754=DIRECTION('',(0.00713477953426061,-0.836223082572194,0.548343004965373));
#8755=DIRECTION('',(0.,-0.548356962220241,-0.836244367385867));
#8756=DIRECTION('center_axis',(0.493808373241216,0.727173642337485,-0.476835175303269));
#8757=DIRECTION('ref_axis',(0.869570750725244,-0.412944470690945,0.270783259469472));
#8758=DIRECTION('',(0.869570750725244,-0.412944470690945,0.270783259469472));
#8759=DIRECTION('',(0.,-0.548356962220241,-0.836244367385867));
#8760=DIRECTION('center_axis',(-0.506166173895356,0.721207223139421,-0.472922769271751));
#8761=DIRECTION('ref_axis',(0.862435971190984,0.423278611881247,-0.2775597454959));
#8762=DIRECTION('',(0.862435971190984,0.423278611881247,-0.2775597454959));
#8763=DIRECTION('',(0.,-0.548356962220241,-0.836244367385867));
#8764=DIRECTION('center_axis',(-0.999974547136575,-0.00596641919806539,
0.00391240603151829));
#8765=DIRECTION('ref_axis',(-0.0071347795342606,0.836223082572194,-0.548343004965373));
#8766=DIRECTION('',(-0.0071347795342606,0.836223082572194,-0.548343004965373));
#8767=DIRECTION('',(0.,-0.548356962220241,-0.836244367385867));
#8768=DIRECTION('center_axis',(-0.493808373241217,-0.727173642337484,0.476835175303269));
#8769=DIRECTION('ref_axis',(-0.869570750725243,0.412944470690946,-0.270783259469473));
#8770=DIRECTION('',(-0.869570750725243,0.412944470690946,-0.270783259469473));
#8771=DIRECTION('',(0.,-0.548356962220241,-0.836244367385867));
#8772=DIRECTION('center_axis',(0.506166173895358,-0.72120722313942,0.472922769271751));
#8773=DIRECTION('ref_axis',(-0.862435971190983,-0.423278611881249,0.277559745495901));
#8774=DIRECTION('',(-0.862435971190983,-0.423278611881249,0.277559745495901));
#8775=DIRECTION('center_axis',(-0.505134649030454,-0.72171279653673,0.473254292810971));
#8776=DIRECTION('ref_axis',(-0.863040547337655,0.422416005023154,-0.276994101654527));
#8777=DIRECTION('',(0.,-0.548356962220241,-0.836244367385867));
#8778=DIRECTION('',(-0.863040547337656,0.422416005023154,-0.276994101654527));
#8779=DIRECTION('',(0.,-0.548356962220241,-0.836244367385867));
#8780=DIRECTION('center_axis',(0.494847713975209,-0.726679389583552,0.476511075136755));
#8781=DIRECTION('ref_axis',(-0.868979712060937,-0.413813613525541,0.271353189197076));
#8782=DIRECTION('',(-0.868979712060937,-0.413813613525541,0.271353189197076));
#8783=DIRECTION('',(0.,-0.548356962220241,-0.836244367385867));
#8784=DIRECTION('center_axis',(0.999982363005663,-0.00496659304682176,0.00325678232578476));
#8785=DIRECTION('ref_axis',(-0.00593916472328241,-0.836229618548695,0.548347290851604));
#8786=DIRECTION('',(-0.00593916472328241,-0.836229618548695,0.548347290851604));
#8787=DIRECTION('',(0.,-0.548356962220241,-0.836244367385867));
#8788=DIRECTION('center_axis',(0.505134649030454,0.72171279653673,-0.473254292810971));
#8789=DIRECTION('ref_axis',(0.863040547337655,-0.422416005023154,0.276994101654527));
#8790=DIRECTION('',(0.863040547337656,-0.422416005023154,0.276994101654527));
#8791=DIRECTION('',(0.,-0.548356962220241,-0.836244367385867));
#8792=DIRECTION('center_axis',(-0.494847713975209,0.726679389583552,-0.476511075136755));
#8793=DIRECTION('ref_axis',(0.868979712060937,0.413813613525541,-0.271353189197076));
#8794=DIRECTION('',(0.868979712060937,0.413813613525541,-0.271353189197076));
#8795=DIRECTION('',(0.,-0.548356962220241,-0.836244367385867));
#8796=DIRECTION('center_axis',(-0.999982363005663,0.00496659304682176,-0.00325678232578476));
#8797=DIRECTION('ref_axis',(0.00593916472328241,0.836229618548695,-0.548347290851604));
#8798=DIRECTION('',(0.00593916472328241,0.836229618548695,-0.548347290851604));
#8799=DIRECTION('center_axis',(0.999974547136575,0.0059664191980654,-0.0039124060315183));
#8800=DIRECTION('ref_axis',(0.00713477953426061,-0.836223082572194,0.548343004965373));
#8801=DIRECTION('',(0.,-0.548356962220241,-0.836244367385867));
#8802=DIRECTION('',(0.00713477953426061,-0.836223082572194,0.548343004965373));
#8803=DIRECTION('',(0.,-0.548356962220241,-0.836244367385867));
#8804=DIRECTION('center_axis',(0.493808373241216,0.727173642337485,-0.476835175303269));
#8805=DIRECTION('ref_axis',(0.869570750725244,-0.412944470690945,0.270783259469472));
#8806=DIRECTION('',(0.869570750725244,-0.412944470690945,0.270783259469472));
#8807=DIRECTION('',(0.,-0.548356962220241,-0.836244367385867));
#8808=DIRECTION('center_axis',(-0.506166173895356,0.721207223139421,-0.472922769271751));
#8809=DIRECTION('ref_axis',(0.862435971190984,0.423278611881247,-0.2775597454959));
#8810=DIRECTION('',(0.862435971190984,0.423278611881247,-0.2775597454959));
#8811=DIRECTION('',(0.,-0.548356962220241,-0.836244367385867));
#8812=DIRECTION('center_axis',(-0.999974547136575,-0.00596641919806539,
0.00391240603151829));
#8813=DIRECTION('ref_axis',(-0.0071347795342606,0.836223082572194,-0.548343004965373));
#8814=DIRECTION('',(-0.0071347795342606,0.836223082572194,-0.548343004965373));
#8815=DIRECTION('',(0.,-0.548356962220241,-0.836244367385867));
#8816=DIRECTION('center_axis',(-0.493808373241217,-0.727173642337484,0.476835175303269));
#8817=DIRECTION('ref_axis',(-0.869570750725243,0.412944470690946,-0.270783259469473));
#8818=DIRECTION('',(-0.869570750725243,0.412944470690946,-0.270783259469473));
#8819=DIRECTION('',(0.,-0.548356962220241,-0.836244367385867));
#8820=DIRECTION('center_axis',(0.506166173895358,-0.72120722313942,0.472922769271751));
#8821=DIRECTION('ref_axis',(-0.862435971190983,-0.423278611881249,0.277559745495901));
#8822=DIRECTION('',(-0.862435971190983,-0.423278611881249,0.277559745495901));
#8823=DIRECTION('center_axis',(-0.505134649030454,-0.72171279653673,0.473254292810971));
#8824=DIRECTION('ref_axis',(-0.863040547337655,0.422416005023154,-0.276994101654527));
#8825=DIRECTION('',(0.,-0.548356962220241,-0.836244367385867));
#8826=DIRECTION('',(-0.863040547337656,0.422416005023154,-0.276994101654527));
#8827=DIRECTION('',(0.,-0.548356962220241,-0.836244367385867));
#8828=DIRECTION('center_axis',(0.494847713975209,-0.726679389583552,0.476511075136755));
#8829=DIRECTION('ref_axis',(-0.868979712060937,-0.413813613525541,0.271353189197076));
#8830=DIRECTION('',(-0.868979712060937,-0.413813613525541,0.271353189197076));
#8831=DIRECTION('',(0.,-0.548356962220241,-0.836244367385867));
#8832=DIRECTION('center_axis',(0.999982363005663,-0.00496659304682176,0.00325678232578476));
#8833=DIRECTION('ref_axis',(-0.00593916472328241,-0.836229618548695,0.548347290851604));
#8834=DIRECTION('',(-0.00593916472328241,-0.836229618548695,0.548347290851604));
#8835=DIRECTION('',(0.,-0.548356962220241,-0.836244367385867));
#8836=DIRECTION('center_axis',(0.505134649030454,0.72171279653673,-0.473254292810971));
#8837=DIRECTION('ref_axis',(0.863040547337655,-0.422416005023154,0.276994101654527));
#8838=DIRECTION('',(0.863040547337656,-0.422416005023154,0.276994101654527));
#8839=DIRECTION('',(0.,-0.548356962220241,-0.836244367385867));
#8840=DIRECTION('center_axis',(-0.494847713975209,0.726679389583552,-0.476511075136755));
#8841=DIRECTION('ref_axis',(0.868979712060937,0.413813613525541,-0.271353189197076));
#8842=DIRECTION('',(0.868979712060937,0.413813613525541,-0.271353189197076));
#8843=DIRECTION('',(0.,-0.548356962220241,-0.836244367385867));
#8844=DIRECTION('center_axis',(-0.999982363005663,0.00496659304682176,-0.00325678232578476));
#8845=DIRECTION('ref_axis',(0.00593916472328241,0.836229618548695,-0.548347290851604));
#8846=DIRECTION('',(0.00593916472328241,0.836229618548695,-0.548347290851604));
#8847=DIRECTION('center_axis',(0.999974547136575,0.0059664191980654,-0.0039124060315183));
#8848=DIRECTION('ref_axis',(0.00713477953426061,-0.836223082572194,0.548343004965373));
#8849=DIRECTION('',(0.,-0.548356962220241,-0.836244367385867));
#8850=DIRECTION('',(0.00713477953426061,-0.836223082572194,0.548343004965373));
#8851=DIRECTION('',(0.,-0.548356962220241,-0.836244367385867));
#8852=DIRECTION('center_axis',(0.493808373241216,0.727173642337485,-0.476835175303269));
#8853=DIRECTION('ref_axis',(0.869570750725244,-0.412944470690945,0.270783259469472));
#8854=DIRECTION('',(0.869570750725244,-0.412944470690945,0.270783259469472));
#8855=DIRECTION('',(0.,-0.548356962220241,-0.836244367385867));
#8856=DIRECTION('center_axis',(-0.506166173895356,0.721207223139421,-0.472922769271751));
#8857=DIRECTION('ref_axis',(0.862435971190984,0.423278611881247,-0.2775597454959));
#8858=DIRECTION('',(0.862435971190984,0.423278611881247,-0.2775597454959));
#8859=DIRECTION('',(0.,-0.548356962220241,-0.836244367385867));
#8860=DIRECTION('center_axis',(-0.999974547136575,-0.00596641919806539,
0.00391240603151829));
#8861=DIRECTION('ref_axis',(-0.0071347795342606,0.836223082572194,-0.548343004965373));
#8862=DIRECTION('',(-0.0071347795342606,0.836223082572194,-0.548343004965373));
#8863=DIRECTION('',(0.,-0.548356962220241,-0.836244367385867));
#8864=DIRECTION('center_axis',(-0.493808373241217,-0.727173642337484,0.476835175303269));
#8865=DIRECTION('ref_axis',(-0.869570750725243,0.412944470690946,-0.270783259469473));
#8866=DIRECTION('',(-0.869570750725243,0.412944470690946,-0.270783259469473));
#8867=DIRECTION('',(0.,-0.548356962220241,-0.836244367385867));
#8868=DIRECTION('center_axis',(0.506166173895358,-0.72120722313942,0.472922769271751));
#8869=DIRECTION('ref_axis',(-0.862435971190983,-0.423278611881249,0.277559745495901));
#8870=DIRECTION('',(-0.862435971190983,-0.423278611881249,0.277559745495901));
#8871=DIRECTION('center_axis',(-0.505134649030454,-0.72171279653673,0.473254292810971));
#8872=DIRECTION('ref_axis',(-0.863040547337655,0.422416005023154,-0.276994101654527));
#8873=DIRECTION('',(0.,-0.548356962220241,-0.836244367385867));
#8874=DIRECTION('',(-0.863040547337656,0.422416005023154,-0.276994101654527));
#8875=DIRECTION('',(0.,-0.548356962220241,-0.836244367385867));
#8876=DIRECTION('center_axis',(0.494847713975209,-0.726679389583552,0.476511075136755));
#8877=DIRECTION('ref_axis',(-0.868979712060937,-0.413813613525541,0.271353189197076));
#8878=DIRECTION('',(-0.868979712060937,-0.413813613525541,0.271353189197076));
#8879=DIRECTION('',(0.,-0.548356962220241,-0.836244367385867));
#8880=DIRECTION('center_axis',(0.999982363005663,-0.00496659304682176,0.00325678232578476));
#8881=DIRECTION('ref_axis',(-0.00593916472328241,-0.836229618548695,0.548347290851604));
#8882=DIRECTION('',(-0.00593916472328241,-0.836229618548695,0.548347290851604));
#8883=DIRECTION('',(0.,-0.548356962220241,-0.836244367385867));
#8884=DIRECTION('center_axis',(0.505134649030454,0.72171279653673,-0.473254292810971));
#8885=DIRECTION('ref_axis',(0.863040547337655,-0.422416005023154,0.276994101654527));
#8886=DIRECTION('',(0.863040547337656,-0.422416005023154,0.276994101654527));
#8887=DIRECTION('',(0.,-0.548356962220241,-0.836244367385867));
#8888=DIRECTION('center_axis',(-0.494847713975209,0.726679389583552,-0.476511075136755));
#8889=DIRECTION('ref_axis',(0.868979712060937,0.413813613525541,-0.271353189197076));
#8890=DIRECTION('',(0.868979712060937,0.413813613525541,-0.271353189197076));
#8891=DIRECTION('',(0.,-0.548356962220241,-0.836244367385867));
#8892=DIRECTION('center_axis',(-0.999982363005663,0.00496659304682176,-0.00325678232578476));
#8893=DIRECTION('ref_axis',(0.00593916472328241,0.836229618548695,-0.548347290851604));
#8894=DIRECTION('',(0.00593916472328241,0.836229618548695,-0.548347290851604));
#8895=DIRECTION('center_axis',(0.999974547136575,0.0059664191980654,-0.0039124060315183));
#8896=DIRECTION('ref_axis',(0.00713477953426061,-0.836223082572194,0.548343004965373));
#8897=DIRECTION('',(0.,-0.548356962220241,-0.836244367385867));
#8898=DIRECTION('',(0.00713477953426061,-0.836223082572194,0.548343004965373));
#8899=DIRECTION('',(0.,-0.548356962220241,-0.836244367385867));
#8900=DIRECTION('center_axis',(0.493808373241216,0.727173642337485,-0.476835175303269));
#8901=DIRECTION('ref_axis',(0.869570750725244,-0.412944470690945,0.270783259469472));
#8902=DIRECTION('',(0.869570750725244,-0.412944470690945,0.270783259469472));
#8903=DIRECTION('',(0.,-0.548356962220241,-0.836244367385867));
#8904=DIRECTION('center_axis',(-0.506166173895356,0.721207223139421,-0.472922769271751));
#8905=DIRECTION('ref_axis',(0.862435971190984,0.423278611881247,-0.2775597454959));
#8906=DIRECTION('',(0.862435971190984,0.423278611881247,-0.2775597454959));
#8907=DIRECTION('',(0.,-0.548356962220241,-0.836244367385867));
#8908=DIRECTION('center_axis',(-0.999974547136575,-0.00596641919806539,
0.00391240603151829));
#8909=DIRECTION('ref_axis',(-0.0071347795342606,0.836223082572194,-0.548343004965373));
#8910=DIRECTION('',(-0.0071347795342606,0.836223082572194,-0.548343004965373));
#8911=DIRECTION('',(0.,-0.548356962220241,-0.836244367385867));
#8912=DIRECTION('center_axis',(-0.493808373241217,-0.727173642337484,0.476835175303269));
#8913=DIRECTION('ref_axis',(-0.869570750725243,0.412944470690946,-0.270783259469473));
#8914=DIRECTION('',(-0.869570750725243,0.412944470690946,-0.270783259469473));
#8915=DIRECTION('',(0.,-0.548356962220241,-0.836244367385867));
#8916=DIRECTION('center_axis',(0.506166173895358,-0.72120722313942,0.472922769271751));
#8917=DIRECTION('ref_axis',(-0.862435971190983,-0.423278611881249,0.277559745495901));
#8918=DIRECTION('',(-0.862435971190983,-0.423278611881249,0.277559745495901));
#8919=DIRECTION('center_axis',(-0.505134649030454,-0.72171279653673,0.473254292810971));
#8920=DIRECTION('ref_axis',(-0.863040547337655,0.422416005023154,-0.276994101654527));
#8921=DIRECTION('',(0.,-0.548356962220241,-0.836244367385867));
#8922=DIRECTION('',(-0.863040547337656,0.422416005023154,-0.276994101654527));
#8923=DIRECTION('',(0.,-0.548356962220241,-0.836244367385867));
#8924=DIRECTION('center_axis',(0.494847713975209,-0.726679389583552,0.476511075136755));
#8925=DIRECTION('ref_axis',(-0.868979712060937,-0.413813613525541,0.271353189197076));
#8926=DIRECTION('',(-0.868979712060937,-0.413813613525541,0.271353189197076));
#8927=DIRECTION('',(0.,-0.548356962220241,-0.836244367385867));
#8928=DIRECTION('center_axis',(0.999982363005663,-0.00496659304682176,0.00325678232578476));
#8929=DIRECTION('ref_axis',(-0.00593916472328241,-0.836229618548695,0.548347290851604));
#8930=DIRECTION('',(-0.00593916472328241,-0.836229618548695,0.548347290851604));
#8931=DIRECTION('',(0.,-0.548356962220241,-0.836244367385867));
#8932=DIRECTION('center_axis',(0.505134649030454,0.72171279653673,-0.473254292810971));
#8933=DIRECTION('ref_axis',(0.863040547337655,-0.422416005023154,0.276994101654527));
#8934=DIRECTION('',(0.863040547337656,-0.422416005023154,0.276994101654527));
#8935=DIRECTION('',(0.,-0.548356962220241,-0.836244367385867));
#8936=DIRECTION('center_axis',(-0.494847713975209,0.726679389583552,-0.476511075136755));
#8937=DIRECTION('ref_axis',(0.868979712060937,0.413813613525541,-0.271353189197076));
#8938=DIRECTION('',(0.868979712060937,0.413813613525541,-0.271353189197076));
#8939=DIRECTION('',(0.,-0.548356962220241,-0.836244367385867));
#8940=DIRECTION('center_axis',(-0.999982363005663,0.00496659304682176,-0.00325678232578476));
#8941=DIRECTION('ref_axis',(0.00593916472328241,0.836229618548695,-0.548347290851604));
#8942=DIRECTION('',(0.00593916472328241,0.836229618548695,-0.548347290851604));
#8943=DIRECTION('center_axis',(0.999974547136575,0.0059664191980654,-0.0039124060315183));
#8944=DIRECTION('ref_axis',(0.00713477953426061,-0.836223082572194,0.548343004965373));
#8945=DIRECTION('',(0.,-0.548356962220241,-0.836244367385867));
#8946=DIRECTION('',(0.00713477953426061,-0.836223082572194,0.548343004965373));
#8947=DIRECTION('',(0.,-0.548356962220241,-0.836244367385867));
#8948=DIRECTION('center_axis',(0.493808373241216,0.727173642337485,-0.476835175303269));
#8949=DIRECTION('ref_axis',(0.869570750725244,-0.412944470690945,0.270783259469472));
#8950=DIRECTION('',(0.869570750725244,-0.412944470690945,0.270783259469472));
#8951=DIRECTION('',(0.,-0.548356962220241,-0.836244367385867));
#8952=DIRECTION('center_axis',(-0.506166173895356,0.721207223139421,-0.472922769271751));
#8953=DIRECTION('ref_axis',(0.862435971190984,0.423278611881247,-0.2775597454959));
#8954=DIRECTION('',(0.862435971190984,0.423278611881247,-0.2775597454959));
#8955=DIRECTION('',(0.,-0.548356962220241,-0.836244367385867));
#8956=DIRECTION('center_axis',(-0.999974547136575,-0.00596641919806539,
0.00391240603151829));
#8957=DIRECTION('ref_axis',(-0.0071347795342606,0.836223082572194,-0.548343004965373));
#8958=DIRECTION('',(-0.0071347795342606,0.836223082572194,-0.548343004965373));
#8959=DIRECTION('',(0.,-0.548356962220241,-0.836244367385867));
#8960=DIRECTION('center_axis',(-0.493808373241217,-0.727173642337484,0.476835175303269));
#8961=DIRECTION('ref_axis',(-0.869570750725243,0.412944470690946,-0.270783259469473));
#8962=DIRECTION('',(-0.869570750725243,0.412944470690946,-0.270783259469473));
#8963=DIRECTION('',(0.,-0.548356962220241,-0.836244367385867));
#8964=DIRECTION('center_axis',(0.506166173895358,-0.72120722313942,0.472922769271751));
#8965=DIRECTION('ref_axis',(-0.862435971190983,-0.423278611881249,0.277559745495901));
#8966=DIRECTION('',(-0.862435971190983,-0.423278611881249,0.277559745495901));
#8967=DIRECTION('center_axis',(-0.505134649030454,-0.72171279653673,0.473254292810971));
#8968=DIRECTION('ref_axis',(-0.863040547337655,0.422416005023154,-0.276994101654527));
#8969=DIRECTION('',(0.,-0.548356962220241,-0.836244367385867));
#8970=DIRECTION('',(-0.863040547337656,0.422416005023154,-0.276994101654527));
#8971=DIRECTION('',(0.,-0.548356962220241,-0.836244367385867));
#8972=DIRECTION('center_axis',(0.494847713975209,-0.726679389583552,0.476511075136755));
#8973=DIRECTION('ref_axis',(-0.868979712060937,-0.413813613525541,0.271353189197076));
#8974=DIRECTION('',(-0.868979712060937,-0.413813613525541,0.271353189197076));
#8975=DIRECTION('',(0.,-0.548356962220241,-0.836244367385867));
#8976=DIRECTION('center_axis',(0.999982363005663,-0.00496659304682176,0.00325678232578476));
#8977=DIRECTION('ref_axis',(-0.00593916472328241,-0.836229618548695,0.548347290851604));
#8978=DIRECTION('',(-0.00593916472328241,-0.836229618548695,0.548347290851604));
#8979=DIRECTION('',(0.,-0.548356962220241,-0.836244367385867));
#8980=DIRECTION('center_axis',(0.505134649030454,0.72171279653673,-0.473254292810971));
#8981=DIRECTION('ref_axis',(0.863040547337655,-0.422416005023154,0.276994101654527));
#8982=DIRECTION('',(0.863040547337656,-0.422416005023154,0.276994101654527));
#8983=DIRECTION('',(0.,-0.548356962220241,-0.836244367385867));
#8984=DIRECTION('center_axis',(-0.494847713975209,0.726679389583552,-0.476511075136755));
#8985=DIRECTION('ref_axis',(0.868979712060937,0.413813613525541,-0.271353189197076));
#8986=DIRECTION('',(0.868979712060937,0.413813613525541,-0.271353189197076));
#8987=DIRECTION('',(0.,-0.548356962220241,-0.836244367385867));
#8988=DIRECTION('center_axis',(-0.999982363005663,0.00496659304682176,-0.00325678232578476));
#8989=DIRECTION('ref_axis',(0.00593916472328241,0.836229618548695,-0.548347290851604));
#8990=DIRECTION('',(0.00593916472328241,0.836229618548695,-0.548347290851604));
#8991=DIRECTION('center_axis',(0.999974547136575,0.0059664191980654,-0.0039124060315183));
#8992=DIRECTION('ref_axis',(0.00713477953426061,-0.836223082572194,0.548343004965373));
#8993=DIRECTION('',(0.,-0.548356962220241,-0.836244367385867));
#8994=DIRECTION('',(0.00713477953426061,-0.836223082572194,0.548343004965373));
#8995=DIRECTION('',(0.,-0.548356962220241,-0.836244367385867));
#8996=DIRECTION('center_axis',(0.493808373241216,0.727173642337485,-0.476835175303269));
#8997=DIRECTION('ref_axis',(0.869570750725244,-0.412944470690945,0.270783259469472));
#8998=DIRECTION('',(0.869570750725244,-0.412944470690945,0.270783259469472));
#8999=DIRECTION('',(0.,-0.548356962220241,-0.836244367385867));
#9000=DIRECTION('center_axis',(-0.506166173895356,0.721207223139421,-0.472922769271751));
#9001=DIRECTION('ref_axis',(0.862435971190984,0.423278611881247,-0.2775597454959));
#9002=DIRECTION('',(0.862435971190984,0.423278611881247,-0.2775597454959));
#9003=DIRECTION('',(0.,-0.548356962220241,-0.836244367385867));
#9004=DIRECTION('center_axis',(-0.999974547136575,-0.00596641919806539,
0.00391240603151829));
#9005=DIRECTION('ref_axis',(-0.0071347795342606,0.836223082572194,-0.548343004965373));
#9006=DIRECTION('',(-0.0071347795342606,0.836223082572194,-0.548343004965373));
#9007=DIRECTION('',(0.,-0.548356962220241,-0.836244367385867));
#9008=DIRECTION('center_axis',(-0.493808373241217,-0.727173642337484,0.476835175303269));
#9009=DIRECTION('ref_axis',(-0.869570750725243,0.412944470690946,-0.270783259469473));
#9010=DIRECTION('',(-0.869570750725243,0.412944470690946,-0.270783259469473));
#9011=DIRECTION('',(0.,-0.548356962220241,-0.836244367385867));
#9012=DIRECTION('center_axis',(0.506166173895358,-0.72120722313942,0.472922769271751));
#9013=DIRECTION('ref_axis',(-0.862435971190983,-0.423278611881249,0.277559745495901));
#9014=DIRECTION('',(-0.862435971190983,-0.423278611881249,0.277559745495901));
#9015=DIRECTION('center_axis',(-0.505134649030454,-0.72171279653673,0.473254292810971));
#9016=DIRECTION('ref_axis',(-0.863040547337655,0.422416005023154,-0.276994101654527));
#9017=DIRECTION('',(0.,-0.548356962220241,-0.836244367385867));
#9018=DIRECTION('',(-0.863040547337656,0.422416005023154,-0.276994101654527));
#9019=DIRECTION('',(0.,-0.548356962220241,-0.836244367385867));
#9020=DIRECTION('center_axis',(0.494847713975209,-0.726679389583552,0.476511075136755));
#9021=DIRECTION('ref_axis',(-0.868979712060937,-0.413813613525541,0.271353189197076));
#9022=DIRECTION('',(-0.868979712060937,-0.413813613525541,0.271353189197076));
#9023=DIRECTION('',(0.,-0.548356962220241,-0.836244367385867));
#9024=DIRECTION('center_axis',(0.999982363005663,-0.00496659304682176,0.00325678232578476));
#9025=DIRECTION('ref_axis',(-0.00593916472328241,-0.836229618548695,0.548347290851604));
#9026=DIRECTION('',(-0.00593916472328241,-0.836229618548695,0.548347290851604));
#9027=DIRECTION('',(0.,-0.548356962220241,-0.836244367385867));
#9028=DIRECTION('center_axis',(0.505134649030454,0.72171279653673,-0.473254292810971));
#9029=DIRECTION('ref_axis',(0.863040547337655,-0.422416005023154,0.276994101654527));
#9030=DIRECTION('',(0.863040547337656,-0.422416005023154,0.276994101654527));
#9031=DIRECTION('',(0.,-0.548356962220241,-0.836244367385867));
#9032=DIRECTION('center_axis',(-0.494847713975209,0.726679389583552,-0.476511075136755));
#9033=DIRECTION('ref_axis',(0.868979712060937,0.413813613525541,-0.271353189197076));
#9034=DIRECTION('',(0.868979712060937,0.413813613525541,-0.271353189197076));
#9035=DIRECTION('',(0.,-0.548356962220241,-0.836244367385867));
#9036=DIRECTION('center_axis',(-0.999982363005663,0.00496659304682176,-0.00325678232578476));
#9037=DIRECTION('ref_axis',(0.00593916472328241,0.836229618548695,-0.548347290851604));
#9038=DIRECTION('',(0.00593916472328241,0.836229618548695,-0.548347290851604));
#9039=DIRECTION('center_axis',(0.999974547136575,0.0059664191980654,-0.0039124060315183));
#9040=DIRECTION('ref_axis',(0.00713477953426061,-0.836223082572194,0.548343004965373));
#9041=DIRECTION('',(0.,-0.548356962220241,-0.836244367385867));
#9042=DIRECTION('',(0.00713477953426061,-0.836223082572194,0.548343004965373));
#9043=DIRECTION('',(0.,-0.548356962220241,-0.836244367385867));
#9044=DIRECTION('center_axis',(0.493808373241216,0.727173642337485,-0.476835175303269));
#9045=DIRECTION('ref_axis',(0.869570750725244,-0.412944470690945,0.270783259469472));
#9046=DIRECTION('',(0.869570750725244,-0.412944470690945,0.270783259469472));
#9047=DIRECTION('',(0.,-0.548356962220241,-0.836244367385867));
#9048=DIRECTION('center_axis',(-0.506166173895356,0.721207223139421,-0.472922769271751));
#9049=DIRECTION('ref_axis',(0.862435971190984,0.423278611881247,-0.2775597454959));
#9050=DIRECTION('',(0.862435971190984,0.423278611881247,-0.2775597454959));
#9051=DIRECTION('',(0.,-0.548356962220241,-0.836244367385867));
#9052=DIRECTION('center_axis',(-0.999974547136575,-0.00596641919806539,
0.00391240603151829));
#9053=DIRECTION('ref_axis',(-0.0071347795342606,0.836223082572194,-0.548343004965373));
#9054=DIRECTION('',(-0.0071347795342606,0.836223082572194,-0.548343004965373));
#9055=DIRECTION('',(0.,-0.548356962220241,-0.836244367385867));
#9056=DIRECTION('center_axis',(-0.493808373241217,-0.727173642337484,0.476835175303269));
#9057=DIRECTION('ref_axis',(-0.869570750725243,0.412944470690946,-0.270783259469473));
#9058=DIRECTION('',(-0.869570750725243,0.412944470690946,-0.270783259469473));
#9059=DIRECTION('',(0.,-0.548356962220241,-0.836244367385867));
#9060=DIRECTION('center_axis',(0.506166173895358,-0.72120722313942,0.472922769271751));
#9061=DIRECTION('ref_axis',(-0.862435971190983,-0.423278611881249,0.277559745495901));
#9062=DIRECTION('',(-0.862435971190983,-0.423278611881249,0.277559745495901));
#9063=DIRECTION('center_axis',(-0.505134649030454,-0.72171279653673,0.473254292810971));
#9064=DIRECTION('ref_axis',(-0.863040547337655,0.422416005023154,-0.276994101654527));
#9065=DIRECTION('',(0.,-0.548356962220241,-0.836244367385867));
#9066=DIRECTION('',(-0.863040547337656,0.422416005023154,-0.276994101654527));
#9067=DIRECTION('',(0.,-0.548356962220241,-0.836244367385867));
#9068=DIRECTION('center_axis',(0.494847713975209,-0.726679389583552,0.476511075136755));
#9069=DIRECTION('ref_axis',(-0.868979712060937,-0.413813613525541,0.271353189197076));
#9070=DIRECTION('',(-0.868979712060937,-0.413813613525541,0.271353189197076));
#9071=DIRECTION('',(0.,-0.548356962220241,-0.836244367385867));
#9072=DIRECTION('center_axis',(0.999982363005663,-0.00496659304682176,0.00325678232578476));
#9073=DIRECTION('ref_axis',(-0.00593916472328241,-0.836229618548695,0.548347290851604));
#9074=DIRECTION('',(-0.00593916472328241,-0.836229618548695,0.548347290851604));
#9075=DIRECTION('',(0.,-0.548356962220241,-0.836244367385867));
#9076=DIRECTION('center_axis',(0.505134649030454,0.72171279653673,-0.473254292810971));
#9077=DIRECTION('ref_axis',(0.863040547337655,-0.422416005023154,0.276994101654527));
#9078=DIRECTION('',(0.863040547337656,-0.422416005023154,0.276994101654527));
#9079=DIRECTION('',(0.,-0.548356962220241,-0.836244367385867));
#9080=DIRECTION('center_axis',(-0.494847713975209,0.726679389583552,-0.476511075136755));
#9081=DIRECTION('ref_axis',(0.868979712060937,0.413813613525541,-0.271353189197076));
#9082=DIRECTION('',(0.868979712060937,0.413813613525541,-0.271353189197076));
#9083=DIRECTION('',(0.,-0.548356962220241,-0.836244367385867));
#9084=DIRECTION('center_axis',(-0.999982363005663,0.00496659304682176,-0.00325678232578476));
#9085=DIRECTION('ref_axis',(0.00593916472328241,0.836229618548695,-0.548347290851604));
#9086=DIRECTION('',(0.00593916472328241,0.836229618548695,-0.548347290851604));
#9087=DIRECTION('center_axis',(-0.505134649030454,-0.72171279653673,0.473254292810971));
#9088=DIRECTION('ref_axis',(-0.863040547337655,0.422416005023154,-0.276994101654527));
#9089=DIRECTION('',(0.,-0.548356962220241,-0.836244367385867));
#9090=DIRECTION('',(-0.863040547337656,0.422416005023154,-0.276994101654527));
#9091=DIRECTION('',(0.,-0.548356962220241,-0.836244367385867));
#9092=DIRECTION('center_axis',(0.494847713975209,-0.726679389583552,0.476511075136755));
#9093=DIRECTION('ref_axis',(-0.868979712060937,-0.413813613525541,0.271353189197076));
#9094=DIRECTION('',(-0.868979712060937,-0.413813613525541,0.271353189197076));
#9095=DIRECTION('',(0.,-0.548356962220241,-0.836244367385867));
#9096=DIRECTION('center_axis',(0.999982363005663,-0.00496659304682176,0.00325678232578476));
#9097=DIRECTION('ref_axis',(-0.00593916472328241,-0.836229618548695,0.548347290851604));
#9098=DIRECTION('',(-0.00593916472328241,-0.836229618548695,0.548347290851604));
#9099=DIRECTION('',(0.,-0.548356962220241,-0.836244367385867));
#9100=DIRECTION('center_axis',(0.505134649030454,0.72171279653673,-0.473254292810971));
#9101=DIRECTION('ref_axis',(0.863040547337655,-0.422416005023154,0.276994101654527));
#9102=DIRECTION('',(0.863040547337656,-0.422416005023154,0.276994101654527));
#9103=DIRECTION('',(0.,-0.548356962220241,-0.836244367385867));
#9104=DIRECTION('center_axis',(-0.494847713975209,0.726679389583552,-0.476511075136755));
#9105=DIRECTION('ref_axis',(0.868979712060937,0.413813613525541,-0.271353189197076));
#9106=DIRECTION('',(0.868979712060937,0.413813613525541,-0.271353189197076));
#9107=DIRECTION('',(0.,-0.548356962220241,-0.836244367385867));
#9108=DIRECTION('center_axis',(-0.999982363005663,0.00496659304682176,-0.00325678232578476));
#9109=DIRECTION('ref_axis',(0.00593916472328241,0.836229618548695,-0.548347290851604));
#9110=DIRECTION('',(0.00593916472328241,0.836229618548695,-0.548347290851604));
#9111=DIRECTION('center_axis',(0.999974547136575,0.0059664191980654,-0.0039124060315183));
#9112=DIRECTION('ref_axis',(0.00713477953426061,-0.836223082572194,0.548343004965373));
#9113=DIRECTION('',(0.,-0.548356962220241,-0.836244367385867));
#9114=DIRECTION('',(0.00713477953426061,-0.836223082572194,0.548343004965373));
#9115=DIRECTION('',(0.,-0.548356962220241,-0.836244367385867));
#9116=DIRECTION('center_axis',(0.493808373241216,0.727173642337485,-0.476835175303269));
#9117=DIRECTION('ref_axis',(0.869570750725244,-0.412944470690945,0.270783259469472));
#9118=DIRECTION('',(0.869570750725244,-0.412944470690945,0.270783259469472));
#9119=DIRECTION('',(0.,-0.548356962220241,-0.836244367385867));
#9120=DIRECTION('center_axis',(-0.506166173895356,0.721207223139421,-0.472922769271751));
#9121=DIRECTION('ref_axis',(0.862435971190984,0.423278611881247,-0.2775597454959));
#9122=DIRECTION('',(0.862435971190984,0.423278611881247,-0.2775597454959));
#9123=DIRECTION('',(0.,-0.548356962220241,-0.836244367385867));
#9124=DIRECTION('center_axis',(-0.999974547136575,-0.00596641919806539,
0.00391240603151829));
#9125=DIRECTION('ref_axis',(-0.0071347795342606,0.836223082572194,-0.548343004965373));
#9126=DIRECTION('',(-0.0071347795342606,0.836223082572194,-0.548343004965373));
#9127=DIRECTION('',(0.,-0.548356962220241,-0.836244367385867));
#9128=DIRECTION('center_axis',(-0.493808373241217,-0.727173642337484,0.476835175303269));
#9129=DIRECTION('ref_axis',(-0.869570750725243,0.412944470690946,-0.270783259469473));
#9130=DIRECTION('',(-0.869570750725243,0.412944470690946,-0.270783259469473));
#9131=DIRECTION('',(0.,-0.548356962220241,-0.836244367385867));
#9132=DIRECTION('center_axis',(0.506166173895358,-0.72120722313942,0.472922769271751));
#9133=DIRECTION('ref_axis',(-0.862435971190983,-0.423278611881249,0.277559745495901));
#9134=DIRECTION('',(-0.862435971190983,-0.423278611881249,0.277559745495901));
#9135=DIRECTION('center_axis',(1.84889274661175E-32,0.548356962220241,0.836244367385867));
#9136=DIRECTION('ref_axis',(-1.,0.,2.21094792230584E-32));
#9137=DIRECTION('center_axis',(1.84889274661175E-32,0.548356962220241,0.836244367385867));
#9138=DIRECTION('ref_axis',(-1.,0.,2.21094792230584E-32));
#9139=DIRECTION('',(1.84889274661175E-32,0.548356962220241,0.836244367385867));
#9140=DIRECTION('center_axis',(1.84889274661175E-32,0.548356962220241,0.836244367385867));
#9141=DIRECTION('ref_axis',(-1.,0.,2.21094792230584E-32));
#9142=DIRECTION('center_axis',(1.84889274661175E-32,0.548356962220241,0.836244367385867));
#9143=DIRECTION('ref_axis',(-1.,0.,2.21094792230584E-32));
#9144=DIRECTION('center_axis',(1.84889274661175E-32,0.548356962220241,0.836244367385867));
#9145=DIRECTION('ref_axis',(-1.,0.,2.21094792230584E-32));
#9146=DIRECTION('center_axis',(1.84889274661175E-32,0.548356962220241,0.836244367385867));
#9147=DIRECTION('ref_axis',(-1.,0.,2.21094792230584E-32));
#9148=DIRECTION('',(1.84889274661175E-32,0.548356962220241,0.836244367385867));
#9149=DIRECTION('center_axis',(1.84889274661175E-32,0.548356962220241,0.836244367385867));
#9150=DIRECTION('ref_axis',(-1.,0.,2.21094792230584E-32));
#9151=DIRECTION('center_axis',(1.84889274661175E-32,0.548356962220241,0.836244367385867));
#9152=DIRECTION('ref_axis',(-1.,0.,2.21094792230584E-32));
#9153=DIRECTION('center_axis',(-1.85874250876695E-32,-0.548356962220241,
-0.836244367385867));
#9154=DIRECTION('ref_axis',(-1.,-2.80009136705094E-16,1.83612548659078E-16));
#9155=DIRECTION('',(0.,0.54835696222024,0.836244367385868));
#9156=DIRECTION('center_axis',(-1.84889274661175E-32,-0.548356962220241,
-0.836244367385867));
#9157=DIRECTION('ref_axis',(1.,-1.01385321000305E-32,-1.54612614525466E-32));
#9158=DIRECTION('center_axis',(-1.85874250876695E-32,-0.548356962220241,
-0.836244367385867));
#9159=DIRECTION('ref_axis',(1.,2.80009136705094E-16,-1.83612548659078E-16));
#9160=DIRECTION('',(0.,0.54835696222024,0.836244367385868));
#9161=DIRECTION('center_axis',(-1.84889274661175E-32,-0.548356962220241,
-0.836244367385867));
#9162=DIRECTION('ref_axis',(1.,-1.01385321000305E-32,-1.54612614525466E-32));
#9163=DIRECTION('center_axis',(1.,0.,0.));
#9164=DIRECTION('ref_axis',(0.,-0.836244367385867,0.548356962220241));
#9165=DIRECTION('',(0.,-0.548356962220241,-0.836244367385867));
#9166=DIRECTION('',(0.,-0.836244367385867,0.548356962220241));
#9167=DIRECTION('',(0.,-0.548356962220241,-0.836244367385867));
#9168=DIRECTION('center_axis',(0.,0.836244367385867,-0.548356962220241));
#9169=DIRECTION('ref_axis',(1.,0.,0.));
#9170=DIRECTION('',(1.,0.,0.));
#9171=DIRECTION('',(0.,-0.548356962220241,-0.836244367385867));
#9172=DIRECTION('center_axis',(-1.,0.,0.));
#9173=DIRECTION('ref_axis',(0.,0.836244367385867,-0.548356962220241));
#9174=DIRECTION('',(0.,0.836244367385867,-0.548356962220241));
#9175=DIRECTION('',(0.,-0.548356962220241,-0.836244367385867));
#9176=DIRECTION('center_axis',(0.,-0.836244367385867,0.548356962220241));
#9177=DIRECTION('ref_axis',(-1.,0.,0.));
#9178=DIRECTION('',(-1.,0.,0.));
#9179=DIRECTION('center_axis',(-1.,0.,0.));
#9180=DIRECTION('ref_axis',(0.,0.,-1.));
#9181=DIRECTION('',(0.,0.,1.));
#9182=DIRECTION('',(0.,0.,-1.));
#9183=DIRECTION('center_axis',(1.,0.,0.));
#9184=DIRECTION('ref_axis',(0.,0.,1.));
#9185=DIRECTION('',(0.,0.,1.));
#9186=DIRECTION('',(0.,0.,-1.));
#9187=DIRECTION('center_axis',(0.,-1.,0.));
#9188=DIRECTION('ref_axis',(1.,0.,0.));
#9189=DIRECTION('',(1.,0.,0.));
#9190=DIRECTION('center_axis',(0.,-1.,0.));
#9191=DIRECTION('ref_axis',(1.,0.,0.));
#9192=DIRECTION('',(0.,0.,1.));
#9193=DIRECTION('',(1.,0.,0.));
#9194=DIRECTION('center_axis',(0.,-1.,0.));
#9195=DIRECTION('ref_axis',(1.,0.,0.));
#9196=DIRECTION('',(1.,0.,0.));
#9197=DIRECTION('center_axis',(-1.,0.,0.));
#9198=DIRECTION('ref_axis',(0.,0.,-1.));
#9199=DIRECTION('',(0.,0.,1.));
#9200=DIRECTION('',(0.,0.,-1.));
#9201=DIRECTION('center_axis',(1.,0.,0.));
#9202=DIRECTION('ref_axis',(0.,0.,1.));
#9203=DIRECTION('',(0.,0.,1.));
#9204=DIRECTION('',(0.,0.,-1.));
#9205=DIRECTION('center_axis',(0.,-1.,0.));
#9206=DIRECTION('ref_axis',(1.,0.,0.));
#9207=DIRECTION('',(1.,0.,0.));
#9208=DIRECTION('center_axis',(0.,-1.,0.));
#9209=DIRECTION('ref_axis',(1.,0.,0.));
#9210=DIRECTION('',(0.,0.,1.));
#9211=DIRECTION('',(1.,0.,0.));
#9212=DIRECTION('center_axis',(0.,-1.,0.));
#9213=DIRECTION('ref_axis',(1.,0.,0.));
#9214=DIRECTION('',(1.,0.,0.));
#9215=DIRECTION('',(0.,0.,1.));
#9216=DIRECTION('center_axis',(0.,0.,1.));
#9217=DIRECTION('ref_axis',(0.707106781186546,0.707106781186549,0.));
#9218=DIRECTION('',(0.,0.,1.));
#9219=DIRECTION('center_axis',(0.,0.,-1.));
#9220=DIRECTION('ref_axis',(0.707106781186546,0.707106781186549,0.));
#9221=DIRECTION('',(0.,0.,1.));
#9222=DIRECTION('center_axis',(0.,-0.548356962220241,-0.836244367385867));
#9223=DIRECTION('ref_axis',(0.,0.836244367385867,-0.548356962220241));
#9224=DIRECTION('',(0.,0.,1.));
#9225=DIRECTION('center_axis',(1.,0.,0.));
#9226=DIRECTION('ref_axis',(0.,1.,0.));
#9227=DIRECTION('',(0.,0.,1.));
#9228=DIRECTION('',(0.,-1.,0.));
#9229=DIRECTION('center_axis',(7.76101006379255E-7,-0.999999999999699,0.));
#9230=DIRECTION('ref_axis',(0.999999999999699,7.76101006379254E-7,0.));
#9231=DIRECTION('',(0.999999999999699,7.76101006379254E-7,0.));
#9232=DIRECTION('center_axis',(-1.,0.,0.));
#9233=DIRECTION('ref_axis',(0.,-1.,0.));
#9234=DIRECTION('',(0.,0.,1.));
#9235=DIRECTION('',(0.,1.,0.));
#9236=DIRECTION('center_axis',(0.,0.,1.));
#9237=DIRECTION('ref_axis',(1.,0.,0.));
#9238=DIRECTION('',(-1.,0.,0.));
#9239=DIRECTION('center_axis',(-1.,0.,0.));
#9240=DIRECTION('ref_axis',(0.,-1.,0.));
#9241=DIRECTION('',(0.,0.,1.));
#9242=DIRECTION('',(0.,1.,0.));
#9243=DIRECTION('center_axis',(0.,0.,1.));
#9244=DIRECTION('ref_axis',(-0.707106781186548,0.707106781186548,0.));
#9245=DIRECTION('',(0.,0.,1.));
#9246=DIRECTION('center_axis',(0.,0.,-1.));
#9247=DIRECTION('ref_axis',(-0.707106781186548,0.707106781186548,0.));
#9248=DIRECTION('center_axis',(0.,-0.548356962220241,-0.836244367385867));
#9249=DIRECTION('ref_axis',(0.,0.836244367385867,-0.548356962220241));
#9250=DIRECTION('center_axis',(0.,1.,0.));
#9251=DIRECTION('ref_axis',(-1.,0.,0.));
#9252=DIRECTION('',(-1.,0.,0.));
#9253=DIRECTION('',(1.,0.,0.));
#9254=DIRECTION('center_axis',(0.,0.,1.));
#9255=DIRECTION('ref_axis',(1.,0.,0.));
#9256=DIRECTION('center_axis',(-1.43409672307624E-16,0.,1.));
#9257=DIRECTION('ref_axis',(0.707106781186549,-0.707106781186546,0.));
#9258=DIRECTION('center_axis',(-7.55896527404362E-17,0.,-1.));
#9259=DIRECTION('ref_axis',(0.707106781186549,-0.707106781186546,0.));
#9260=DIRECTION('',(1.43409672307624E-16,0.,-1.));
#9261=DIRECTION('',(0.,0.,1.));
#9262=DIRECTION('center_axis',(7.55896527404362E-17,0.,1.));
#9263=DIRECTION('ref_axis',(0.707106781186549,-0.707106781186546,0.));
#9264=DIRECTION('',(-1.43409672307624E-16,0.,1.));
#9265=DIRECTION('center_axis',(-7.55896527404362E-17,0.,-1.));
#9266=DIRECTION('ref_axis',(-1.,0.,7.55896527404362E-17));
#9267=DIRECTION('',(0.,1.,0.));
#9268=DIRECTION('',(0.,1.,0.));
#9269=DIRECTION('center_axis',(0.,-1.,0.));
#9270=DIRECTION('ref_axis',(1.,0.,0.));
#9271=DIRECTION('',(-1.,0.,7.55896527404362E-17));
#9272=DIRECTION('',(-2.67949651620502E-17,0.,1.));
#9273=DIRECTION('',(1.,0.,-7.55896527404362E-17));
#9274=DIRECTION('',(-1.58898386235173E-17,0.,-1.));
#9275=DIRECTION('',(-1.,0.,0.));
#9276=DIRECTION('center_axis',(-2.67949651620502E-17,0.,1.));
#9277=DIRECTION('ref_axis',(-0.707106781186548,-0.707106781186547,0.));
#9278=DIRECTION('center_axis',(-7.55896527404362E-17,0.,-1.));
#9279=DIRECTION('ref_axis',(-0.707106781186548,-0.707106781186547,0.));
#9280=DIRECTION('center_axis',(7.55896527404362E-17,0.,1.));
#9281=DIRECTION('ref_axis',(-0.707106781186548,-0.707106781186547,0.));
#9282=DIRECTION('center_axis',(-7.55896527404362E-17,0.,-1.));
#9283=DIRECTION('ref_axis',(-1.,0.,7.55896527404362E-17));
#9284=DIRECTION('',(0.,1.,0.));
#9285=DIRECTION('center_axis',(9.08342476556309E-12,-0.836244367385867,
0.548356962220242));
#9286=DIRECTION('ref_axis',(1.,7.59596279677543E-12,-4.98095921100028E-12));
#9287=DIRECTION('',(1.,1.08621655580871E-11,0.));
#9288=DIRECTION('',(0.,0.548356962220242,0.836244367385867));
#9289=DIRECTION('',(1.,7.59596279677543E-12,-4.98095921100028E-12));
#9290=DIRECTION('center_axis',(1.,0.,0.));
#9291=DIRECTION('ref_axis',(0.,0.836244367385867,-0.548356962220241));
#9292=DIRECTION('',(0.,1.,0.));
#9293=DIRECTION('',(0.,0.836244367385867,-0.548356962220241));
#9294=DIRECTION('center_axis',(1.,0.,-1.58898386235173E-17));
#9295=DIRECTION('ref_axis',(-1.58898386235173E-17,0.,-1.));
#9296=DIRECTION('',(-1.32877880475868E-17,-0.548356962220242,-0.836244367385867));
#9297=DIRECTION('',(0.,1.,0.));
#9298=DIRECTION('center_axis',(0.,0.,-1.));
#9299=DIRECTION('ref_axis',(-1.,0.,0.));
#9300=DIRECTION('',(-1.,9.23568625069649E-17,0.));
#9301=DIRECTION('',(0.,1.,0.));
#9302=DIRECTION('center_axis',(-1.,0.,0.));
#9303=DIRECTION('ref_axis',(0.,0.,1.));
#9304=DIRECTION('',(0.,0.548356962220242,0.836244367385867));
#9305=DIRECTION('center_axis',(-1.,0.,0.));
#9306=DIRECTION('ref_axis',(0.,0.,1.));
#9307=DIRECTION('',(0.,0.836244367385867,-0.548356962220241));
#9308=DIRECTION('',(0.,1.,0.));
#9309=DIRECTION('',(0.,0.,1.));
#9310=DIRECTION('center_axis',(7.55896527404362E-17,0.,1.));
#9311=DIRECTION('ref_axis',(1.,0.,-7.55896527404362E-17));
#9312=DIRECTION('',(0.,1.,0.));
#9313=DIRECTION('',(1.,0.,-7.55896527404362E-17));
#9314=DIRECTION('',(1.,8.11386530706124E-10,-5.32052491368671E-10));
#9315=DIRECTION('center_axis',(0.,1.,0.));
#9316=DIRECTION('ref_axis',(0.,0.,1.));
#9317=DIRECTION('',(1.,0.,0.));
#9318=DIRECTION('',(0.,0.,-1.));
#9319=DIRECTION('center_axis',(0.,0.548356962220241,0.836244367385867));
#9320=DIRECTION('ref_axis',(-1.,0.,0.));
#9321=DIRECTION('',(2.61526126570861E-16,0.836244367385867,-0.548356962220241));
#9322=DIRECTION('center_axis',(1.,-2.18699750269125E-16,1.43409672307624E-16));
#9323=DIRECTION('ref_axis',(2.61526126570861E-16,0.836244367385867,-0.548356962220241));
#9324=DIRECTION('center_axis',(-7.72329060608804E-17,-0.836244367385867,
0.548356962220242));
#9325=DIRECTION('ref_axis',(1.,-1.06936784420006E-16,-2.22343809173878E-17));
#9326=CARTESIAN_POINT('',(0.,0.,0.));
#9327=CARTESIAN_POINT('Origin',(29.5,62.4999986030161,32.));
#9328=CARTESIAN_POINT('',(29.5,65.,33.0000011268698));
#9329=CARTESIAN_POINT('',(29.5,62.4999986030161,34.6393463052199));
#9330=CARTESIAN_POINT('',(29.5,64.3551491779163,33.4228541249575));
#9331=CARTESIAN_POINT('',(29.5,62.4999986030161,32.));
#9332=CARTESIAN_POINT('',(29.5,62.4999986030161,32.));
#9333=CARTESIAN_POINT('',(29.5,65.,32.));
#9334=CARTESIAN_POINT('',(29.5,49.6249999152496,32.));
#9335=CARTESIAN_POINT('',(29.5,65.,32.));
#9336=CARTESIAN_POINT('Origin',(3.33066907387547E-15,61.,35.6229519465419));
#9337=CARTESIAN_POINT('',(3.33066907387547E-15,61.,35.6229519465419));
#9338=CARTESIAN_POINT('',(3.33066907387547E-15,61.,38.0145973530779));
#9339=CARTESIAN_POINT('',(3.33066907387547E-15,61.,32.));
#9340=CARTESIAN_POINT('',(0.,4.1999999046622,72.8688536484028));
#9341=CARTESIAN_POINT('',(3.33066907387547E-15,61.,35.6229519465419));
#9342=CARTESIAN_POINT('',(0.,4.,72.8688536484028));
#9343=CARTESIAN_POINT('',(0.,0.,72.8688536484028));
#9344=CARTESIAN_POINT('',(0.,4.,74.5413423831745));
#9345=CARTESIAN_POINT('',(5.55111512312578E-16,4.,54.6640249811653));
#9346=CARTESIAN_POINT('',(0.,5.0107156631389,74.5413423831745));
#9347=CARTESIAN_POINT('',(0.,0.,74.5413423831745));
#9348=CARTESIAN_POINT('',(0.,5.09671398404513,74.6724898225565));
#9349=CARTESIAN_POINT('',(-8.99118835135622E-32,4.00000005960464,73.0000010877848));
#9350=CARTESIAN_POINT('',(3.33066907387547E-15,62.0967139244405,37.2954406813137));
#9351=CARTESIAN_POINT('Origin',(60.,34.3540496515762,53.0957062733772));
#9352=CARTESIAN_POINT('',(47.0000007003546,62.4999986030161,34.6393463052199));
#9353=CARTESIAN_POINT('',(47.0000007003546,60.4999986030161,35.9508217150559));
#9354=CARTESIAN_POINT('',(47.0000007003546,47.9270241272962,44.1953951417575));
#9355=CARTESIAN_POINT('',(113.952909729708,60.4999986030161,35.9508217150559));
#9356=CARTESIAN_POINT('',(53.5000003501773,60.4999986030161,35.9508217150559));
#9357=CARTESIAN_POINT('',(113.952909729708,62.4999986030161,34.6393463052199));
#9358=CARTESIAN_POINT('',(113.952909729708,48.0773718063039,44.0968064997853));
#9359=CARTESIAN_POINT('',(116.999997384846,62.4999986030161,34.6393463052199));
#9360=CARTESIAN_POINT('',(46.75,62.4999986030161,34.6393463052199));
#9361=CARTESIAN_POINT('',(117.5,62.4999989910687,34.6393460507592));
#9362=CARTESIAN_POINT('',(88.499983745611,62.4999764841269,34.6393608094096));
#9363=CARTESIAN_POINT('',(117.5,64.7080992435478,33.1914114589696));
#9364=CARTESIAN_POINT('',(117.5,49.0321741393879,43.4707066092384));
#9365=CARTESIAN_POINT('',(120.,61.,35.6229519465419));
#9366=CARTESIAN_POINT('Origin',(116.,61.,35.6229519465419));
#9367=CARTESIAN_POINT('',(120.,4.19999990466219,72.8688536484028));
#9368=CARTESIAN_POINT('',(120.,4.19999990466219,72.8688536484028));
#9369=CARTESIAN_POINT('',(116.,4.19999990466219,72.8688536484028));
#9370=CARTESIAN_POINT('',(117.5,4.19999990466219,72.8688536484028));
#9371=CARTESIAN_POINT('',(4.00097780126178,4.19999990466221,72.8688536484028));
#9372=CARTESIAN_POINT('',(117.5,4.19999990466219,72.8688536484028));
#9373=CARTESIAN_POINT('',(2.5,4.1999999046622,72.8688536484028));
#9374=CARTESIAN_POINT('',(117.5,4.19999990466219,72.8688536484028));
#9375=CARTESIAN_POINT('',(0.000977801261772271,4.19999990263453,72.8688536497324));
#9376=CARTESIAN_POINT('',(0.000977801261772271,4.19999990263453,72.8688536497324));
#9377=CARTESIAN_POINT('',(31.25,4.19999990466219,72.8688536484028));
#9378=CARTESIAN_POINT('',(2.5,64.7080992435478,33.1914114589696));
#9379=CARTESIAN_POINT('Origin',(4.,61.,35.6229519465419));
#9380=CARTESIAN_POINT('',(2.5,62.4999986030161,34.6393463052199));
#9381=CARTESIAN_POINT('',(2.5,49.8042415176509,42.9644329185741));
#9382=CARTESIAN_POINT('',(17.0000002533197,62.4999986030161,34.6393463052199));
#9383=CARTESIAN_POINT('',(31.25,62.4999986030161,34.6393463052199));
#9384=CARTESIAN_POINT('',(17.0000002533197,60.4999986030161,35.9508217150559));
#9385=CARTESIAN_POINT('',(17.0000002533197,47.9270241272962,44.1953951417575));
#9386=CARTESIAN_POINT('',(28.5697316912681,60.4999986030161,35.9508217150559));
#9387=CARTESIAN_POINT('',(38.5000001266599,60.4999986030161,35.9508217150559));
#9388=CARTESIAN_POINT('',(28.5697316912681,62.4999986030161,34.6393463052199));
#9389=CARTESIAN_POINT('',(28.5697316912681,48.0773718063039,44.0968064997853));
#9390=CARTESIAN_POINT('',(31.25,62.4999986030161,34.6393463052199));
#9391=CARTESIAN_POINT('',(33.5,65.,33.0000011268698));
#9392=CARTESIAN_POINT('',(33.5,65.,33.0000011268698));
#9393=CARTESIAN_POINT('',(33.5,62.4999986030161,34.6393463052199));
#9394=CARTESIAN_POINT('',(33.5,49.9063052946438,42.8975058516935));
#9395=CARTESIAN_POINT('',(46.75,62.4999986030161,34.6393463052199));
#9396=CARTESIAN_POINT('',(61.8912894242049,45.5333359617366,45.7650267257311));
#9397=CARTESIAN_POINT('',(61.9126937628077,43.02466671402,47.4100557406272));
#9398=CARTESIAN_POINT('',(61.9496326931984,38.6952846931814,50.2489947706852));
#9399=CARTESIAN_POINT('',(64.5214060149834,41.7858333019472,48.2224055190356));
#9400=CARTESIAN_POINT('',(64.7200332813614,41.6915085660809,48.2842578048496));
#9401=CARTESIAN_POINT('',(67.1087139285564,43.0556691375909,47.3897262825479));
#9402=CARTESIAN_POINT('',(62.1937903484144,40.6434529267666,48.9715074043999));
#9403=CARTESIAN_POINT('',(67.0873095899536,45.5643383853075,45.7446972676518));
#9404=CARTESIAN_POINT('',(67.1349506896457,39.9806217406106,49.4061508051579));
#9405=CARTESIAN_POINT('',(64.4785973377778,46.8031717973803,44.9323474892434));
#9406=CARTESIAN_POINT('',(65.9815807302436,46.0894303554776,45.4003746642615));
#9407=CARTESIAN_POINT('',(58.2700198008494,43.7560376687341,46.9304682293392));
#9408=CARTESIAN_POINT('',(64.6069407604094,50.9715318530146,42.1989966330897));
#9409=CARTESIAN_POINT('',(62.0178191183964,52.238779868084,41.3680143281262));
#9410=CARTESIAN_POINT('',(65.9281859612097,50.3248471507723,42.6230521755437));
#9411=CARTESIAN_POINT('',(59.4108799822136,50.9973390275074,42.1820738957174));
#9412=CARTESIAN_POINT('',(55.3541631948067,49.065504935702,43.4488503493603));
#9413=CARTESIAN_POINT('',(59.3930624880437,48.4886501718613,43.8271157682722));
#9414=CARTESIAN_POINT('',(59.3428807825589,41.4231063806205,48.4602592379383));
#9415=CARTESIAN_POINT('',(61.9821841300567,47.2214021567919,44.6580980732358));
#9416=CARTESIAN_POINT('',(64.5979901518635,45.9410934470148,45.4976447681715));
#9417=CARTESIAN_POINT('',(64.5891232662395,48.4628429973685,43.8440385056446));
#9418=CARTESIAN_POINT('',(59.2289369107412,45.9102884852748,45.5178447430831));
#9419=CARTESIAN_POINT('',(64.5478503078396,42.6516436339507,47.6546610390333));
#9420=CARTESIAN_POINT('',(73.8912894242049,45.5333359617366,45.7650267257311));
#9421=CARTESIAN_POINT('',(73.9126937628077,43.02466671402,47.4100557406272));
#9422=CARTESIAN_POINT('',(73.9493272627244,38.7310822971951,50.2255209319878));
#9423=CARTESIAN_POINT('',(76.5214060149834,41.7858333019472,48.2224055190356));
#9424=CARTESIAN_POINT('',(72.1831135382602,43.8460151664003,46.8714665915254));
#9425=CARTESIAN_POINT('',(79.1087139285564,43.0556691375909,47.3897262825479));
#9426=CARTESIAN_POINT('',(69.7310155219895,38.4531487224335,50.4077724564216));
#9427=CARTESIAN_POINT('',(79.0873095899536,45.5643383853075,45.7446972676518));
#9428=CARTESIAN_POINT('',(79.1346452591717,40.0164193446243,49.3826769664604));
#9429=CARTESIAN_POINT('',(76.4785973377778,46.8031717973803,44.9323474892434));
#9430=CARTESIAN_POINT('',(73.4446609871425,48.243936955797,43.9875834509373));
#9431=CARTESIAN_POINT('',(65.8072449744246,41.5657334644011,48.3667332813609));
#9432=CARTESIAN_POINT('',(76.6069407604094,50.9715318530146,42.1989966330897));
#9433=CARTESIAN_POINT('',(74.0178191183964,52.238779868084,41.3680143281262));
#9434=CARTESIAN_POINT('',(73.4591520431164,52.5122199918485,41.1887093289364));
#9435=CARTESIAN_POINT('',(71.4108799822136,50.9973390275074,42.1820738957174));
#9436=CARTESIAN_POINT('',(62.8234087549656,46.9079311273321,44.863652846652));
#9437=CARTESIAN_POINT('',(71.3930624880438,48.4886501718613,43.8271157682722));
#9438=CARTESIAN_POINT('',(71.3426691404932,41.3933073479142,48.4797995872539));
#9439=CARTESIAN_POINT('',(73.9821841300567,47.2214021567919,44.6580980732358));
#9440=CARTESIAN_POINT('',(72.1289562337702,48.128466288091,44.0633019215642));
#9441=CARTESIAN_POINT('',(76.5891232662395,48.4628429973685,43.8440385056446));
#9442=CARTESIAN_POINT('',(66.6981824709002,43.7527146769048,46.9326472403748));
#9443=CARTESIAN_POINT('',(76.5476386657739,42.6218446012444,47.6742013883489));
#9444=CARTESIAN_POINT('',(85.8912894242049,45.5333359617366,45.765026725731));
#9445=CARTESIAN_POINT('',(85.9126937628077,43.02466671402,47.4100557406272));
#9446=CARTESIAN_POINT('',(85.9490218322504,38.7668799012088,50.2020470932903));
#9447=CARTESIAN_POINT('',(88.5214060149834,41.7858333019472,48.2224055190356));
#9448=CARTESIAN_POINT('',(79.646193795159,46.0005217667196,45.4586753782012));
#9449=CARTESIAN_POINT('',(91.1087139285564,43.0556691375909,47.3897262825479));
#9450=CARTESIAN_POINT('',(77.2682406955647,36.2628445181005,51.8440375084433));
#9451=CARTESIAN_POINT('',(91.0873095899536,45.5643383853075,45.7446972676518));
#9452=CARTESIAN_POINT('',(91.1343398286977,40.052216948638,49.3592031277629));
#9453=CARTESIAN_POINT('',(88.4785973377778,46.8031717973803,44.9323474892434));
#9454=CARTESIAN_POINT('',(80.9077412440413,50.3984435561164,42.5747922376132));
#9455=CARTESIAN_POINT('',(73.3444701479997,39.375429260068,49.8029983333826));
#9456=CARTESIAN_POINT('',(88.6069407604094,50.9715318530146,42.1989966330897));
#9457=CARTESIAN_POINT('',(86.0178191183964,52.238779868084,41.3680143281262));
#9458=CARTESIAN_POINT('',(80.9901181250231,54.6995928329247,39.754366482329));
#9459=CARTESIAN_POINT('',(83.4108799822136,50.9973390275074,42.1820738957174));
#9460=CARTESIAN_POINT('',(70.2926543151246,44.7503573189621,46.2784553439438));
#9461=CARTESIAN_POINT('',(83.3930624880438,48.4886501718613,43.8271157682722));
#9462=CARTESIAN_POINT('',(83.3424574984276,41.3635083152079,48.4993399365695));
#9463=CARTESIAN_POINT('',(85.9821841300567,47.2214021567919,44.6580980732358));
#9464=CARTESIAN_POINT('',(79.6599223156769,50.3158391291673,42.6289590749568));
#9465=CARTESIAN_POINT('',(88.5891232662395,48.4628429973685,43.8440385056445));
#9466=CARTESIAN_POINT('',(74.1674280310591,41.5951408685349,48.3474497376666));
#9467=CARTESIAN_POINT('',(88.5474270237083,42.5920455685382,47.6937417376644));
#9468=CARTESIAN_POINT('',(97.8912894242049,45.5333359617366,45.765026725731));
#9469=CARTESIAN_POINT('',(97.9126937628077,43.02466671402,47.4100557406272));
#9470=CARTESIAN_POINT('',(97.9487164017764,38.8026775052225,50.1785732545928));
#9471=CARTESIAN_POINT('',(100.521406014983,41.7858333019472,48.2224055190356));
#9472=CARTESIAN_POINT('',(87.1092740520578,48.155028367039,44.045884164877));
#9473=CARTESIAN_POINT('',(103.108713928556,43.0556691375909,47.3897262825479));
#9474=CARTESIAN_POINT('',(84.8054658691399,34.0725403137674,53.2803025604649));
#9475=CARTESIAN_POINT('',(103.087309589954,45.5643383853075,45.7446972676518));
#9476=CARTESIAN_POINT('',(103.134034398224,40.0880145526517,49.3357292890654));
#9477=CARTESIAN_POINT('',(100.478597337778,46.8031717973803,44.9323474892434));
#9478=CARTESIAN_POINT('',(88.3708215009401,52.5529501564357,41.162001024289));
#9479=CARTESIAN_POINT('',(80.8816953215749,37.185125055735,51.2392633854042));
#9480=CARTESIAN_POINT('',(100.606940760409,50.9715318530146,42.1989966330897));
#9481=CARTESIAN_POINT('',(98.0178191183964,52.238779868084,41.3680143281262));
#9482=CARTESIAN_POINT('',(88.5210842069298,56.8869656740009,38.3200236357216));
#9483=CARTESIAN_POINT('',(95.4108799822136,50.9973390275074,42.1820738957174));
#9484=CARTESIAN_POINT('',(77.7618998752835,42.5927835105922,47.6932578412355));
#9485=CARTESIAN_POINT('',(95.3930624880438,48.4886501718613,43.8271157682722));
#9486=CARTESIAN_POINT('',(95.3422458563619,41.3337092825017,48.5188802858851));
#9487=CARTESIAN_POINT('',(97.9821841300567,47.2214021567919,44.6580980732358));
#9488=CARTESIAN_POINT('',(87.1908883975836,52.5032119702435,41.1946162283495));
#9489=CARTESIAN_POINT('',(100.58912326624,48.4628429973685,43.8440385056445));
#9490=CARTESIAN_POINT('',(81.6366735912181,39.437567060165,49.7622522349583));
#9491=CARTESIAN_POINT('',(100.547215381643,42.5622465358319,47.7132820869801));
#9492=CARTESIAN_POINT('',(109.891289424205,45.5333359617366,45.765026725731));
#9493=CARTESIAN_POINT('',(109.912693762808,43.02466671402,47.4100557406272));
#9494=CARTESIAN_POINT('',(109.948410971302,38.8384751092361,50.1550994158953));
#9495=CARTESIAN_POINT('',(112.521406014983,41.7858333019472,48.2224055190356));
#9496=CARTESIAN_POINT('',(94.5723543089566,50.3095349673584,42.6330929515528));
#9497=CARTESIAN_POINT('',(115.108713928556,43.0556691375909,47.3897262825479));
#9498=CARTESIAN_POINT('',(92.3426910427151,31.8822361094343,54.7165676124866));
#9499=CARTESIAN_POINT('',(115.087309589954,45.5643383853075,45.7446972676518));
#9500=CARTESIAN_POINT('',(115.13372896775,40.1238121566653,49.3122554503679));
#9501=CARTESIAN_POINT('',(112.478597337778,46.8031717973803,44.9323474892434));
#9502=CARTESIAN_POINT('',(95.8339017578389,54.7074567567551,39.7492098109648));
#9503=CARTESIAN_POINT('',(88.4189204951501,34.9948208514019,52.6755284374259));
#9504=CARTESIAN_POINT('',(112.606940760409,50.9715318530146,42.1989966330897));
#9505=CARTESIAN_POINT('',(110.017819118396,52.238779868084,41.3680143281262));
#9506=CARTESIAN_POINT('',(96.0520502888365,59.0743385150771,36.8856807891143));
#9507=CARTESIAN_POINT('',(107.410879982214,50.9973390275074,42.1820738957174));
#9508=CARTESIAN_POINT('',(85.2311454354425,40.4352097022223,49.1080603385273));
#9509=CARTESIAN_POINT('',(107.393062488044,48.4886501718613,43.8271157682722));
#9510=CARTESIAN_POINT('',(107.342034214296,41.3039102497954,48.5384206352007));
#9511=CARTESIAN_POINT('',(109.982184130057,47.2214021567919,44.6580980732358));
#9512=CARTESIAN_POINT('',(94.7218544794904,54.6905848113197,39.7602733817421));
#9513=CARTESIAN_POINT('',(112.58912326624,48.4628429973685,43.8440385056445));
#9514=CARTESIAN_POINT('',(89.105919151377,37.2799932517951,51.1770547322501));
#9515=CARTESIAN_POINT('',(112.547003739577,42.5324475031256,47.7328224362957));
#9516=CARTESIAN_POINT('',(61.8912894242049,34.3834110632584,53.0764528886676));
#9517=CARTESIAN_POINT('',(61.9126937628077,31.8747418155418,54.7214819035637));
#9518=CARTESIAN_POINT('',(61.9020687069738,33.1200384500384,53.9048939465167));
#9519=CARTESIAN_POINT('',(64.5214060149834,30.6359084034689,55.5338316819721));
#9520=CARTESIAN_POINT('',(61.8573578291362,31.9010199163416,54.7042503620556));
#9521=CARTESIAN_POINT('',(67.1087139285564,31.9057442391127,54.7011524454844));
#9522=CARTESIAN_POINT('',(65.1040297868641,30.9218567980728,55.3463245379696));
#9523=CARTESIAN_POINT('',(67.0873095899536,34.4144134868293,53.0561234305883));
#9524=CARTESIAN_POINT('',(67.0873867034211,34.4053754974676,53.0620499809894));
#9525=CARTESIAN_POINT('',(64.4785973377778,35.6532468989021,52.2437736521799));
#9526=CARTESIAN_POINT('',(63.1189052780185,36.2989417057384,51.8203672214676));
#9527=CARTESIAN_POINT('',(61.1802592392991,34.0344415400403,53.3052853629089));
#9528=CARTESIAN_POINT('',(64.6069407604094,39.8216069545363,49.5104227960263));
#9529=CARTESIAN_POINT('',(62.0178191183964,41.0888549696058,48.6794404910627));
#9530=CARTESIAN_POINT('',(63.0218414013533,40.5974353219088,49.0016828829951));
#9531=CARTESIAN_POINT('',(59.4108799822136,39.8474141290292,49.4935000586539));
#9532=CARTESIAN_POINT('',(58.2209140215013,39.2807448416567,49.8650864766031));
#9533=CARTESIAN_POINT('',(59.3930624880437,37.3387252733831,51.1385419312087));
#9534=CARTESIAN_POINT('',(59.3824745157206,35.8479472819533,52.1161012698512));
#9535=CARTESIAN_POINT('',(61.9821841300567,36.0714772583136,51.9695242361723));
#9536=CARTESIAN_POINT('',(61.6916455920071,36.2136816181514,51.876275475623));
#9537=CARTESIAN_POINT('',(64.5891232662395,37.3129180988903,51.1554646685811));
#9538=CARTESIAN_POINT('',(62.0956877374358,36.1255283912294,51.9340808703259));
#9539=CARTESIAN_POINT('',(64.5874440410013,37.0764845352835,51.3105030709462));
#9540=CARTESIAN_POINT('',(73.8912894242049,34.3834110632584,53.0764528886676));
#9541=CARTESIAN_POINT('',(73.9126937628077,31.8747418155418,54.7214819035637));
#9542=CARTESIAN_POINT('',(73.9017632764998,33.1558360540521,53.8814201078192));
#9543=CARTESIAN_POINT('',(76.5214060149834,30.6359084034689,55.5338316819721));
#9544=CARTESIAN_POINT('',(69.320438086035,34.055526516661,53.2914591487314));
#9545=CARTESIAN_POINT('',(79.1087139285564,31.9057442391127,54.7011524454844));
#9546=CARTESIAN_POINT('',(72.6412549604393,28.7315525937397,56.7825895899913));
#9547=CARTESIAN_POINT('',(79.0873095899536,34.4144134868293,53.0561234305883));
#9548=CARTESIAN_POINT('',(79.0870812729471,34.4411731014813,53.0385761422919));
#9549=CARTESIAN_POINT('',(76.4785973377778,35.6532468989021,52.2437736521799));
#9550=CARTESIAN_POINT('',(70.5819855349173,38.4534483060578,50.4075760081434));
#9551=CARTESIAN_POINT('',(68.7174844128743,31.8441373357073,54.7415504149306));
#9552=CARTESIAN_POINT('',(76.6069407604094,39.8216069545363,49.5104227960263));
#9553=CARTESIAN_POINT('',(74.0178191183964,41.0888549696058,48.6794404910627));
#9554=CARTESIAN_POINT('',(70.55280748326,42.7848081629851,47.5673400363878));
#9555=CARTESIAN_POINT('',(71.4108799822136,39.8474141290292,49.4935000586539));
#9556=CARTESIAN_POINT('',(65.6901595816602,37.1231710332868,51.2798889738949));
#9557=CARTESIAN_POINT('',(71.3930624880438,37.3387252733831,51.1385419312087));
#9558=CARTESIAN_POINT('',(71.382262873655,35.818148249247,52.1356416191668));
#9559=CARTESIAN_POINT('',(73.9821841300567,36.0714772583136,51.9695242361723));
#9560=CARTESIAN_POINT('',(69.2226116739138,38.4010544592276,50.4419326290156));
#9561=CARTESIAN_POINT('',(76.5891232662395,37.3129180988903,51.1554646685811));
#9562=CARTESIAN_POINT('',(69.5649332975948,33.9679545828595,53.3488833676177));
#9563=CARTESIAN_POINT('',(76.5872323989357,37.0466855025772,51.3300434202618));
#9564=CARTESIAN_POINT('',(85.8912894242049,34.3834110632584,53.0764528886676));
#9565=CARTESIAN_POINT('',(85.9126937628077,31.8747418155418,54.7214819035637));
#9566=CARTESIAN_POINT('',(85.9014578460258,33.1916336580658,53.8579462691218));
#9567=CARTESIAN_POINT('',(88.5214060149834,30.6359084034689,55.5338316819721));
#9568=CARTESIAN_POINT('',(76.7835183429338,36.2100331169804,51.8786679354072));
#9569=CARTESIAN_POINT('',(91.1087139285564,31.9057442391127,54.7011524454844));
#9570=CARTESIAN_POINT('',(80.1784801340145,26.5412483894067,58.2188546420129));
#9571=CARTESIAN_POINT('',(91.0873095899536,34.4144134868293,53.0561234305883));
#9572=CARTESIAN_POINT('',(91.0867758424731,34.476970705495,53.0151023035944));
#9573=CARTESIAN_POINT('',(88.4785973377778,35.6532468989021,52.2437736521799));
#9574=CARTESIAN_POINT('',(78.0450657918161,40.6079549063771,48.9947847948192));
#9575=CARTESIAN_POINT('',(76.2547095864495,29.6538331313742,56.1778154669523));
#9576=CARTESIAN_POINT('',(88.6069407604094,39.8216069545363,49.5104227960263));
#9577=CARTESIAN_POINT('',(86.0178191183964,41.0888549696058,48.6794404910627));
#9578=CARTESIAN_POINT('',(78.0837735651667,44.9721810040613,46.1329971897804));
#9579=CARTESIAN_POINT('',(83.4108799822136,39.8474141290292,49.4935000586539));
#9580=CARTESIAN_POINT('',(73.1594051418192,34.9655972249168,52.6946914711866));
#9581=CARTESIAN_POINT('',(83.3930624880438,37.3387252733831,51.1385419312087));
#9582=CARTESIAN_POINT('',(83.3820512315893,35.7883492165407,52.1551819684824));
#9583=CARTESIAN_POINT('',(85.9821841300567,36.0714772583136,51.9695242361723));
#9584=CARTESIAN_POINT('',(76.7535777558205,40.5884273003038,49.0075897824083));
#9585=CARTESIAN_POINT('',(88.5891232662395,37.3129180988903,51.1554646685811));
#9586=CARTESIAN_POINT('',(77.0341788577537,31.8103807744896,54.7636858649094));
#9587=CARTESIAN_POINT('',(88.58702075687,37.0168864698709,51.3495837695774));
#9588=CARTESIAN_POINT('',(97.8912894242049,34.3834110632584,53.0764528886676));
#9589=CARTESIAN_POINT('',(97.9126937628077,31.8747418155418,54.7214819035637));
#9590=CARTESIAN_POINT('',(97.9011524155518,33.2274312620794,53.8344724304243));
#9591=CARTESIAN_POINT('',(100.521406014983,30.6359084034689,55.5338316819721));
#9592=CARTESIAN_POINT('',(84.2465985998326,38.3645397172998,50.465876722083));
#9593=CARTESIAN_POINT('',(103.108713928556,31.9057442391127,54.7011524454844));
#9594=CARTESIAN_POINT('',(87.7157053075897,24.3509441850736,59.6551196940346));
#9595=CARTESIAN_POINT('',(103.087309589954,34.4144134868293,53.0561234305883));
#9596=CARTESIAN_POINT('',(103.086470411999,34.5127683095086,52.9916284648969));
#9597=CARTESIAN_POINT('',(100.478597337778,35.6532468989021,52.2437736521799));
#9598=CARTESIAN_POINT('',(85.5081460487149,42.7624615066965,47.581993581495));
#9599=CARTESIAN_POINT('',(83.7919347600247,27.4635289270412,57.6140805189739));
#9600=CARTESIAN_POINT('',(100.606940760409,39.8216069545364,49.5104227960263));
#9601=CARTESIAN_POINT('',(98.0178191183964,41.0888549696058,48.6794404910627));
#9602=CARTESIAN_POINT('',(85.6147396470734,47.1595538451375,44.6986543431731));
#9603=CARTESIAN_POINT('',(95.4108799822136,39.8474141290292,49.4935000586539));
#9604=CARTESIAN_POINT('',(80.6286507019781,32.8080234165469,54.1094939684784));
#9605=CARTESIAN_POINT('',(95.3930624880438,37.3387252733831,51.1385419312087));
#9606=CARTESIAN_POINT('',(95.3818395895237,35.7585501838344,52.174722317798));
#9607=CARTESIAN_POINT('',(97.9821841300567,36.0714772583136,51.9695242361723));
#9608=CARTESIAN_POINT('',(84.2845438377273,42.77580014138,47.5732469358009));
#9609=CARTESIAN_POINT('',(100.58912326624,37.3129180988903,51.1554646685811));
#9610=CARTESIAN_POINT('',(84.5034244179127,29.6528069661197,56.1784883622012));
#9611=CARTESIAN_POINT('',(100.586809114804,36.9870874371646,51.369124118893));
#9612=CARTESIAN_POINT('',(109.891289424205,34.3834110632584,53.0764528886676));
#9613=CARTESIAN_POINT('',(109.912693762808,31.8747418155418,54.7214819035637));
#9614=CARTESIAN_POINT('',(109.900846985078,33.2632288660931,53.8109985917268));
#9615=CARTESIAN_POINT('',(112.521406014983,30.6359084034689,55.5338316819721));
#9616=CARTESIAN_POINT('',(91.7096788567315,40.5190463176192,49.0530855087589));
#9617=CARTESIAN_POINT('',(115.108713928556,31.9057442391127,54.7011524454844));
#9618=CARTESIAN_POINT('',(95.2529304811649,22.1606399807406,61.0913847460563));
#9619=CARTESIAN_POINT('',(115.087309589954,34.4144134868293,53.0561234305883));
#9620=CARTESIAN_POINT('',(115.086164981525,34.5485659135223,52.9681546261994));
#9621=CARTESIAN_POINT('',(112.478597337778,35.6532468989021,52.2437736521799));
#9622=CARTESIAN_POINT('',(92.9712263056137,44.9169681070159,46.1692023681708));
#9623=CARTESIAN_POINT('',(91.3291599335999,25.2732247227082,59.0503455709956));
#9624=CARTESIAN_POINT('',(112.606940760409,39.8216069545364,49.5104227960263));
#9625=CARTESIAN_POINT('',(110.017819118396,41.0888549696058,48.6794404910627));
#9626=CARTESIAN_POINT('',(93.1457057289802,49.3469266862137,43.2643114965657));
#9627=CARTESIAN_POINT('',(107.410879982214,39.8474141290292,49.4935000586539));
#9628=CARTESIAN_POINT('',(88.0978962621371,30.650449608177,55.5242964657701));
#9629=CARTESIAN_POINT('',(107.393062488044,37.3387252733831,51.1385419312087));
#9630=CARTESIAN_POINT('',(107.381627947458,35.7287511511281,52.1942626671136));
#9631=CARTESIAN_POINT('',(109.982184130057,36.0714772583136,51.9695242361723));
#9632=CARTESIAN_POINT('',(91.815509919634,44.9631729824563,46.1389040891936));
#9633=CARTESIAN_POINT('',(112.58912326624,37.3129180988903,51.1554646685811));
#9634=CARTESIAN_POINT('',(91.9726699780716,27.4952331577497,57.5932908594929));
#9635=CARTESIAN_POINT('',(112.586597472739,36.9572884044583,51.3886644682086));
#9636=CARTESIAN_POINT('',(61.8912894242049,23.2334861647801,60.3878790516041));
#9637=CARTESIAN_POINT('',(61.9126937628077,20.7248169170635,62.0329080665003));
#9638=CARTESIAN_POINT('',(61.8545047207492,27.5447922068954,57.5607931223482));
#9639=CARTESIAN_POINT('',(64.5214060149834,19.4859835049907,62.8452578449087));
#9640=CARTESIAN_POINT('',(58.994682376911,22.1105312666024,61.1242429192616));
#9641=CARTESIAN_POINT('',(67.1087139285564,20.7558193406345,62.012578608421));
#9642=CARTESIAN_POINT('',(68.0142692253139,21.200260669379,61.7211416715393));
#9643=CARTESIAN_POINT('',(67.0873095899536,23.264488588351,60.3675495935249));
#9644=CARTESIAN_POINT('',(67.0398227171965,28.8301292543246,56.7179491568209));
#9645=CARTESIAN_POINT('',(64.4785973377778,24.5033220004239,59.5551998151164));
#9646=CARTESIAN_POINT('',(60.2562298257933,26.5084530559992,58.2403597786736));
#9647=CARTESIAN_POINT('',(64.0904986777489,24.3128454113466,59.6801024964786));
#9648=CARTESIAN_POINT('',(64.6069407604094,28.6716820560581,56.8218489589628));
#9649=CARTESIAN_POINT('',(62.0178191183964,29.9389300711276,55.9908666539992));
#9650=CARTESIAN_POINT('',(60.1154968414969,30.8700234930454,55.3803135904466));
#9651=CARTESIAN_POINT('',(59.4108799822136,28.697489230551,56.8049262215905));
#9652=CARTESIAN_POINT('',(61.0876648481959,29.4959847476113,56.281322603846));
#9653=CARTESIAN_POINT('',(59.3930624880437,26.1888003749049,58.4499680941453));
#9654=CARTESIAN_POINT('',(59.4220682488824,30.2727881832861,55.7719433017642));
#9655=CARTESIAN_POINT('',(61.9821841300567,24.9215523598354,59.2809503991089));
#9656=CARTESIAN_POINT('',(58.7853010321507,26.486269789288,58.2549061830744));
#9657=CARTESIAN_POINT('',(64.5891232662395,26.162993200412,58.4668908315176));
#9658=CARTESIAN_POINT('',(64.9624385641304,26.3407682971841,58.3503169975687));
#9659=CARTESIAN_POINT('',(64.6270377741631,31.5013254366162,54.9663451028591));
#9660=CARTESIAN_POINT('',(73.8912894242049,23.2334861647801,60.3878790516041));
#9661=CARTESIAN_POINT('',(73.9126937628077,20.7248169170635,62.0329080665002));
#9662=CARTESIAN_POINT('',(73.8541992902752,27.5805898109091,57.5373192836507));
#9663=CARTESIAN_POINT('',(76.5214060149834,19.4859835049907,62.8452578449087));
#9664=CARTESIAN_POINT('',(66.4577626338098,24.2650378669218,59.7114517059375));
#9665=CARTESIAN_POINT('',(79.1087139285564,20.7558193406345,62.012578608421));
#9666=CARTESIAN_POINT('',(75.5514943988891,19.009956465046,63.157406723561));
#9667=CARTESIAN_POINT('',(79.0873095899536,23.264488588351,60.3675495935249));
#9668=CARTESIAN_POINT('',(79.0395172867225,28.8659268583383,56.6944753181234));
#9669=CARTESIAN_POINT('',(76.4785973377778,24.5033220004239,59.5551998151164));
#9670=CARTESIAN_POINT('',(67.7193100826921,28.6629596563185,56.8275685653494));
#9671=CARTESIAN_POINT('',(71.6277238513241,22.1225412070135,61.1163675485003));
#9672=CARTESIAN_POINT('',(76.6069407604094,28.6716820560581,56.8218489589628));
#9673=CARTESIAN_POINT('',(74.0178191183964,29.9389300711276,55.9908666539992));
#9674=CARTESIAN_POINT('',(67.6464629234036,33.0573963341216,53.9459707438392));
#9675=CARTESIAN_POINT('',(71.4108799822136,28.697489230551,56.8049262215905));
#9676=CARTESIAN_POINT('',(68.5569104083548,27.3384109392414,57.6961251011377));
#9677=CARTESIAN_POINT('',(71.3930624880438,26.1888003749049,58.4499680941453));
#9678=CARTESIAN_POINT('',(71.4218566068168,30.2429891505798,55.7914836510798));
#9679=CARTESIAN_POINT('',(73.9821841300567,24.9215523598354,59.2809503991089));
#9680=CARTESIAN_POINT('',(66.3162671140575,28.6736426303642,56.8205633364671));
#9681=CARTESIAN_POINT('',(76.5891232662395,26.162993200412,58.4668908315176));
#9682=CARTESIAN_POINT('',(72.4316841242894,24.1831944888142,59.7651194948605));
#9683=CARTESIAN_POINT('',(76.6268261320975,31.47152640391,54.9858854521747));
#9684=CARTESIAN_POINT('',(85.8912894242049,23.2334861647801,60.3878790516041));
#9685=CARTESIAN_POINT('',(85.9126937628077,20.7248169170635,62.0329080665002));
#9686=CARTESIAN_POINT('',(85.8538938598012,27.6163874149227,57.5138454449532));
#9687=CARTESIAN_POINT('',(88.5214060149834,19.4859835049907,62.8452578449087));
#9688=CARTESIAN_POINT('',(73.9208428907086,26.4195444672412,58.2986604926133));
#9689=CARTESIAN_POINT('',(91.1087139285564,20.7558193406345,62.012578608421));
#9690=CARTESIAN_POINT('',(83.0887195724643,16.8196522607129,64.5936717755826));
#9691=CARTESIAN_POINT('',(91.0873095899536,23.264488588351,60.3675495935249));
#9692=CARTESIAN_POINT('',(91.0392118562485,28.9017244623519,56.6710014794259));
#9693=CARTESIAN_POINT('',(88.4785973377778,24.5033220004239,59.5551998151164));
#9694=CARTESIAN_POINT('',(75.1823903395909,30.8174662566379,55.4147773520253));
#9695=CARTESIAN_POINT('',(79.1649490248993,19.9322370026805,62.5526326005219));
#9696=CARTESIAN_POINT('',(88.6069407604094,28.6716820560581,56.8218489589628));
#9697=CARTESIAN_POINT('',(86.0178191183964,29.9389300711276,55.9908666539992));
#9698=CARTESIAN_POINT('',(75.1774290053103,35.2447691751978,52.5116278972319));
#9699=CARTESIAN_POINT('',(83.4108799822136,28.697489230551,56.8049262215905));
#9700=CARTESIAN_POINT('',(76.0261559685138,25.1808371308715,59.1109275984295));
#9701=CARTESIAN_POINT('',(83.3930624880438,26.1888003749049,58.4499680941453));
#9702=CARTESIAN_POINT('',(83.4216449647511,30.2131901178735,55.8110240003954));
#9703=CARTESIAN_POINT('',(85.9821841300567,24.9215523598354,59.2809503991089));
#9704=CARTESIAN_POINT('',(73.8472331959642,30.8610154714404,55.3862204898597));
#9705=CARTESIAN_POINT('',(88.5891232662395,26.162993200412,58.4668908315176));
#9706=CARTESIAN_POINT('',(79.9009296844483,22.0256206804443,61.1799219921523));
#9707=CARTESIAN_POINT('',(88.6266144900318,31.4417273712037,55.0054258014903));
#9708=CARTESIAN_POINT('',(97.8912894242049,23.2334861647801,60.3878790516041));
#9709=CARTESIAN_POINT('',(97.9126937628077,20.7248169170635,62.0329080665002));
#9710=CARTESIAN_POINT('',(97.8535884293272,27.6521850189364,57.4903716062558));
#9711=CARTESIAN_POINT('',(100.521406014983,19.4859835049907,62.8452578449087));
#9712=CARTESIAN_POINT('',(81.3839231476074,28.5740510675606,56.8858692792891));
#9713=CARTESIAN_POINT('',(103.108713928556,20.7558193406345,62.012578608421));
#9714=CARTESIAN_POINT('',(90.6259447460395,14.6293480563799,66.0299368276043));
#9715=CARTESIAN_POINT('',(103.087309589954,23.264488588351,60.3675495935249));
#9716=CARTESIAN_POINT('',(103.038906425774,28.9375220663656,56.6475276407284));
#9717=CARTESIAN_POINT('',(100.478597337778,24.5033220004239,59.5551998151164));
#9718=CARTESIAN_POINT('',(82.6454705964897,32.9719728569573,54.0019861387011));
#9719=CARTESIAN_POINT('',(86.7021741984745,17.7419327983474,63.9888976525436));
#9720=CARTESIAN_POINT('',(100.606940760409,28.6716820560581,56.8218489589628));
#9721=CARTESIAN_POINT('',(98.0178191183964,29.9389300711276,55.9908666539992));
#9722=CARTESIAN_POINT('',(82.7083950872171,37.432142016274,51.0772850506245));
#9723=CARTESIAN_POINT('',(95.4108799822136,28.697489230551,56.8049262215905));
#9724=CARTESIAN_POINT('',(83.4954015286727,23.0232633225016,60.5257300957212));
#9725=CARTESIAN_POINT('',(95.3930624880438,26.1888003749049,58.4499680941453));
#9726=CARTESIAN_POINT('',(95.4214333226855,30.1833910851672,55.830564349711));
#9727=CARTESIAN_POINT('',(97.9821841300567,24.9215523598354,59.2809503991089));
#9728=CARTESIAN_POINT('',(81.3781992778709,33.0483883125166,53.9518776432524));
#9729=CARTESIAN_POINT('',(100.58912326624,26.162993200412,58.4668908315176));
#9730=CARTESIAN_POINT('',(87.3701752446073,19.8680468720743,62.594724489444));
#9731=CARTESIAN_POINT('',(100.626402847966,31.4119283384974,55.0249661508059));
#9732=CARTESIAN_POINT('',(109.891289424205,23.2334861647801,60.3878790516041));
#9733=CARTESIAN_POINT('',(109.912693762808,20.7248169170635,62.0329080665002));
#9734=CARTESIAN_POINT('',(109.853282998853,27.6879826229501,57.4668977675583));
#9735=CARTESIAN_POINT('',(112.521406014983,19.4859835049907,62.8452578449087));
#9736=CARTESIAN_POINT('',(88.8470034045063,30.72855766788,55.4730780659649));
#9737=CARTESIAN_POINT('',(115.108713928556,20.7558193406345,62.012578608421));
#9738=CARTESIAN_POINT('',(98.1631699196147,12.4390438520468,67.466201879626));
#9739=CARTESIAN_POINT('',(115.087309589954,23.264488588351,60.3675495935249));
#9740=CARTESIAN_POINT('',(115.0386009953,28.9733196703793,56.6240538020309));
#9741=CARTESIAN_POINT('',(112.478597337778,24.5033220004239,59.5551998151164));
#9742=CARTESIAN_POINT('',(90.1085508533886,35.1264794572767,52.5891949253769));
#9743=CARTESIAN_POINT('',(94.2393993720497,15.5516285940144,65.4251627045653));
#9744=CARTESIAN_POINT('',(112.606940760409,28.6716820560581,56.8218489589628));
#9745=CARTESIAN_POINT('',(110.017819118396,29.9389300711276,55.9908666539992));
#9746=CARTESIAN_POINT('',(90.2393611691238,39.6195148573503,49.6429422040172));
#9747=CARTESIAN_POINT('',(107.410879982214,28.697489230551,56.8049262215905));
#9748=CARTESIAN_POINT('',(90.9646470888317,20.8656895141316,61.940532593013));
#9749=CARTESIAN_POINT('',(107.393062488044,26.1888003749049,58.4499680941453));
#9750=CARTESIAN_POINT('',(107.42122168062,30.1535920524609,55.8501046990266));
#9751=CARTESIAN_POINT('',(109.982184130057,24.9215523598354,59.2809503991089));
#9752=CARTESIAN_POINT('',(88.9091653597776,35.2357611535928,52.517534796645));
#9753=CARTESIAN_POINT('',(112.58912326624,26.162993200412,58.4668908315176));
#9754=CARTESIAN_POINT('',(94.8394208047662,17.7104730637044,64.0095269867358));
#9755=CARTESIAN_POINT('',(112.6261912059,31.3821293057911,55.0445065001215));
#9756=CARTESIAN_POINT('',(61.8912894242049,12.0835612663019,67.6993052145407));
#9757=CARTESIAN_POINT('',(61.9126937628077,9.57489201858532,69.3443342294368));
#9758=CARTESIAN_POINT('',(61.8069407345246,21.9695459637524,61.2166922981797));
#9759=CARTESIAN_POINT('',(64.5214060149834,8.33605860651248,70.1566840078452));
#9760=CARTESIAN_POINT('',(56.1320069246858,12.3200426168632,67.5442354764677));
#9761=CARTESIAN_POINT('',(67.1087139285564,9.60589444215623,69.3240047713575));
#9762=CARTESIAN_POINT('',(70.9245086637637,11.4786645406853,68.0959588051089));
#9763=CARTESIAN_POINT('',(67.0873095899536,12.1145636898728,67.6789757564614));
#9764=CARTESIAN_POINT('',(66.9922587309719,23.2548830111815,60.3738483326524));
#9765=CARTESIAN_POINT('',(64.4785973377778,13.3533971019456,66.866625978053));
#9766=CARTESIAN_POINT('',(57.3935543735681,16.7179644062599,64.6603523358797));
#9767=CARTESIAN_POINT('',(67.0007381161987,14.5912492826528,66.0549196300483));
#9768=CARTESIAN_POINT('',(64.6069407604094,17.5217571575799,64.1332751218994));
#9769=CARTESIAN_POINT('',(62.0178191183964,18.7890051726494,63.3022928169358));
#9770=CARTESIAN_POINT('',(57.2091522816405,21.142611664182,61.758944297898));
#9771=CARTESIAN_POINT('',(59.4108799822136,17.5475643320727,64.116352384527));
#9772=CARTESIAN_POINT('',(63.9544156748905,19.711224653566,62.6975587310888));
#9773=CARTESIAN_POINT('',(59.3930624880437,15.0388754764266,65.7613942570818));
#9774=CARTESIAN_POINT('',(59.4616619820442,24.6976290846188,59.4277853336771));
#9775=CARTESIAN_POINT('',(61.9821841300567,13.7716274613572,66.5923765620454));
#9776=CARTESIAN_POINT('',(55.8789564722943,16.7588579604245,64.6335368905258));
#9777=CARTESIAN_POINT('',(64.5891232662395,15.0130683019338,65.7783169944542));
#9778=CARTESIAN_POINT('',(67.829189390825,16.5560082031388,64.7665531248116));
#9779=CARTESIAN_POINT('',(64.6666315073249,25.926166337949,58.6221871347721));
#9780=CARTESIAN_POINT('',(73.8912894242049,12.0835612663019,67.6993052145407));
#9781=CARTESIAN_POINT('',(73.9126937628077,9.57489201858532,69.3443342294368));
#9782=CARTESIAN_POINT('',(73.8066353040506,22.005343567766,61.1932184594822));
#9783=CARTESIAN_POINT('',(76.5214060149834,8.33605860651248,70.1566840078452));
#9784=CARTESIAN_POINT('',(63.5950871815846,14.4745492171826,66.1314442631435));
#9785=CARTESIAN_POINT('',(79.1087139285564,9.60589444215623,69.3240047713575));
#9786=CARTESIAN_POINT('',(78.4617338373389,9.28836033635223,69.5322238571306));
#9787=CARTESIAN_POINT('',(79.0873095899536,12.1145636898728,67.6789757564614));
#9788=CARTESIAN_POINT('',(78.9919533004979,23.2906806151952,60.3503744939549));
#9789=CARTESIAN_POINT('',(76.4785973377778,13.3533971019456,66.866625978053));
#9790=CARTESIAN_POINT('',(64.8566346304669,18.8724710065793,63.2475611225555));
#9791=CARTESIAN_POINT('',(74.5379632897739,12.4009450783198,67.49118468207));
#9792=CARTESIAN_POINT('',(76.6069407604094,17.5217571575799,64.1332751218994));
#9793=CARTESIAN_POINT('',(74.0178191183964,18.7890051726494,63.3022928169358));
#9794=CARTESIAN_POINT('',(64.7401183635472,23.3299845052582,60.3246014512907));
#9795=CARTESIAN_POINT('',(71.4108799822136,17.5475643320727,64.116352384527));
#9796=CARTESIAN_POINT('',(71.4236612350495,17.5536508451961,64.1123612283806));
#9797=CARTESIAN_POINT('',(71.3930624880438,15.0388754764266,65.7613942570818));
#9798=CARTESIAN_POINT('',(71.4614503399786,24.6678300519125,59.4473256829927));
#9799=CARTESIAN_POINT('',(73.9821841300567,13.7716274613572,66.5923765620454));
#9800=CARTESIAN_POINT('',(63.4099225542011,18.9462308015007,63.1991940439185));
#9801=CARTESIAN_POINT('',(76.5891232662395,15.0130683019338,65.7783169944542));
#9802=CARTESIAN_POINT('',(75.298434950984,14.3984343947689,66.1813556221033));
#9803=CARTESIAN_POINT('',(76.6664198652593,25.8963673052427,58.6417274840877));
#9804=CARTESIAN_POINT('',(85.8912894242049,12.0835612663019,67.6993052145407));
#9805=CARTESIAN_POINT('',(85.9126937628077,9.57489201858532,69.3443342294368));
#9806=CARTESIAN_POINT('',(85.8063298735766,22.0411411717797,61.1697446207847));
#9807=CARTESIAN_POINT('',(88.5214060149834,8.33605860651248,70.1566840078452));
#9808=CARTESIAN_POINT('',(71.0581674384835,16.629055817502,64.7186530498193));
#9809=CARTESIAN_POINT('',(91.1087139285564,9.60589444215623,69.3240047713575));
#9810=CARTESIAN_POINT('',(85.9989590109141,7.09805613201917,70.9684889091523));
#9811=CARTESIAN_POINT('',(91.0873095899536,12.1145636898728,67.6789757564614));
#9812=CARTESIAN_POINT('',(90.9916478700239,23.3264782192089,60.3269006552574));
#9813=CARTESIAN_POINT('',(88.4785973377778,13.3533971019456,66.866625978053));
#9814=CARTESIAN_POINT('',(72.3197148873657,21.0269776068987,61.8347699092313));
#9815=CARTESIAN_POINT('',(82.0751884633491,10.2106408739867,68.9274497340916));
#9816=CARTESIAN_POINT('',(88.6069407604094,17.5217571575799,64.1332751218994));
#9817=CARTESIAN_POINT('',(86.0178191183964,18.7890051726494,63.3022928169358));
#9818=CARTESIAN_POINT('',(72.271084445454,25.5173573463344,58.8902586046833));
#9819=CARTESIAN_POINT('',(83.4108799822136,17.5475643320727,64.116352384527));
#9820=CARTESIAN_POINT('',(78.8929067952084,15.3960770368262,65.5271637256723));
#9821=CARTESIAN_POINT('',(83.3930624880438,15.0388754764266,65.7613942570818));
#9822=CARTESIAN_POINT('',(83.4612386979129,24.6380310192062,59.4668660323083));
#9823=CARTESIAN_POINT('',(85.9821841300567,13.7716274613572,66.5923765620454));
#9824=CARTESIAN_POINT('',(70.9408886361078,21.1336036425769,61.7648511973111));
#9825=CARTESIAN_POINT('',(88.5891232662395,15.0130683019338,65.7783169944542));
#9826=CARTESIAN_POINT('',(82.7676805111429,12.2408605863989,67.5961581193951));
#9827=CARTESIAN_POINT('',(88.6662082231936,25.8665682725364,58.6612678334033));
#9828=CARTESIAN_POINT('',(97.8912894242049,12.0835612663019,67.6993052145407));
#9829=CARTESIAN_POINT('',(97.9126937628077,9.57489201858532,69.3443342294368));
#9830=CARTESIAN_POINT('',(97.8060244431026,22.0769387757934,61.1462707820873));
#9831=CARTESIAN_POINT('',(100.521406014983,8.33605860651248,70.1566840078452));
#9832=CARTESIAN_POINT('',(78.5212476953823,18.7835624178214,63.3058618364951));
#9833=CARTESIAN_POINT('',(103.108713928556,9.60589444215623,69.3240047713575));
#9834=CARTESIAN_POINT('',(93.5361841844893,4.90775192768612,72.404753961174));
#9835=CARTESIAN_POINT('',(103.087309589954,12.1145636898728,67.6789757564614));
#9836=CARTESIAN_POINT('',(102.99134243955,23.3622758232226,60.3034268165599));
#9837=CARTESIAN_POINT('',(100.478597337778,13.3533971019456,66.866625978053));
#9838=CARTESIAN_POINT('',(79.7827951442646,23.1814842072181,60.4219786959071));
#9839=CARTESIAN_POINT('',(89.6124136369242,8.02033666965366,70.3637147861133));
#9840=CARTESIAN_POINT('',(100.606940760409,17.5217571575799,64.1332751218994));
#9841=CARTESIAN_POINT('',(98.0178191183964,18.7890051726494,63.3022928169358));
#9842=CARTESIAN_POINT('',(79.8020505273607,27.7047301874106,57.455915758076));
#9843=CARTESIAN_POINT('',(95.4108799822136,17.5475643320727,64.116352384527));
#9844=CARTESIAN_POINT('',(86.3621523553673,13.2385032284562,66.9419662229641));
#9845=CARTESIAN_POINT('',(95.3930624880438,15.0388754764266,65.7613942570818));
#9846=CARTESIAN_POINT('',(95.4610270558472,24.6082319864999,59.4864063816239));
#9847=CARTESIAN_POINT('',(97.9821841300567,13.7716274613572,66.5923765620454));
#9848=CARTESIAN_POINT('',(78.4718547180145,23.3209764836531,60.3305083507038));
#9849=CARTESIAN_POINT('',(100.58912326624,15.0130683019338,65.7783169944542));
#9850=CARTESIAN_POINT('',(90.2369260713019,10.083286778029,69.0109606166868));
#9851=CARTESIAN_POINT('',(100.665996581128,25.8367692398301,58.6808081827189));
#9852=CARTESIAN_POINT('',(112.606940760409,17.5217571575799,64.1332751218994));
#9853=CARTESIAN_POINT('',(110.017819118396,18.7890051726494,63.3022928169358));
#9854=CARTESIAN_POINT('',(87.3330166092674,29.8921030284868,56.0215729114686));
#9855=CARTESIAN_POINT('',(107.410879982214,17.5475643320727,64.116352384527));
#9856=CARTESIAN_POINT('',(93.8313979155263,11.0809294200863,68.3567687202558));
#9857=CARTESIAN_POINT('',(107.393062488044,15.0388754764266,65.7613942570818));
#9858=CARTESIAN_POINT('',(107.460815413782,24.5784329537937,59.5059467309395));
#9859=CARTESIAN_POINT('',(109.982184130057,13.7716274613572,66.5923765620454));
#9860=CARTESIAN_POINT('',(86.0028207999212,25.5083493247294,58.8961655040964));
#9861=CARTESIAN_POINT('',(112.58912326624,15.0130683019338,65.7783169944542));
#9862=CARTESIAN_POINT('',(97.7061716314608,7.92571296965907,70.4257631139786));
#9863=CARTESIAN_POINT('',(112.665784939062,25.8069702071239,58.7003485320345));
#9864=CARTESIAN_POINT('',(109.891289424205,12.0835612663019,67.6993052145407));
#9865=CARTESIAN_POINT('',(109.912693762808,9.57489201858532,69.3443342294368));
#9866=CARTESIAN_POINT('',(109.805719012629,22.1127363798071,61.1227969433898));
#9867=CARTESIAN_POINT('',(112.521406014983,8.33605860651248,70.1566840078452));
#9868=CARTESIAN_POINT('',(85.9843279522811,20.9380690181407,61.8930706231709));
#9869=CARTESIAN_POINT('',(115.108713928556,9.60589444215623,69.3240047713575));
#9870=CARTESIAN_POINT('',(101.073409358064,2.71744772335306,73.8410190131957));
#9871=CARTESIAN_POINT('',(115.087309589954,12.1145636898728,67.6789757564614));
#9872=CARTESIAN_POINT('',(114.991037009076,23.3980734272362,60.2799529778624));
#9873=CARTESIAN_POINT('',(112.478597337778,13.3533971019456,66.866625978053));
#9874=CARTESIAN_POINT('',(87.2458754011634,25.3359908075375,59.0091874825829));
#9875=CARTESIAN_POINT('',(97.1496388104994,5.83003246532061,71.799979838135));
#9876=CARTESIAN_POINT('',(57.985,31.8012049868339,54.7697027748475));
#9877=CARTESIAN_POINT('Origin',(56.715,31.8012049868339,54.7697027748475));
#9878=CARTESIAN_POINT('',(44.015,31.8012049868339,54.7697027748475));
#9879=CARTESIAN_POINT('Origin',(45.285,31.8012049868339,54.7697027748475));
#9880=CARTESIAN_POINT('',(49.0956557624464,30.3536997042837,55.7188865666837));
#9881=CARTESIAN_POINT('',(49.0956557624464,23.8065157418557,60.0121219518825));
#9882=CARTESIAN_POINT('',(49.0956557624464,29.080282696716,56.5539141126298));
#9883=CARTESIAN_POINT('',(53.0000007897615,23.8065157418557,60.0121219518825));
#9884=CARTESIAN_POINT('',(56.5000003948808,23.8065157418557,60.0121219518825));
#9885=CARTESIAN_POINT('',(53.0000007897615,30.3536997042837,55.7188865666837));
#9886=CARTESIAN_POINT('',(53.0000007897615,32.35387467793,54.4072964200305));
#9887=CARTESIAN_POINT('',(54.5478278812232,30.3536997042837,55.7188865666837));
#9888=CARTESIAN_POINT('',(17.6069407604094,17.5217571575799,64.1332751218994));
#9889=CARTESIAN_POINT('',(15.0178191183964,18.7890051726494,63.3022928169358));
#9890=CARTESIAN_POINT('',(27.7128684608392,12.5754013699668,67.3767871137768));
#9891=CARTESIAN_POINT('',(12.4108799822136,17.5475643320727,64.116352384527));
#9892=CARTESIAN_POINT('',(34.699870564268,28.1617220696815,57.1562489500294));
#9893=CARTESIAN_POINT('',(12.3930624880438,15.0388754764266,65.7613942570818));
#9894=CARTESIAN_POINT('',(12.4624909134681,24.8143419627184,59.3512522988577));
#9895=CARTESIAN_POINT('',(14.9821841300567,13.7716274613572,66.5923765620454));
#9896=CARTESIAN_POINT('',(26.382672651493,8.19164766620934,70.2513797064046));
#9897=CARTESIAN_POINT('',(17.5891232662395,15.0130683019338,65.7783169944542));
#9898=CARTESIAN_POINT('',(38.5746442802025,25.0065056192543,59.2252433437522));
#9899=CARTESIAN_POINT('',(17.6674604387488,26.0428792160486,58.5456540999527));
#9900=CARTESIAN_POINT('',(14.8912894242049,12.0835612663019,67.6993052145407));
#9901=CARTESIAN_POINT('',(14.9126937628077,9.57489201858532,69.3443342294368));
#9902=CARTESIAN_POINT('',(14.8081370038812,21.8293386813655,61.3086314997449));
#9903=CARTESIAN_POINT('',(17.5214060149834,8.33605860651248,70.1566840078452));
#9904=CARTESIAN_POINT('',(26.9016092518321,3.88155843227895,73.0776677286541));
#9905=CARTESIAN_POINT('',(20.1087139285564,9.60589444215623,69.3240047713575));
#9906=CARTESIAN_POINT('',(41.4037100672608,20.0573560076564,62.4705873513574));
#9907=CARTESIAN_POINT('',(20.0873095899536,12.1145636898728,67.6789757564614));
#9908=CARTESIAN_POINT('',(19.9934550003284,23.1146757287947,60.4657875342176));
#9909=CARTESIAN_POINT('',(17.4785973377779,13.3533971019456,66.866625978053));
#9910=CARTESIAN_POINT('',(28.1631567007144,8.27948022167568,70.1937845880661));
#9911=CARTESIAN_POINT('',(37.4799395196959,23.1699407496239,60.4295481762967));
#9912=CARTESIAN_POINT('',(17.6069407604094,28.6716820560581,56.8218489589628));
#9913=CARTESIAN_POINT('',(15.0178191183964,29.9389300711276,55.9908666539992));
#9914=CARTESIAN_POINT('',(30.6192130206956,22.3028131988302,60.9981564063254));
#9915=CARTESIAN_POINT('',(12.4108799822136,28.697489230551,56.8049262215905));
#9916=CARTESIAN_POINT('',(31.8331197375734,37.9464821637269,50.7400128227866));
#9917=CARTESIAN_POINT('',(12.3930624880438,26.1888003749049,58.4499680941453));
#9918=CARTESIAN_POINT('',(12.4228971803063,30.3895010613857,55.6954102669447));
#9919=CARTESIAN_POINT('',(14.9821841300567,24.9215523598354,59.2809503991089));
#9920=CARTESIAN_POINT('',(29.2890172113494,17.9190594950728,63.8727489989532));
#9921=CARTESIAN_POINT('',(17.5891232662395,26.162993200412,58.4668908315176));
#9922=CARTESIAN_POINT('',(35.7078934535079,34.7912657132996,52.8090072165094));
#9923=CARTESIAN_POINT('',(17.627866705587,31.6180383147159,54.8898120680397));
#9924=CARTESIAN_POINT('',(14.8912894242049,23.2334861647801,60.3878790516041));
#9925=CARTESIAN_POINT('',(14.9126937628077,20.7248169170635,62.0329080665003));
#9926=CARTESIAN_POINT('',(14.8557009901058,27.4045849245085,57.6527323239134));
#9927=CARTESIAN_POINT('',(17.5214060149834,19.4859835049907,62.8452578449087));
#9928=CARTESIAN_POINT('',(29.7642847040573,13.6720470820182,66.657675171448));
#9929=CARTESIAN_POINT('',(20.1087139285564,20.7558193406345,62.012578608421));
#9930=CARTESIAN_POINT('',(38.4934706288111,29.7789521363502,56.0957702177877));
#9931=CARTESIAN_POINT('',(20.0873095899536,23.264488588351,60.3675495935249));
#9932=CARTESIAN_POINT('',(20.041018986553,28.6899219719377,56.8098883583861));
#9933=CARTESIAN_POINT('',(17.4785973377779,24.5033220004239,59.5551998151164));
#9934=CARTESIAN_POINT('',(31.0258321529396,18.0699688714149,63.77379203086));
#9935=CARTESIAN_POINT('',(34.5697000812461,32.8915368783177,54.0547310427271));
#9936=CARTESIAN_POINT('',(17.6069407604094,39.8216069545363,49.5104227960263));
#9937=CARTESIAN_POINT('',(15.0178191183964,41.0888549696058,48.6794404910627));
#9938=CARTESIAN_POINT('',(33.525557580552,32.0302250276937,54.619525698874));
#9939=CARTESIAN_POINT('',(12.4108799822136,39.8474141290292,49.4935000586539));
#9940=CARTESIAN_POINT('',(28.9663689108788,47.7312422577722,44.3237766955438));
#9941=CARTESIAN_POINT('',(12.3930624880438,37.3387252733831,51.1385419312087));
#9942=CARTESIAN_POINT('',(12.3833034471445,35.9646601600529,52.0395682350318));
#9943=CARTESIAN_POINT('',(14.9821841300567,36.0714772583136,51.9695242361723));
#9944=CARTESIAN_POINT('',(32.1953617712058,27.6464713239362,57.4941182915018));
#9945=CARTESIAN_POINT('',(17.5891232662395,37.3129180988903,51.1554646685811));
#9946=CARTESIAN_POINT('',(32.8411426268133,44.576025807345,46.3927710892665));
#9947=CARTESIAN_POINT('',(17.5882729724252,37.1931974133831,51.2339700361268));
#9948=CARTESIAN_POINT('',(14.8912894242049,34.3834110632584,53.0764528886676));
#9949=CARTESIAN_POINT('',(14.9126937628077,31.8747418155418,54.7214819035637));
#9950=CARTESIAN_POINT('',(14.9032649763304,32.9798311676515,53.9968331480819));
#9951=CARTESIAN_POINT('',(17.5214060149834,30.6359084034689,55.5338316819721));
#9952=CARTESIAN_POINT('',(32.6269601562824,23.4625357317574,60.237682614242));
#9953=CARTESIAN_POINT('',(20.1087139285564,31.9057442391127,54.7011524454844));
#9954=CARTESIAN_POINT('',(35.5832311903613,39.5005482650439,49.720953084218));
#9955=CARTESIAN_POINT('',(20.0873095899536,34.4144134868293,53.0561234305883));
#9956=CARTESIAN_POINT('',(20.0885829727777,34.2651682150807,53.1539891825546));
#9957=CARTESIAN_POINT('',(17.4785973377779,35.6532468989021,52.2437736521799));
#9958=CARTESIAN_POINT('',(33.8885076051648,27.8604575211541,57.353799473654));
#9959=CARTESIAN_POINT('',(31.6594606427963,42.6131330070115,47.6799139091574));
#9960=CARTESIAN_POINT('',(17.6069407604094,50.9715318530146,42.1989966330897));
#9961=CARTESIAN_POINT('',(15.0178191183964,52.238779868084,41.3680143281262));
#9962=CARTESIAN_POINT('',(36.4319021404083,41.7576368565571,48.2408949914225));
#9963=CARTESIAN_POINT('',(12.4108799822136,50.9973390275074,42.1820738957174));
#9964=CARTESIAN_POINT('',(26.0996180841842,57.5160023518175,37.9075405683009));
#9965=CARTESIAN_POINT('',(12.3930624880438,48.4886501718613,43.8271157682722));
#9966=CARTESIAN_POINT('',(12.3437097139827,41.5398192587202,48.3837262031189));
#9967=CARTESIAN_POINT('',(14.9821841300567,47.2214021567919,44.6580980732358));
#9968=CARTESIAN_POINT('',(35.1017063310622,37.3738831527997,51.1154875840503));
#9969=CARTESIAN_POINT('',(17.5891232662395,48.4628429973685,43.8440385056446));
#9970=CARTESIAN_POINT('',(29.9743918001187,54.3607859013903,39.9765349620237));
#9971=CARTESIAN_POINT('',(17.5486792392634,42.7683565120504,47.5781280042138));
#9972=CARTESIAN_POINT('',(14.8912894242049,45.5333359617366,45.7650267257311));
#9973=CARTESIAN_POINT('',(14.9126937628077,43.02466671402,47.4100557406272));
#9974=CARTESIAN_POINT('',(14.950828962555,38.5550774107946,50.3409339722504));
#9975=CARTESIAN_POINT('',(17.5214060149834,41.7858333019472,48.2224055190356));
#9976=CARTESIAN_POINT('',(35.4896356085076,33.2530243814966,53.817690057036));
#9977=CARTESIAN_POINT('',(20.1087139285564,43.0556691375909,47.3897262825479));
#9978=CARTESIAN_POINT('',(32.6729917519115,49.2221443937377,43.3461359506483));
#9979=CARTESIAN_POINT('',(20.0873095899536,45.5643383853075,45.7446972676518));
#9980=CARTESIAN_POINT('',(20.1361469590023,39.8404144582237,49.4980900067231));
#9981=CARTESIAN_POINT('',(17.4785973377779,46.8031717973803,44.9323474892434));
#9982=CARTESIAN_POINT('',(36.7511830573899,37.6509461708934,50.9338069164479));
#9983=CARTESIAN_POINT('',(28.7492212043466,52.3347291357052,41.3050967755877));
#9984=CARTESIAN_POINT('Origin',(80.4764552150313,60.4999986030161,32.8196733835779));
#9985=CARTESIAN_POINT('',(113.952909729708,60.4999986030161,30.000000461936));
#9986=CARTESIAN_POINT('',(113.952909729708,60.4999986030161,31.000000461936));
#9987=CARTESIAN_POINT('',(47.0000007003546,60.4999986030161,30.000000461936));
#9988=CARTESIAN_POINT('',(47.0000007003546,60.4999986030161,35.2950840101379));
#9989=CARTESIAN_POINT('',(47.0000007003546,60.4999986030161,30.000000461936));
#9990=CARTESIAN_POINT('Origin',(22.7848659722939,60.4999986030161,32.8196733835779));
#9991=CARTESIAN_POINT('',(28.5697316912681,60.4999986030161,30.000000461936));
#9992=CARTESIAN_POINT('',(28.5697316912681,60.4999986030161,31.000000461936));
#9993=CARTESIAN_POINT('',(17.0000002533197,60.4999986030161,30.000000461936));
#9994=CARTESIAN_POINT('',(17.0000002533197,60.4999986030161,35.2950840101379));
#9995=CARTESIAN_POINT('',(17.0000002533197,60.4999986030161,30.000000461936));
#9996=CARTESIAN_POINT('Origin',(17.0000002533197,62.4999986030161,30.000000461936));
#9997=CARTESIAN_POINT('',(17.0000002533197,62.4999986030161,30.000000461936));
#9998=CARTESIAN_POINT('',(28.5697316912681,62.4999986030161,30.000000461936));
#9999=CARTESIAN_POINT('',(17.0000002533197,62.4999986030161,30.000000461936));
#10000=CARTESIAN_POINT('',(28.5697316912681,62.4999986030161,30.000000461936));
#10001=CARTESIAN_POINT('',(17.0000002533197,61.4999986030161,30.000000461936));
#10002=CARTESIAN_POINT('Origin',(47.0000007003546,62.4999986030161,30.000000461936));
#10003=CARTESIAN_POINT('',(47.0000007003546,62.4999986030161,30.000000461936));
#10004=CARTESIAN_POINT('',(113.952909729708,62.4999986030161,30.000000461936));
#10005=CARTESIAN_POINT('',(47.0000007003546,62.4999986030161,30.000000461936));
#10006=CARTESIAN_POINT('',(113.952909729708,62.4999986030161,30.000000461936));
#10007=CARTESIAN_POINT('',(47.0000007003546,61.4999986030161,30.000000461936));
#10008=CARTESIAN_POINT('Origin',(20.0873095899536,46.661052309748,47.4171860024235));
#10009=CARTESIAN_POINT('',(20.1087139285564,44.1523830620314,49.0622150173196));
#10010=CARTESIAN_POINT('',(20.1087139285564,44.1523830620314,49.0622150173196));
#10011=CARTESIAN_POINT('',(20.0873095899536,46.661052309748,47.4171860024235));
#10012=CARTESIAN_POINT('',(20.1361469590023,40.9371283826642,51.1705787414948));
#10013=CARTESIAN_POINT('',(20.0873095899536,46.661052309748,47.4171860024235));
#10014=CARTESIAN_POINT('Origin',(17.4785973377779,47.8998857218208,46.6048362240151));
#10015=CARTESIAN_POINT('',(17.4785973377779,47.8998857218208,46.6048362240151));
#10016=CARTESIAN_POINT('',(36.7511830573899,38.7476600953338,52.6062956512197));
#10017=CARTESIAN_POINT('',(17.4785973377779,47.8998857218208,46.6048362240151));
#10018=CARTESIAN_POINT('Origin',(14.8912894242049,46.6300498861771,47.4375154605028));
#10019=CARTESIAN_POINT('',(14.8912894242049,46.6300498861771,47.4375154605028));
#10020=CARTESIAN_POINT('',(28.7492212043466,53.4314430601457,42.9775855103594));
#10021=CARTESIAN_POINT('',(14.8912894242049,46.6300498861771,47.4375154605028));
#10022=CARTESIAN_POINT('Origin',(14.9126937628077,44.1213806384605,49.0825444753989));
#10023=CARTESIAN_POINT('',(14.9126937628077,44.1213806384605,49.0825444753989));
#10024=CARTESIAN_POINT('',(14.950828962555,39.651791335235,52.0134227070221));
#10025=CARTESIAN_POINT('',(14.9126937628077,44.1213806384605,49.0825444753989));
#10026=CARTESIAN_POINT('Origin',(17.5214060149834,42.8825472263877,49.8948942538073));
#10027=CARTESIAN_POINT('',(17.5214060149834,42.8825472263877,49.8948942538073));
#10028=CARTESIAN_POINT('',(35.4896356085076,34.3497383059371,55.4901787918077));
#10029=CARTESIAN_POINT('',(17.5214060149834,42.8825472263877,49.8948942538073));
#10030=CARTESIAN_POINT('Origin',(20.1087139285564,44.1523830620314,49.0622150173196));
#10031=CARTESIAN_POINT('',(32.6729917519115,50.3188583181782,45.0186246854201));
#10032=CARTESIAN_POINT('Origin',(14.9821841300567,48.3181160812324,46.3305868080075));
#10033=CARTESIAN_POINT('',(12.3930624880438,49.5853640963018,45.499604503044));
#10034=CARTESIAN_POINT('',(12.3930624880438,49.5853640963018,45.499604503044));
#10035=CARTESIAN_POINT('',(14.9821841300567,48.3181160812324,46.3305868080075));
#10036=CARTESIAN_POINT('',(35.1017063310622,38.4705970772401,52.7879763188221));
#10037=CARTESIAN_POINT('',(14.9821841300567,48.3181160812324,46.3305868080075));
#10038=CARTESIAN_POINT('Origin',(17.5891232662395,49.559556921809,45.5165272404163));
#10039=CARTESIAN_POINT('',(17.5891232662395,49.559556921809,45.5165272404163));
#10040=CARTESIAN_POINT('',(29.9743918001187,55.4574998258308,41.6490236967954));
#10041=CARTESIAN_POINT('',(17.5891232662395,49.559556921809,45.5165272404163));
#10042=CARTESIAN_POINT('Origin',(17.6069407604094,52.0682457774551,43.8714853678615));
#10043=CARTESIAN_POINT('',(17.6069407604094,52.0682457774551,43.8714853678615));
#10044=CARTESIAN_POINT('',(17.5486792392634,43.8650704364908,49.2506167389855));
#10045=CARTESIAN_POINT('',(17.6069407604094,52.0682457774551,43.8714853678615));
#10046=CARTESIAN_POINT('Origin',(15.0178191183964,53.3354937925245,43.0405030628979));
#10047=CARTESIAN_POINT('',(15.0178191183964,53.3354937925245,43.0405030628979));
#10048=CARTESIAN_POINT('',(36.4319021404083,42.8543507809976,49.9133837261942));
#10049=CARTESIAN_POINT('',(15.0178191183964,53.3354937925245,43.0405030628979));
#10050=CARTESIAN_POINT('Origin',(12.4108799822136,52.0940529519479,43.8545626304891));
#10051=CARTESIAN_POINT('',(12.4108799822136,52.0940529519479,43.8545626304891));
#10052=CARTESIAN_POINT('',(26.0996180841842,58.612716276258,39.5800293030726));
#10053=CARTESIAN_POINT('',(12.4108799822136,52.0940529519479,43.8545626304891));
#10054=CARTESIAN_POINT('Origin',(12.3930624880438,49.5853640963018,45.499604503044));
#10055=CARTESIAN_POINT('',(12.3437097139827,42.6365331831606,50.0562149378906));
#10056=CARTESIAN_POINT('Origin',(20.0873095899536,35.5111274112697,54.7286121653601));
#10057=CARTESIAN_POINT('',(20.1087139285564,33.0024581635532,56.3736411802562));
#10058=CARTESIAN_POINT('',(20.1087139285564,33.0024581635532,56.3736411802562));
#10059=CARTESIAN_POINT('',(20.0873095899536,35.5111274112697,54.7286121653601));
#10060=CARTESIAN_POINT('',(20.0885829727777,35.3618821395212,54.8264779173263));
#10061=CARTESIAN_POINT('',(20.0873095899536,35.5111274112697,54.7286121653601));
#10062=CARTESIAN_POINT('Origin',(17.4785973377779,36.7499608233426,53.9162623869516));
#10063=CARTESIAN_POINT('',(17.4785973377779,36.7499608233426,53.9162623869516));
#10064=CARTESIAN_POINT('',(33.8885076051648,28.9571714455946,59.0262882084257));
#10065=CARTESIAN_POINT('',(17.4785973377779,36.7499608233426,53.9162623869516));
#10066=CARTESIAN_POINT('Origin',(14.8912894242049,35.4801249876988,54.7489416234393));
#10067=CARTESIAN_POINT('',(14.8912894242049,35.4801249876988,54.7489416234393));
#10068=CARTESIAN_POINT('',(31.6594606427963,43.7098469314519,49.3524026439291));
#10069=CARTESIAN_POINT('',(14.8912894242049,35.4801249876988,54.7489416234393));
#10070=CARTESIAN_POINT('Origin',(14.9126937628077,32.9714557399823,56.3939706383355));
#10071=CARTESIAN_POINT('',(14.9126937628077,32.9714557399823,56.3939706383355));
#10072=CARTESIAN_POINT('',(14.9032649763304,34.076545092092,55.6693218828536));
#10073=CARTESIAN_POINT('',(14.9126937628077,32.9714557399823,56.3939706383355));
#10074=CARTESIAN_POINT('Origin',(17.5214060149834,31.7326223279094,57.2063204167439));
#10075=CARTESIAN_POINT('',(17.5214060149834,31.7326223279094,57.2063204167439));
#10076=CARTESIAN_POINT('',(32.6269601562824,24.5592496561979,61.9101713490137));
#10077=CARTESIAN_POINT('',(17.5214060149834,31.7326223279094,57.2063204167439));
#10078=CARTESIAN_POINT('Origin',(20.1087139285564,33.0024581635532,56.3736411802562));
#10079=CARTESIAN_POINT('',(35.5832311903613,40.5972621894844,51.3934418189898));
#10080=CARTESIAN_POINT('Origin',(14.9821841300567,37.1681911827541,53.6420129709441));
#10081=CARTESIAN_POINT('',(12.3930624880438,38.4354391978236,52.8110306659805));
#10082=CARTESIAN_POINT('',(12.3930624880438,38.4354391978236,52.8110306659805));
#10083=CARTESIAN_POINT('',(14.9821841300567,37.1681911827541,53.6420129709441));
#10084=CARTESIAN_POINT('',(32.1953617712058,28.7431852483767,59.1666070262735));
#10085=CARTESIAN_POINT('',(14.9821841300567,37.1681911827541,53.6420129709441));
#10086=CARTESIAN_POINT('Origin',(17.5891232662395,38.4096320233308,52.8279534033528));
#10087=CARTESIAN_POINT('',(17.5891232662395,38.4096320233308,52.8279534033528));
#10088=CARTESIAN_POINT('',(32.8411426268133,45.6727397317855,48.0652598240383));
#10089=CARTESIAN_POINT('',(17.5891232662395,38.4096320233308,52.8279534033528));
#10090=CARTESIAN_POINT('Origin',(17.6069407604094,40.9183208789768,51.182911530798));
#10091=CARTESIAN_POINT('',(17.6069407604094,40.9183208789768,51.182911530798));
#10092=CARTESIAN_POINT('',(17.5882729724252,38.2899113378236,52.9064587708985));
#10093=CARTESIAN_POINT('',(17.6069407604094,40.9183208789768,51.182911530798));
#10094=CARTESIAN_POINT('Origin',(15.0178191183964,42.1855688940463,50.3519292258345));
#10095=CARTESIAN_POINT('',(15.0178191183964,42.1855688940463,50.3519292258345));
#10096=CARTESIAN_POINT('',(33.525557580552,33.1269389521341,56.2920144336457));
#10097=CARTESIAN_POINT('',(15.0178191183964,42.1855688940463,50.3519292258345));
#10098=CARTESIAN_POINT('Origin',(12.4108799822136,40.9441280534697,51.1659887934257));
#10099=CARTESIAN_POINT('',(12.4108799822136,40.9441280534697,51.1659887934257));
#10100=CARTESIAN_POINT('',(28.9663689108788,48.8279561822127,45.9962654303155));
#10101=CARTESIAN_POINT('',(12.4108799822136,40.9441280534697,51.1659887934257));
#10102=CARTESIAN_POINT('Origin',(12.3930624880438,38.4354391978236,52.8110306659805));
#10103=CARTESIAN_POINT('',(12.3833034471445,37.0613740844934,53.7120569698035));
#10104=CARTESIAN_POINT('Origin',(20.0873095899536,24.3612025127915,62.0400383282966));
#10105=CARTESIAN_POINT('',(20.1087139285564,21.8525332650749,63.6850673431927));
#10106=CARTESIAN_POINT('',(20.1087139285564,21.8525332650749,63.6850673431927));
#10107=CARTESIAN_POINT('',(20.0873095899536,24.3612025127915,62.0400383282966));
#10108=CARTESIAN_POINT('',(20.041018986553,29.7866358963782,58.4823770931578));
#10109=CARTESIAN_POINT('',(20.0873095899536,24.3612025127915,62.0400383282966));
#10110=CARTESIAN_POINT('Origin',(17.4785973377779,25.6000359248644,61.2276885498882));
#10111=CARTESIAN_POINT('',(17.4785973377779,25.6000359248644,61.2276885498882));
#10112=CARTESIAN_POINT('',(31.0258321529396,19.1666827958554,65.4462807656318));
#10113=CARTESIAN_POINT('',(17.4785973377779,25.6000359248644,61.2276885498882));
#10114=CARTESIAN_POINT('Origin',(14.8912894242049,24.3302000892206,62.0603677863759));
#10115=CARTESIAN_POINT('',(14.8912894242049,24.3302000892206,62.0603677863759));
#10116=CARTESIAN_POINT('',(34.5697000812461,33.9882508027582,55.7272197774988));
#10117=CARTESIAN_POINT('',(14.8912894242049,24.3302000892206,62.0603677863759));
#10118=CARTESIAN_POINT('Origin',(14.9126937628077,21.821530841504,63.705396801272));
#10119=CARTESIAN_POINT('',(14.9126937628077,21.821530841504,63.705396801272));
#10120=CARTESIAN_POINT('',(14.8557009901058,28.501298848949,59.3252210586851));
#10121=CARTESIAN_POINT('',(14.9126937628077,21.821530841504,63.705396801272));
#10122=CARTESIAN_POINT('Origin',(17.5214060149834,20.5826974294312,64.5177465796804));
#10123=CARTESIAN_POINT('',(17.5214060149834,20.5826974294312,64.5177465796804));
#10124=CARTESIAN_POINT('',(29.7642847040573,14.7687610064587,68.3301639062198));
#10125=CARTESIAN_POINT('',(17.5214060149834,20.5826974294312,64.5177465796804));
#10126=CARTESIAN_POINT('Origin',(20.1087139285564,21.8525332650749,63.6850673431927));
#10127=CARTESIAN_POINT('',(38.4934706288111,30.8756660607907,57.7682589525594));
#10128=CARTESIAN_POINT('Origin',(14.9821841300567,26.0182662842759,60.9534391338806));
#10129=CARTESIAN_POINT('',(12.3930624880438,27.2855142993454,60.122456828917));
#10130=CARTESIAN_POINT('',(12.3930624880438,27.2855142993454,60.122456828917));
#10131=CARTESIAN_POINT('',(14.9821841300567,26.0182662842759,60.9534391338806));
#10132=CARTESIAN_POINT('',(29.2890172113494,19.0157734195133,65.5452377337249));
#10133=CARTESIAN_POINT('',(14.9821841300567,26.0182662842759,60.9534391338806));
#10134=CARTESIAN_POINT('Origin',(17.5891232662395,27.2597071248525,60.1393795662894));
#10135=CARTESIAN_POINT('',(17.5891232662395,27.2597071248525,60.1393795662894));
#10136=CARTESIAN_POINT('',(35.7078934535079,35.8879796377401,54.4814959512811));
#10137=CARTESIAN_POINT('',(17.5891232662395,27.2597071248525,60.1393795662894));
#10138=CARTESIAN_POINT('Origin',(17.6069407604094,29.7683959804986,58.4943376937346));
#10139=CARTESIAN_POINT('',(17.6069407604094,29.7683959804986,58.4943376937346));
#10140=CARTESIAN_POINT('',(17.627866705587,32.7147522391564,56.5623008028114));
#10141=CARTESIAN_POINT('',(17.6069407604094,29.7683959804986,58.4943376937346));
#10142=CARTESIAN_POINT('Origin',(15.0178191183964,31.0356439955681,57.663355388771));
#10143=CARTESIAN_POINT('',(15.0178191183964,31.0356439955681,57.663355388771));
#10144=CARTESIAN_POINT('',(30.6192130206956,23.3995271232707,62.6706451410971));
#10145=CARTESIAN_POINT('',(15.0178191183964,31.0356439955681,57.663355388771));
#10146=CARTESIAN_POINT('Origin',(12.4108799822136,29.7942031549914,58.4774149563622));
#10147=CARTESIAN_POINT('',(12.4108799822136,29.7942031549914,58.4774149563622));
#10148=CARTESIAN_POINT('',(31.8331197375734,39.0431960881674,52.4125015575583));
#10149=CARTESIAN_POINT('',(12.4108799822136,29.7942031549914,58.4774149563622));
#10150=CARTESIAN_POINT('Origin',(12.3930624880438,27.2855142993454,60.122456828917));
#10151=CARTESIAN_POINT('',(12.4228971803063,31.4862149858262,57.3678990017165));
#10152=CARTESIAN_POINT('Origin',(20.0873095899536,13.2112776143133,69.3514644912331));
#10153=CARTESIAN_POINT('',(20.1087139285564,10.7026083665967,70.9964935061293));
#10154=CARTESIAN_POINT('',(20.1087139285564,10.7026083665967,70.9964935061293));
#10155=CARTESIAN_POINT('',(20.0873095899536,13.2112776143133,69.3514644912331));
#10156=CARTESIAN_POINT('',(19.9934550003284,24.2113896532351,62.1382762689893));
#10157=CARTESIAN_POINT('',(20.0873095899536,13.2112776143133,69.3514644912331));
#10158=CARTESIAN_POINT('Origin',(17.4785973377779,14.4501110263861,68.5391147128247));
#10159=CARTESIAN_POINT('',(17.4785973377779,14.4501110263861,68.5391147128247));
#10160=CARTESIAN_POINT('',(28.1631567007144,9.37619414611617,71.8662733228378));
#10161=CARTESIAN_POINT('',(17.4785973377779,14.4501110263861,68.5391147128247));
#10162=CARTESIAN_POINT('Origin',(14.8912894242049,13.1802751907424,69.3717939493124));
#10163=CARTESIAN_POINT('',(14.8912894242049,13.1802751907424,69.3717939493124));
#10164=CARTESIAN_POINT('',(37.4799395196959,24.2666546740644,62.1020369110685));
#10165=CARTESIAN_POINT('',(14.8912894242049,13.1802751907424,69.3717939493124));
#10166=CARTESIAN_POINT('Origin',(14.9126937628077,10.6716059430258,71.0168229642085));
#10167=CARTESIAN_POINT('',(14.9126937628077,10.6716059430258,71.0168229642085));
#10168=CARTESIAN_POINT('',(14.8081370038812,22.9260526058059,62.9811202345166));
#10169=CARTESIAN_POINT('',(14.9126937628077,10.6716059430258,71.0168229642085));
#10170=CARTESIAN_POINT('Origin',(17.5214060149834,9.43277253095297,71.829172742617));
#10171=CARTESIAN_POINT('',(17.5214060149834,9.43277253095297,71.829172742617));
#10172=CARTESIAN_POINT('',(26.9016092518321,4.97827235671944,74.7501564634258));
#10173=CARTESIAN_POINT('',(17.5214060149834,9.43277253095297,71.829172742617));
#10174=CARTESIAN_POINT('Origin',(20.1087139285564,10.7026083665967,70.9964935061293));
#10175=CARTESIAN_POINT('',(41.4037100672608,21.1540699320969,64.1430760861291));
#10176=CARTESIAN_POINT('Origin',(14.9821841300567,14.8683413857977,68.2648652968172));
#10177=CARTESIAN_POINT('',(12.3930624880438,16.1355894008671,67.4338829918536));
#10178=CARTESIAN_POINT('',(12.3930624880438,16.1355894008671,67.4338829918536));
#10179=CARTESIAN_POINT('',(14.9821841300567,14.8683413857977,68.2648652968172));
#10180=CARTESIAN_POINT('',(26.382672651493,9.28836159064982,71.9238684411764));
#10181=CARTESIAN_POINT('',(14.9821841300567,14.8683413857977,68.2648652968172));
#10182=CARTESIAN_POINT('Origin',(17.5891232662395,16.1097822263743,67.4508057292259));
#10183=CARTESIAN_POINT('',(17.5891232662395,16.1097822263743,67.4508057292259));
#10184=CARTESIAN_POINT('',(38.5746442802025,26.1032195436948,60.8977320785239));
#10185=CARTESIAN_POINT('',(17.5891232662395,16.1097822263743,67.4508057292259));
#10186=CARTESIAN_POINT('Origin',(17.6069407604094,18.6184710820204,65.8057638566711));
#10187=CARTESIAN_POINT('',(17.6069407604094,18.6184710820204,65.8057638566711));
#10188=CARTESIAN_POINT('',(17.6674604387488,27.1395931404891,60.2181428347244));
#10189=CARTESIAN_POINT('',(17.6069407604094,18.6184710820204,65.8057638566711));
#10190=CARTESIAN_POINT('Origin',(15.0178191183964,19.8857190970898,64.9747815517075));
#10191=CARTESIAN_POINT('',(15.0178191183964,19.8857190970898,64.9747815517075));
#10192=CARTESIAN_POINT('',(27.7128684608392,13.6721152944073,69.0492758485486));
#10193=CARTESIAN_POINT('',(15.0178191183964,19.8857190970898,64.9747815517075));
#10194=CARTESIAN_POINT('Origin',(12.4108799822136,18.6442782565132,65.7888411192988));
#10195=CARTESIAN_POINT('',(12.4108799822136,18.6442782565132,65.7888411192988));
#10196=CARTESIAN_POINT('',(34.699870564268,29.258435994122,58.8287376848012));
#10197=CARTESIAN_POINT('',(12.4108799822136,18.6442782565132,65.7888411192988));
#10198=CARTESIAN_POINT('Origin',(12.3930624880438,16.1355894008671,67.4338829918536));
#10199=CARTESIAN_POINT('',(12.4624909134681,25.9110558871589,61.0237410336294));
#10200=CARTESIAN_POINT('Origin',(67.0873095899536,46.661052309748,47.4171860024235));
#10201=CARTESIAN_POINT('',(67.1087139285564,44.1523830620314,49.0622150173196));
#10202=CARTESIAN_POINT('',(67.1087139285564,44.1523830620314,49.0622150173196));
#10203=CARTESIAN_POINT('',(67.0873095899536,46.661052309748,47.4171860024235));
#10204=CARTESIAN_POINT('',(67.1349506896457,41.0773356650511,51.0786395399296));
#10205=CARTESIAN_POINT('',(67.0873095899536,46.661052309748,47.4171860024235));
#10206=CARTESIAN_POINT('Origin',(64.4785973377778,47.8998857218208,46.6048362240151));
#10207=CARTESIAN_POINT('',(64.4785973377778,47.8998857218208,46.6048362240151));
#10208=CARTESIAN_POINT('',(65.9815807302436,47.1861442799181,47.0728633990333));
#10209=CARTESIAN_POINT('',(64.4785973377778,47.8998857218208,46.6048362240151));
#10210=CARTESIAN_POINT('Origin',(61.8912894242049,46.6300498861771,47.4375154605028));
#10211=CARTESIAN_POINT('',(61.8912894242049,46.6300498861771,47.4375154605028));
#10212=CARTESIAN_POINT('',(58.2700198008494,44.8527515931746,48.602956964111));
#10213=CARTESIAN_POINT('',(61.8912894242049,46.6300498861771,47.4375154605028));
#10214=CARTESIAN_POINT('Origin',(61.9126937628077,44.1213806384605,49.0825444753989));
#10215=CARTESIAN_POINT('',(61.9126937628077,44.1213806384605,49.0825444753989));
#10216=CARTESIAN_POINT('',(61.9496326931984,39.7919986176219,51.921483505457));
#10217=CARTESIAN_POINT('',(61.9126937628077,44.1213806384605,49.0825444753989));
#10218=CARTESIAN_POINT('Origin',(64.5214060149834,42.8825472263877,49.8948942538073));
#10219=CARTESIAN_POINT('',(64.5214060149834,42.8825472263877,49.8948942538073));
#10220=CARTESIAN_POINT('',(64.7200332813613,42.7882224905213,49.9567465396213));
#10221=CARTESIAN_POINT('',(64.5214060149834,42.8825472263877,49.8948942538073));
#10222=CARTESIAN_POINT('Origin',(67.1087139285564,44.1523830620314,49.0622150173196));
#10223=CARTESIAN_POINT('',(62.1937903484144,41.7401668512071,50.6439961391716));
#10224=CARTESIAN_POINT('Origin',(61.9821841300567,48.3181160812324,46.3305868080075));
#10225=CARTESIAN_POINT('',(59.3930624880437,49.5853640963018,45.499604503044));
#10226=CARTESIAN_POINT('',(59.3930624880437,49.5853640963018,45.499604503044));
#10227=CARTESIAN_POINT('',(61.9821841300567,48.3181160812324,46.3305868080075));
#10228=CARTESIAN_POINT('',(64.5979901518635,47.0378073714553,47.1701335029433));
#10229=CARTESIAN_POINT('',(61.9821841300567,48.3181160812324,46.3305868080075));
#10230=CARTESIAN_POINT('Origin',(64.5891232662395,49.559556921809,45.5165272404163));
#10231=CARTESIAN_POINT('',(64.5891232662395,49.559556921809,45.5165272404163));
#10232=CARTESIAN_POINT('',(59.2289369107412,47.0070024097152,47.1903334778548));
#10233=CARTESIAN_POINT('',(64.5891232662395,49.559556921809,45.5165272404163));
#10234=CARTESIAN_POINT('Origin',(64.6069407604094,52.0682457774551,43.8714853678615));
#10235=CARTESIAN_POINT('',(64.6069407604094,52.0682457774551,43.8714853678615));
#10236=CARTESIAN_POINT('',(64.5478503078396,43.7483575583912,49.327149773805));
#10237=CARTESIAN_POINT('',(64.6069407604094,52.0682457774551,43.8714853678615));
#10238=CARTESIAN_POINT('Origin',(62.0178191183964,53.3354937925245,43.0405030628979));
#10239=CARTESIAN_POINT('',(62.0178191183964,53.3354937925245,43.0405030628979));
#10240=CARTESIAN_POINT('',(65.9281859612097,51.4215610752128,44.2955409103154));
#10241=CARTESIAN_POINT('',(62.0178191183964,53.3354937925245,43.0405030628979));
#10242=CARTESIAN_POINT('Origin',(59.4108799822136,52.0940529519479,43.8545626304891));
#10243=CARTESIAN_POINT('',(59.4108799822136,52.0940529519479,43.8545626304891));
#10244=CARTESIAN_POINT('',(55.3541631948067,50.1622188601425,45.121339084132));
#10245=CARTESIAN_POINT('',(59.4108799822136,52.0940529519479,43.8545626304891));
#10246=CARTESIAN_POINT('Origin',(59.3930624880437,49.5853640963018,45.499604503044));
#10247=CARTESIAN_POINT('',(59.3428807825589,42.519820305061,50.13274797271));
#10248=CARTESIAN_POINT('Origin',(79.0873095899536,46.661052309748,47.4171860024235));
#10249=CARTESIAN_POINT('',(79.1087139285564,44.1523830620314,49.0622150173196));
#10250=CARTESIAN_POINT('',(79.1087139285564,44.1523830620314,49.0622150173196));
#10251=CARTESIAN_POINT('',(79.0873095899536,46.661052309748,47.4171860024235));
#10252=CARTESIAN_POINT('',(79.1346452591717,41.1131332690648,51.0551657012321));
#10253=CARTESIAN_POINT('',(79.0873095899536,46.661052309748,47.4171860024235));
#10254=CARTESIAN_POINT('Origin',(76.4785973377778,47.8998857218208,46.6048362240151));
#10255=CARTESIAN_POINT('',(76.4785973377778,47.8998857218208,46.6048362240151));
#10256=CARTESIAN_POINT('',(73.4446609871425,49.3406508802375,45.6600721857091));
#10257=CARTESIAN_POINT('',(76.4785973377778,47.8998857218208,46.6048362240151));
#10258=CARTESIAN_POINT('Origin',(73.8912894242049,46.6300498861771,47.4375154605028));
#10259=CARTESIAN_POINT('',(73.8912894242049,46.6300498861771,47.4375154605028));
#10260=CARTESIAN_POINT('',(65.8072449744246,42.6624473888416,50.0392220161326));
#10261=CARTESIAN_POINT('',(73.8912894242049,46.6300498861771,47.4375154605028));
#10262=CARTESIAN_POINT('Origin',(73.9126937628077,44.1213806384605,49.0825444753989));
#10263=CARTESIAN_POINT('',(73.9126937628077,44.1213806384605,49.0825444753989));
#10264=CARTESIAN_POINT('',(73.9493272627244,39.8277962216356,51.8980096667595));
#10265=CARTESIAN_POINT('',(73.9126937628077,44.1213806384605,49.0825444753989));
#10266=CARTESIAN_POINT('Origin',(76.5214060149834,42.8825472263877,49.8948942538073));
#10267=CARTESIAN_POINT('',(76.5214060149834,42.8825472263877,49.8948942538073));
#10268=CARTESIAN_POINT('',(72.1831135382602,44.9427290908407,48.5439553262971));
#10269=CARTESIAN_POINT('',(76.5214060149834,42.8825472263877,49.8948942538073));
#10270=CARTESIAN_POINT('Origin',(79.1087139285564,44.1523830620314,49.0622150173196));
#10271=CARTESIAN_POINT('',(69.7310155219895,39.549862646874,52.0802611911933));
#10272=CARTESIAN_POINT('Origin',(73.9821841300567,48.3181160812324,46.3305868080075));
#10273=CARTESIAN_POINT('',(71.3930624880438,49.5853640963018,45.499604503044));
#10274=CARTESIAN_POINT('',(71.3930624880438,49.5853640963018,45.499604503044));
#10275=CARTESIAN_POINT('',(73.9821841300567,48.3181160812324,46.3305868080075));
#10276=CARTESIAN_POINT('',(72.1289562337702,49.2251802125315,45.7357906563359));
#10277=CARTESIAN_POINT('',(73.9821841300567,48.3181160812324,46.3305868080075));
#10278=CARTESIAN_POINT('Origin',(76.5891232662395,49.559556921809,45.5165272404163));
#10279=CARTESIAN_POINT('',(76.5891232662395,49.559556921809,45.5165272404163));
#10280=CARTESIAN_POINT('',(66.6981824709002,44.8494286013453,48.6051359751465));
#10281=CARTESIAN_POINT('',(76.5891232662395,49.559556921809,45.5165272404163));
#10282=CARTESIAN_POINT('Origin',(76.6069407604094,52.0682457774551,43.8714853678615));
#10283=CARTESIAN_POINT('',(76.6069407604094,52.0682457774551,43.8714853678615));
#10284=CARTESIAN_POINT('',(76.5476386657739,43.7185585256849,49.3466901231206));
#10285=CARTESIAN_POINT('',(76.6069407604094,52.0682457774551,43.8714853678615));
#10286=CARTESIAN_POINT('Origin',(74.0178191183964,53.3354937925245,43.0405030628979));
#10287=CARTESIAN_POINT('',(74.0178191183964,53.3354937925245,43.0405030628979));
#10288=CARTESIAN_POINT('',(73.4591520431164,53.608933916289,42.8611980637081));
#10289=CARTESIAN_POINT('',(74.0178191183964,53.3354937925245,43.0405030628979));
#10290=CARTESIAN_POINT('Origin',(71.4108799822136,52.0940529519479,43.8545626304891));
#10291=CARTESIAN_POINT('',(71.4108799822136,52.0940529519479,43.8545626304891));
#10292=CARTESIAN_POINT('',(62.8234087549656,48.0046450517726,46.5361415814238));
#10293=CARTESIAN_POINT('',(71.4108799822136,52.0940529519479,43.8545626304891));
#10294=CARTESIAN_POINT('Origin',(71.3930624880438,49.5853640963018,45.499604503044));
#10295=CARTESIAN_POINT('',(71.3426691404932,42.4900212723547,50.1522883220256));
#10296=CARTESIAN_POINT('Origin',(91.0873095899536,46.661052309748,47.4171860024235));
#10297=CARTESIAN_POINT('',(91.1087139285564,44.1523830620314,49.0622150173196));
#10298=CARTESIAN_POINT('',(91.1087139285564,44.1523830620314,49.0622150173196));
#10299=CARTESIAN_POINT('',(91.0873095899536,46.661052309748,47.4171860024235));
#10300=CARTESIAN_POINT('',(91.1343398286977,41.1489308730785,51.0316918625347));
#10301=CARTESIAN_POINT('',(91.0873095899536,46.661052309748,47.4171860024235));
#10302=CARTESIAN_POINT('Origin',(88.4785973377778,47.8998857218208,46.6048362240151));
#10303=CARTESIAN_POINT('',(88.4785973377778,47.8998857218208,46.6048362240151));
#10304=CARTESIAN_POINT('',(80.9077412440413,51.4951574805568,44.2472809723849));
#10305=CARTESIAN_POINT('',(88.4785973377778,47.8998857218208,46.6048362240151));
#10306=CARTESIAN_POINT('Origin',(85.8912894242049,46.6300498861771,47.4375154605028));
#10307=CARTESIAN_POINT('',(85.8912894242049,46.6300498861771,47.4375154605028));
#10308=CARTESIAN_POINT('',(73.3444701479997,40.4721431845085,51.4754870681543));
#10309=CARTESIAN_POINT('',(85.8912894242049,46.6300498861771,47.4375154605028));
#10310=CARTESIAN_POINT('Origin',(85.9126937628077,44.1213806384605,49.0825444753989));
#10311=CARTESIAN_POINT('',(85.9126937628077,44.1213806384605,49.0825444753989));
#10312=CARTESIAN_POINT('',(85.9490218322504,39.8635938256493,51.874535828062));
#10313=CARTESIAN_POINT('',(85.9126937628077,44.1213806384605,49.0825444753989));
#10314=CARTESIAN_POINT('Origin',(88.5214060149834,42.8825472263877,49.8948942538073));
#10315=CARTESIAN_POINT('',(88.5214060149834,42.8825472263877,49.8948942538073));
#10316=CARTESIAN_POINT('',(79.646193795159,47.0972356911601,47.1311641129729));
#10317=CARTESIAN_POINT('',(88.5214060149834,42.8825472263877,49.8948942538073));
#10318=CARTESIAN_POINT('Origin',(91.1087139285564,44.1523830620314,49.0622150173196));
#10319=CARTESIAN_POINT('',(77.2682406955647,37.3595584425409,53.516526243215));
#10320=CARTESIAN_POINT('Origin',(85.9821841300567,48.3181160812324,46.3305868080075));
#10321=CARTESIAN_POINT('',(83.3930624880438,49.5853640963018,45.4996045030439));
#10322=CARTESIAN_POINT('',(83.3930624880438,49.5853640963018,45.4996045030439));
#10323=CARTESIAN_POINT('',(85.9821841300567,48.3181160812324,46.3305868080075));
#10324=CARTESIAN_POINT('',(79.6599223156769,51.4125530536078,44.3014478097286));
#10325=CARTESIAN_POINT('',(85.9821841300567,48.3181160812324,46.3305868080075));
#10326=CARTESIAN_POINT('Origin',(88.5891232662395,49.559556921809,45.5165272404163));
#10327=CARTESIAN_POINT('',(88.5891232662395,49.559556921809,45.5165272404163));
#10328=CARTESIAN_POINT('',(74.1674280310591,42.6918547929754,50.0199384724383));
#10329=CARTESIAN_POINT('',(88.5891232662395,49.559556921809,45.5165272404163));
#10330=CARTESIAN_POINT('Origin',(88.6069407604094,52.0682457774551,43.8714853678615));
#10331=CARTESIAN_POINT('',(88.6069407604094,52.0682457774551,43.8714853678615));
#10332=CARTESIAN_POINT('',(88.5474270237083,43.6887594929786,49.3662304724362));
#10333=CARTESIAN_POINT('',(88.6069407604094,52.0682457774551,43.8714853678615));
#10334=CARTESIAN_POINT('Origin',(86.0178191183964,53.3354937925245,43.0405030628979));
#10335=CARTESIAN_POINT('',(86.0178191183964,53.3354937925245,43.0405030628979));
#10336=CARTESIAN_POINT('',(80.9901181250231,55.7963067573652,41.4268552171007));
#10337=CARTESIAN_POINT('',(86.0178191183964,53.3354937925245,43.0405030628979));
#10338=CARTESIAN_POINT('Origin',(83.4108799822136,52.0940529519479,43.8545626304891));
#10339=CARTESIAN_POINT('',(83.4108799822136,52.0940529519479,43.8545626304891));
#10340=CARTESIAN_POINT('',(70.2926543151246,45.8470712434026,47.9509440787155));
#10341=CARTESIAN_POINT('',(83.4108799822136,52.0940529519479,43.8545626304891));
#10342=CARTESIAN_POINT('Origin',(83.3930624880438,49.5853640963018,45.4996045030439));
#10343=CARTESIAN_POINT('',(83.3424574984276,42.4602222396484,50.1718286713412));
#10344=CARTESIAN_POINT('Origin',(103.087309589954,46.661052309748,47.4171860024235));
#10345=CARTESIAN_POINT('',(103.108713928556,44.1523830620314,49.0622150173196));
#10346=CARTESIAN_POINT('',(103.108713928556,44.1523830620314,49.0622150173196));
#10347=CARTESIAN_POINT('',(103.087309589954,46.661052309748,47.4171860024235));
#10348=CARTESIAN_POINT('',(103.134034398224,41.1847284770921,51.0082180238372));
#10349=CARTESIAN_POINT('',(103.087309589954,46.661052309748,47.4171860024235));
#10350=CARTESIAN_POINT('Origin',(100.478597337778,47.8998857218208,46.6048362240151));
#10351=CARTESIAN_POINT('',(100.478597337778,47.8998857218208,46.6048362240151));
#10352=CARTESIAN_POINT('',(88.3708215009401,53.6496640808762,42.8344897590607));
#10353=CARTESIAN_POINT('',(100.478597337778,47.8998857218208,46.6048362240151));
#10354=CARTESIAN_POINT('Origin',(97.8912894242049,46.6300498861771,47.4375154605028));
#10355=CARTESIAN_POINT('',(97.8912894242049,46.6300498861771,47.4375154605028));
#10356=CARTESIAN_POINT('',(80.8816953215749,38.2818389801755,52.911752120176));
#10357=CARTESIAN_POINT('',(97.8912894242049,46.6300498861771,47.4375154605028));
#10358=CARTESIAN_POINT('Origin',(97.9126937628077,44.1213806384605,49.0825444753989));
#10359=CARTESIAN_POINT('',(97.9126937628077,44.1213806384605,49.0825444753989));
#10360=CARTESIAN_POINT('',(97.9487164017764,39.8993914296629,51.8510619893645));
#10361=CARTESIAN_POINT('',(97.9126937628077,44.1213806384605,49.0825444753989));
#10362=CARTESIAN_POINT('Origin',(100.521406014983,42.8825472263877,49.8948942538073));
#10363=CARTESIAN_POINT('',(100.521406014983,42.8825472263877,49.8948942538073));
#10364=CARTESIAN_POINT('',(87.1092740520578,49.2517422914795,45.7183728996487));
#10365=CARTESIAN_POINT('',(100.521406014983,42.8825472263877,49.8948942538073));
#10366=CARTESIAN_POINT('Origin',(103.108713928556,44.1523830620314,49.0622150173196));
#10367=CARTESIAN_POINT('',(84.8054658691399,35.1692542382079,54.9527912952367));
#10368=CARTESIAN_POINT('Origin',(97.9821841300567,48.3181160812324,46.3305868080075));
#10369=CARTESIAN_POINT('',(95.3930624880438,49.5853640963018,45.4996045030439));
#10370=CARTESIAN_POINT('',(95.3930624880438,49.5853640963018,45.4996045030439));
#10371=CARTESIAN_POINT('',(97.9821841300567,48.3181160812324,46.3305868080075));
#10372=CARTESIAN_POINT('',(87.1908883975836,53.599925894684,42.8671049631212));
#10373=CARTESIAN_POINT('',(97.9821841300567,48.3181160812324,46.3305868080075));
#10374=CARTESIAN_POINT('Origin',(100.58912326624,49.559556921809,45.5165272404163));
#10375=CARTESIAN_POINT('',(100.58912326624,49.559556921809,45.5165272404163));
#10376=CARTESIAN_POINT('',(81.6366735912181,40.5342809846055,51.4347409697301));
#10377=CARTESIAN_POINT('',(100.58912326624,49.559556921809,45.5165272404163));
#10378=CARTESIAN_POINT('Origin',(100.606940760409,52.0682457774551,43.8714853678615));
#10379=CARTESIAN_POINT('',(100.606940760409,52.0682457774551,43.8714853678615));
#10380=CARTESIAN_POINT('',(100.547215381643,43.6589604602723,49.3857708217518));
#10381=CARTESIAN_POINT('',(100.606940760409,52.0682457774551,43.8714853678615));
#10382=CARTESIAN_POINT('Origin',(98.0178191183964,53.3354937925245,43.0405030628979));
#10383=CARTESIAN_POINT('',(98.0178191183964,53.3354937925245,43.0405030628979));
#10384=CARTESIAN_POINT('',(88.5210842069298,57.9836795984414,39.9925123704934));
#10385=CARTESIAN_POINT('',(98.0178191183964,53.3354937925245,43.0405030628979));
#10386=CARTESIAN_POINT('Origin',(95.4108799822136,52.0940529519479,43.8545626304891));
#10387=CARTESIAN_POINT('',(95.4108799822136,52.0940529519479,43.8545626304891));
#10388=CARTESIAN_POINT('',(77.7618998752835,43.6894974350327,49.3657465760073));
#10389=CARTESIAN_POINT('',(95.4108799822136,52.0940529519479,43.8545626304891));
#10390=CARTESIAN_POINT('Origin',(95.3930624880438,49.5853640963018,45.4996045030439));
#10391=CARTESIAN_POINT('',(95.3422458563619,42.4304232069421,50.1913690206568));
#10392=CARTESIAN_POINT('Origin',(115.087309589954,46.661052309748,47.4171860024235));
#10393=CARTESIAN_POINT('',(115.108713928556,44.1523830620314,49.0622150173196));
#10394=CARTESIAN_POINT('',(115.108713928556,44.1523830620314,49.0622150173196));
#10395=CARTESIAN_POINT('',(115.087309589954,46.661052309748,47.4171860024235));
#10396=CARTESIAN_POINT('',(115.13372896775,41.2205260811058,50.9847441851397));
#10397=CARTESIAN_POINT('',(115.087309589954,46.661052309748,47.4171860024235));
#10398=CARTESIAN_POINT('Origin',(112.478597337778,47.8998857218208,46.6048362240151));
#10399=CARTESIAN_POINT('',(112.478597337778,47.8998857218208,46.6048362240151));
#10400=CARTESIAN_POINT('',(95.8339017578389,55.8041706811956,41.4216985457365));
#10401=CARTESIAN_POINT('',(112.478597337778,47.8998857218208,46.6048362240151));
#10402=CARTESIAN_POINT('Origin',(109.891289424205,46.6300498861771,47.4375154605028));
#10403=CARTESIAN_POINT('',(109.891289424205,46.6300498861771,47.4375154605028));
#10404=CARTESIAN_POINT('',(88.4189204951501,36.0915347758424,54.3480171721976));
#10405=CARTESIAN_POINT('',(109.891289424205,46.6300498861771,47.4375154605028));
#10406=CARTESIAN_POINT('Origin',(109.912693762808,44.1213806384605,49.0825444753989));
#10407=CARTESIAN_POINT('',(109.912693762808,44.1213806384605,49.0825444753989));
#10408=CARTESIAN_POINT('',(109.948410971302,39.9351890336766,51.827588150667));
#10409=CARTESIAN_POINT('',(109.912693762808,44.1213806384605,49.0825444753989));
#10410=CARTESIAN_POINT('Origin',(112.521406014983,42.8825472263877,49.8948942538073));
#10411=CARTESIAN_POINT('',(112.521406014983,42.8825472263877,49.8948942538073));
#10412=CARTESIAN_POINT('',(94.5723543089566,51.4062488917989,44.3055816863245));
#10413=CARTESIAN_POINT('',(112.521406014983,42.8825472263877,49.8948942538073));
#10414=CARTESIAN_POINT('Origin',(115.108713928556,44.1523830620314,49.0622150173196));
#10415=CARTESIAN_POINT('',(92.3426910427151,32.9789500338748,56.3890563472583));
#10416=CARTESIAN_POINT('Origin',(109.982184130057,48.3181160812324,46.3305868080075));
#10417=CARTESIAN_POINT('',(107.393062488044,49.5853640963018,45.4996045030439));
#10418=CARTESIAN_POINT('',(107.393062488044,49.5853640963018,45.4996045030439));
#10419=CARTESIAN_POINT('',(109.982184130057,48.3181160812324,46.3305868080075));
#10420=CARTESIAN_POINT('',(94.7218544794904,55.7872987357602,41.4327621165139));
#10421=CARTESIAN_POINT('',(109.982184130057,48.3181160812324,46.3305868080075));
#10422=CARTESIAN_POINT('Origin',(112.58912326624,49.559556921809,45.5165272404163));
#10423=CARTESIAN_POINT('',(112.58912326624,49.559556921809,45.5165272404163));
#10424=CARTESIAN_POINT('',(89.105919151377,38.3767071762355,52.8495434670218));
#10425=CARTESIAN_POINT('',(112.58912326624,49.559556921809,45.5165272404163));
#10426=CARTESIAN_POINT('Origin',(112.606940760409,52.0682457774551,43.8714853678615));
#10427=CARTESIAN_POINT('',(112.606940760409,52.0682457774551,43.8714853678615));
#10428=CARTESIAN_POINT('',(112.547003739577,43.629161427566,49.4053111710674));
#10429=CARTESIAN_POINT('',(112.606940760409,52.0682457774551,43.8714853678615));
#10430=CARTESIAN_POINT('Origin',(110.017819118396,53.3354937925245,43.0405030628979));
#10431=CARTESIAN_POINT('',(110.017819118396,53.3354937925245,43.0405030628979));
#10432=CARTESIAN_POINT('',(96.0520502888365,60.1710524395176,38.558169523886));
#10433=CARTESIAN_POINT('',(110.017819118396,53.3354937925245,43.0405030628979));
#10434=CARTESIAN_POINT('Origin',(107.410879982214,52.0940529519479,43.8545626304891));
#10435=CARTESIAN_POINT('',(107.410879982214,52.0940529519479,43.8545626304891));
#10436=CARTESIAN_POINT('',(85.2311454354425,41.5319236266628,50.780549073299));
#10437=CARTESIAN_POINT('',(107.410879982214,52.0940529519479,43.8545626304891));
#10438=CARTESIAN_POINT('Origin',(107.393062488044,49.5853640963018,45.4996045030439));
#10439=CARTESIAN_POINT('',(107.342034214296,42.4006241742358,50.2109093699724));
#10440=CARTESIAN_POINT('Origin',(67.0873095899536,35.5111274112697,54.72861216536));
#10441=CARTESIAN_POINT('',(67.1087139285564,33.0024581635532,56.3736411802562));
#10442=CARTESIAN_POINT('',(67.1087139285564,33.0024581635532,56.3736411802562));
#10443=CARTESIAN_POINT('',(67.0873095899536,35.5111274112697,54.7286121653601));
#10444=CARTESIAN_POINT('',(67.0873867034211,35.5020894219081,54.7345387157611));
#10445=CARTESIAN_POINT('',(67.0873095899536,35.5111274112697,54.7286121653601));
#10446=CARTESIAN_POINT('Origin',(64.4785973377778,36.7499608233426,53.9162623869516));
#10447=CARTESIAN_POINT('',(64.4785973377778,36.7499608233426,53.9162623869516));
#10448=CARTESIAN_POINT('',(63.1189052780185,37.3956556301789,53.4928559562393));
#10449=CARTESIAN_POINT('',(64.4785973377778,36.7499608233426,53.9162623869516));
#10450=CARTESIAN_POINT('Origin',(61.8912894242049,35.4801249876988,54.7489416234393));
#10451=CARTESIAN_POINT('',(61.8912894242049,35.4801249876988,54.7489416234393));
#10452=CARTESIAN_POINT('',(61.1802592392991,35.1311554644808,54.9777740976806));
#10453=CARTESIAN_POINT('',(61.8912894242049,35.4801249876988,54.7489416234393));
#10454=CARTESIAN_POINT('Origin',(61.9126937628077,32.9714557399823,56.3939706383355));
#10455=CARTESIAN_POINT('',(61.9126937628077,32.9714557399823,56.3939706383355));
#10456=CARTESIAN_POINT('',(61.9020687069738,34.2167523744789,55.5773826812885));
#10457=CARTESIAN_POINT('',(61.9126937628077,32.9714557399823,56.3939706383355));
#10458=CARTESIAN_POINT('Origin',(64.5214060149834,31.7326223279094,57.2063204167439));
#10459=CARTESIAN_POINT('',(64.5214060149834,31.7326223279094,57.2063204167439));
#10460=CARTESIAN_POINT('',(61.8573578291362,32.9977338407821,56.3767390968273));
#10461=CARTESIAN_POINT('',(64.5214060149834,31.7326223279094,57.2063204167439));
#10462=CARTESIAN_POINT('Origin',(67.1087139285564,33.0024581635532,56.3736411802562));
#10463=CARTESIAN_POINT('',(65.1040297868641,32.0185707225133,57.0188132727413));
#10464=CARTESIAN_POINT('Origin',(61.9821841300567,37.1681911827541,53.6420129709441));
#10465=CARTESIAN_POINT('',(59.3930624880437,38.4354391978236,52.8110306659805));
#10466=CARTESIAN_POINT('',(59.3930624880437,38.4354391978236,52.8110306659805));
#10467=CARTESIAN_POINT('',(61.9821841300567,37.1681911827541,53.6420129709441));
#10468=CARTESIAN_POINT('',(61.6916455920071,37.3103955425919,53.5487642103947));
#10469=CARTESIAN_POINT('',(61.9821841300567,37.1681911827541,53.6420129709441));
#10470=CARTESIAN_POINT('Origin',(64.5891232662395,38.4096320233308,52.8279534033528));
#10471=CARTESIAN_POINT('',(64.5891232662395,38.4096320233308,52.8279534033528));
#10472=CARTESIAN_POINT('',(62.0956877374358,37.2222423156699,53.6065696050976));
#10473=CARTESIAN_POINT('',(64.5891232662395,38.4096320233308,52.8279534033528));
#10474=CARTESIAN_POINT('Origin',(64.6069407604094,40.9183208789768,51.182911530798));
#10475=CARTESIAN_POINT('',(64.6069407604094,40.9183208789768,51.182911530798));
#10476=CARTESIAN_POINT('',(64.5874440410013,38.173198459724,52.9829918057179));
#10477=CARTESIAN_POINT('',(64.6069407604094,40.9183208789768,51.182911530798));
#10478=CARTESIAN_POINT('Origin',(62.0178191183964,42.1855688940463,50.3519292258344));
#10479=CARTESIAN_POINT('',(62.0178191183964,42.1855688940463,50.3519292258344));
#10480=CARTESIAN_POINT('',(63.0218414013533,41.6941492463493,50.6741716177669));
#10481=CARTESIAN_POINT('',(62.0178191183964,42.1855688940463,50.3519292258344));
#10482=CARTESIAN_POINT('Origin',(59.4108799822136,40.9441280534697,51.1659887934257));
#10483=CARTESIAN_POINT('',(59.4108799822136,40.9441280534697,51.1659887934257));
#10484=CARTESIAN_POINT('',(58.2209140215013,40.3774587660971,51.5375752113749));
#10485=CARTESIAN_POINT('',(59.4108799822136,40.9441280534697,51.1659887934257));
#10486=CARTESIAN_POINT('Origin',(59.3930624880437,38.4354391978236,52.8110306659805));
#10487=CARTESIAN_POINT('',(59.3824745157206,36.9446612063938,53.788590004623));
#10488=CARTESIAN_POINT('Origin',(79.0873095899536,35.5111274112697,54.72861216536));
#10489=CARTESIAN_POINT('',(79.1087139285564,33.0024581635532,56.3736411802562));
#10490=CARTESIAN_POINT('',(79.1087139285564,33.0024581635532,56.3736411802562));
#10491=CARTESIAN_POINT('',(79.0873095899536,35.5111274112697,54.7286121653601));
#10492=CARTESIAN_POINT('',(79.0870812729471,35.5378870259218,54.7110648770636));
#10493=CARTESIAN_POINT('',(79.0873095899536,35.5111274112697,54.7286121653601));
#10494=CARTESIAN_POINT('Origin',(76.4785973377778,36.7499608233426,53.9162623869516));
#10495=CARTESIAN_POINT('',(76.4785973377778,36.7499608233426,53.9162623869516));
#10496=CARTESIAN_POINT('',(70.5819855349173,39.5501622304982,52.0800647429151));
#10497=CARTESIAN_POINT('',(76.4785973377778,36.7499608233426,53.9162623869516));
#10498=CARTESIAN_POINT('Origin',(73.8912894242049,35.4801249876988,54.7489416234393));
#10499=CARTESIAN_POINT('',(73.8912894242049,35.4801249876988,54.7489416234393));
#10500=CARTESIAN_POINT('',(68.7174844128743,32.9408512601478,56.4140391497023));
#10501=CARTESIAN_POINT('',(73.8912894242049,35.4801249876988,54.7489416234393));
#10502=CARTESIAN_POINT('Origin',(73.9126937628077,32.9714557399823,56.3939706383355));
#10503=CARTESIAN_POINT('',(73.9126937628077,32.9714557399823,56.3939706383355));
#10504=CARTESIAN_POINT('',(73.9017632764998,34.2525499784926,55.553908842591));
#10505=CARTESIAN_POINT('',(73.9126937628077,32.9714557399823,56.3939706383355));
#10506=CARTESIAN_POINT('Origin',(76.5214060149834,31.7326223279094,57.2063204167439));
#10507=CARTESIAN_POINT('',(76.5214060149834,31.7326223279094,57.2063204167439));
#10508=CARTESIAN_POINT('',(69.320438086035,35.1522404411015,54.9639478835031));
#10509=CARTESIAN_POINT('',(76.5214060149834,31.7326223279094,57.2063204167439));
#10510=CARTESIAN_POINT('Origin',(79.1087139285564,33.0024581635532,56.3736411802562));
#10511=CARTESIAN_POINT('',(72.6412549604393,29.8282665181802,58.455078324763));
#10512=CARTESIAN_POINT('Origin',(73.9821841300567,37.1681911827541,53.6420129709441));
#10513=CARTESIAN_POINT('',(71.3930624880438,38.4354391978236,52.8110306659805));
#10514=CARTESIAN_POINT('',(71.3930624880438,38.4354391978236,52.8110306659805));
#10515=CARTESIAN_POINT('',(73.9821841300567,37.1681911827541,53.6420129709441));
#10516=CARTESIAN_POINT('',(69.2226116739138,39.4977683836681,52.1144213637874));
#10517=CARTESIAN_POINT('',(73.9821841300567,37.1681911827541,53.6420129709441));
#10518=CARTESIAN_POINT('Origin',(76.5891232662395,38.4096320233308,52.8279534033528));
#10519=CARTESIAN_POINT('',(76.5891232662395,38.4096320233308,52.8279534033528));
#10520=CARTESIAN_POINT('',(69.5649332975948,35.0646685073,55.0213721023894));
#10521=CARTESIAN_POINT('',(76.5891232662395,38.4096320233308,52.8279534033528));
#10522=CARTESIAN_POINT('Origin',(76.6069407604094,40.9183208789768,51.182911530798));
#10523=CARTESIAN_POINT('',(76.6069407604094,40.9183208789768,51.182911530798));
#10524=CARTESIAN_POINT('',(76.5872323989357,38.1433994270177,53.0025321550335));
#10525=CARTESIAN_POINT('',(76.6069407604094,40.9183208789768,51.182911530798));
#10526=CARTESIAN_POINT('Origin',(74.0178191183964,42.1855688940463,50.3519292258344));
#10527=CARTESIAN_POINT('',(74.0178191183964,42.1855688940463,50.3519292258344));
#10528=CARTESIAN_POINT('',(70.55280748326,43.8815220874255,49.2398287711595));
#10529=CARTESIAN_POINT('',(74.0178191183964,42.1855688940463,50.3519292258344));
#10530=CARTESIAN_POINT('Origin',(71.4108799822136,40.9441280534697,51.1659887934257));
#10531=CARTESIAN_POINT('',(71.4108799822136,40.9441280534697,51.1659887934257));
#10532=CARTESIAN_POINT('',(65.6901595816602,38.2198849577272,52.9523777086666));
#10533=CARTESIAN_POINT('',(71.4108799822136,40.9441280534697,51.1659887934257));
#10534=CARTESIAN_POINT('Origin',(71.3930624880438,38.4354391978236,52.8110306659805));
#10535=CARTESIAN_POINT('',(71.382262873655,36.9148621736875,53.8081303539386));
#10536=CARTESIAN_POINT('Origin',(91.0873095899536,35.5111274112697,54.72861216536));
#10537=CARTESIAN_POINT('',(91.1087139285564,33.0024581635532,56.3736411802562));
#10538=CARTESIAN_POINT('',(91.1087139285564,33.0024581635532,56.3736411802562));
#10539=CARTESIAN_POINT('',(91.0873095899536,35.5111274112697,54.7286121653601));
#10540=CARTESIAN_POINT('',(91.0867758424731,35.5736846299354,54.6875910383661));
#10541=CARTESIAN_POINT('',(91.0873095899536,35.5111274112697,54.7286121653601));
#10542=CARTESIAN_POINT('Origin',(88.4785973377778,36.7499608233426,53.9162623869516));
#10543=CARTESIAN_POINT('',(88.4785973377778,36.7499608233426,53.9162623869516));
#10544=CARTESIAN_POINT('',(78.0450657918161,41.7046688308176,50.667273529591));
#10545=CARTESIAN_POINT('',(88.4785973377778,36.7499608233426,53.9162623869516));
#10546=CARTESIAN_POINT('Origin',(85.8912894242049,35.4801249876988,54.7489416234393));
#10547=CARTESIAN_POINT('',(85.8912894242049,35.4801249876988,54.7489416234393));
#10548=CARTESIAN_POINT('',(76.2547095864495,30.7505470558147,57.850304201724));
#10549=CARTESIAN_POINT('',(85.8912894242049,35.4801249876988,54.7489416234393));
#10550=CARTESIAN_POINT('Origin',(85.9126937628077,32.9714557399823,56.3939706383355));
#10551=CARTESIAN_POINT('',(85.9126937628077,32.9714557399823,56.3939706383355));
#10552=CARTESIAN_POINT('',(85.9014578460258,34.2883475825062,55.5304350038935));
#10553=CARTESIAN_POINT('',(85.9126937628077,32.9714557399823,56.3939706383355));
#10554=CARTESIAN_POINT('Origin',(88.5214060149834,31.7326223279094,57.2063204167439));
#10555=CARTESIAN_POINT('',(88.5214060149834,31.7326223279094,57.2063204167439));
#10556=CARTESIAN_POINT('',(76.7835183429338,37.3067470414209,53.551156670179));
#10557=CARTESIAN_POINT('',(88.5214060149834,31.7326223279094,57.2063204167439));
#10558=CARTESIAN_POINT('Origin',(91.1087139285564,33.0024581635532,56.3736411802562));
#10559=CARTESIAN_POINT('',(80.1784801340145,27.6379623138472,59.8913433767847));
#10560=CARTESIAN_POINT('Origin',(85.9821841300567,37.1681911827541,53.6420129709441));
#10561=CARTESIAN_POINT('',(83.3930624880438,38.4354391978236,52.8110306659805));
#10562=CARTESIAN_POINT('',(83.3930624880438,38.4354391978236,52.8110306659805));
#10563=CARTESIAN_POINT('',(85.9821841300567,37.1681911827541,53.6420129709441));
#10564=CARTESIAN_POINT('',(76.7535777558205,41.6851412247443,50.68007851718));
#10565=CARTESIAN_POINT('',(85.9821841300567,37.1681911827541,53.6420129709441));
#10566=CARTESIAN_POINT('Origin',(88.5891232662395,38.4096320233308,52.8279534033528));
#10567=CARTESIAN_POINT('',(88.5891232662395,38.4096320233308,52.8279534033528));
#10568=CARTESIAN_POINT('',(77.0341788577537,32.9070946989301,56.4361745996811));
#10569=CARTESIAN_POINT('',(88.5891232662395,38.4096320233308,52.8279534033528));
#10570=CARTESIAN_POINT('Origin',(88.6069407604094,40.9183208789768,51.182911530798));
#10571=CARTESIAN_POINT('',(88.6069407604094,40.9183208789768,51.182911530798));
#10572=CARTESIAN_POINT('',(88.58702075687,38.1136003943114,53.0220725043491));
#10573=CARTESIAN_POINT('',(88.6069407604094,40.9183208789768,51.182911530798));
#10574=CARTESIAN_POINT('Origin',(86.0178191183964,42.1855688940463,50.3519292258344));
#10575=CARTESIAN_POINT('',(86.0178191183964,42.1855688940463,50.3519292258344));
#10576=CARTESIAN_POINT('',(78.0837735651667,46.0688949285017,47.8054859245522));
#10577=CARTESIAN_POINT('',(86.0178191183964,42.1855688940463,50.3519292258344));
#10578=CARTESIAN_POINT('Origin',(83.4108799822136,40.9441280534697,51.1659887934257));
#10579=CARTESIAN_POINT('',(83.4108799822136,40.9441280534697,51.1659887934257));
#10580=CARTESIAN_POINT('',(73.1594051418192,36.0623111493573,54.3671802059584));
#10581=CARTESIAN_POINT('',(83.4108799822136,40.9441280534697,51.1659887934257));
#10582=CARTESIAN_POINT('Origin',(83.3930624880438,38.4354391978236,52.8110306659805));
#10583=CARTESIAN_POINT('',(83.3820512315893,36.8850631409812,53.8276707032542));
#10584=CARTESIAN_POINT('Origin',(103.087309589954,35.5111274112697,54.72861216536));
#10585=CARTESIAN_POINT('',(103.108713928556,33.0024581635532,56.3736411802562));
#10586=CARTESIAN_POINT('',(103.108713928556,33.0024581635532,56.3736411802562));
#10587=CARTESIAN_POINT('',(103.087309589954,35.5111274112697,54.72861216536));
#10588=CARTESIAN_POINT('',(103.086470411999,35.6094822339491,54.6641171996687));
#10589=CARTESIAN_POINT('',(103.087309589954,35.5111274112697,54.72861216536));
#10590=CARTESIAN_POINT('Origin',(100.478597337778,36.7499608233426,53.9162623869516));
#10591=CARTESIAN_POINT('',(100.478597337778,36.7499608233426,53.9162623869516));
#10592=CARTESIAN_POINT('',(85.5081460487149,43.859175431137,49.2544823162668));
#10593=CARTESIAN_POINT('',(100.478597337778,36.7499608233426,53.9162623869516));
#10594=CARTESIAN_POINT('Origin',(97.8912894242049,35.4801249876988,54.7489416234393));
#10595=CARTESIAN_POINT('',(97.8912894242049,35.4801249876988,54.7489416234393));
#10596=CARTESIAN_POINT('',(83.7919347600247,28.5602428514817,59.2865692537457));
#10597=CARTESIAN_POINT('',(97.8912894242049,35.4801249876988,54.7489416234393));
#10598=CARTESIAN_POINT('Origin',(97.9126937628077,32.9714557399823,56.3939706383355));
#10599=CARTESIAN_POINT('',(97.9126937628077,32.9714557399823,56.3939706383355));
#10600=CARTESIAN_POINT('',(97.9011524155518,34.3241451865199,55.506961165196));
#10601=CARTESIAN_POINT('',(97.9126937628077,32.9714557399823,56.3939706383355));
#10602=CARTESIAN_POINT('Origin',(100.521406014983,31.7326223279094,57.2063204167439));
#10603=CARTESIAN_POINT('',(100.521406014983,31.7326223279094,57.2063204167439));
#10604=CARTESIAN_POINT('',(84.2465985998326,39.4612536417403,52.1383654568548));
#10605=CARTESIAN_POINT('',(100.521406014983,31.7326223279094,57.2063204167439));
#10606=CARTESIAN_POINT('Origin',(103.108713928556,33.0024581635532,56.3736411802562));
#10607=CARTESIAN_POINT('',(87.7157053075897,25.4476581095141,61.3276084288064));
#10608=CARTESIAN_POINT('Origin',(97.9821841300567,37.1681911827541,53.6420129709441));
#10609=CARTESIAN_POINT('',(95.3930624880438,38.4354391978236,52.8110306659805));
#10610=CARTESIAN_POINT('',(95.3930624880438,38.4354391978236,52.8110306659805));
#10611=CARTESIAN_POINT('',(97.9821841300567,37.1681911827541,53.6420129709441));
#10612=CARTESIAN_POINT('',(84.2845438377273,43.8725140658205,49.2457356705726));
#10613=CARTESIAN_POINT('',(97.9821841300567,37.1681911827541,53.6420129709441));
#10614=CARTESIAN_POINT('Origin',(100.58912326624,38.4096320233308,52.8279534033528));
#10615=CARTESIAN_POINT('',(100.58912326624,38.4096320233308,52.8279534033528));
#10616=CARTESIAN_POINT('',(84.5034244179127,30.7495208905601,57.8509770969729));
#10617=CARTESIAN_POINT('',(100.58912326624,38.4096320233308,52.8279534033528));
#10618=CARTESIAN_POINT('Origin',(100.606940760409,40.9183208789768,51.182911530798));
#10619=CARTESIAN_POINT('',(100.606940760409,40.9183208789768,51.182911530798));
#10620=CARTESIAN_POINT('',(100.586809114804,38.0838013616051,53.0416128536647));
#10621=CARTESIAN_POINT('',(100.606940760409,40.9183208789768,51.182911530798));
#10622=CARTESIAN_POINT('Origin',(98.0178191183964,42.1855688940463,50.3519292258344));
#10623=CARTESIAN_POINT('',(98.0178191183964,42.1855688940463,50.3519292258344));
#10624=CARTESIAN_POINT('',(85.6147396470734,48.256267769578,46.3711430779448));
#10625=CARTESIAN_POINT('',(98.0178191183964,42.1855688940463,50.3519292258344));
#10626=CARTESIAN_POINT('Origin',(95.4108799822136,40.9441280534697,51.1659887934257));
#10627=CARTESIAN_POINT('',(95.4108799822136,40.9441280534697,51.1659887934257));
#10628=CARTESIAN_POINT('',(80.6286507019781,33.9047373409874,55.7819827032501));
#10629=CARTESIAN_POINT('',(95.4108799822136,40.9441280534697,51.1659887934257));
#10630=CARTESIAN_POINT('Origin',(95.3930624880438,38.4354391978236,52.8110306659805));
#10631=CARTESIAN_POINT('',(95.3818395895237,36.8552641082749,53.8472110525698));
#10632=CARTESIAN_POINT('Origin',(115.087309589954,35.5111274112697,54.72861216536));
#10633=CARTESIAN_POINT('',(115.108713928556,33.0024581635532,56.3736411802562));
#10634=CARTESIAN_POINT('',(115.108713928556,33.0024581635532,56.3736411802562));
#10635=CARTESIAN_POINT('',(115.087309589954,35.5111274112697,54.72861216536));
#10636=CARTESIAN_POINT('',(115.086164981525,35.6452798379628,54.6406433609712));
#10637=CARTESIAN_POINT('',(115.087309589954,35.5111274112697,54.72861216536));
#10638=CARTESIAN_POINT('Origin',(112.478597337778,36.7499608233426,53.9162623869516));
#10639=CARTESIAN_POINT('',(112.478597337778,36.7499608233426,53.9162623869516));
#10640=CARTESIAN_POINT('',(92.9712263056137,46.0136820314564,47.8416911029426));
#10641=CARTESIAN_POINT('',(112.478597337778,36.7499608233426,53.9162623869516));
#10642=CARTESIAN_POINT('Origin',(109.891289424205,35.4801249876988,54.7489416234393));
#10643=CARTESIAN_POINT('',(109.891289424205,35.4801249876988,54.7489416234393));
#10644=CARTESIAN_POINT('',(91.3291599335999,26.3699386471486,60.7228343057673));
#10645=CARTESIAN_POINT('',(109.891289424205,35.4801249876988,54.7489416234393));
#10646=CARTESIAN_POINT('Origin',(109.912693762808,32.9714557399823,56.3939706383355));
#10647=CARTESIAN_POINT('',(109.912693762808,32.9714557399823,56.3939706383355));
#10648=CARTESIAN_POINT('',(109.900846985078,34.3599427905336,55.4834873264985));
#10649=CARTESIAN_POINT('',(109.912693762808,32.9714557399823,56.3939706383355));
#10650=CARTESIAN_POINT('Origin',(112.521406014983,31.7326223279094,57.2063204167439));
#10651=CARTESIAN_POINT('',(112.521406014983,31.7326223279094,57.2063204167439));
#10652=CARTESIAN_POINT('',(91.7096788567315,41.6157602420597,50.7255742435306));
#10653=CARTESIAN_POINT('',(112.521406014983,31.7326223279094,57.2063204167439));
#10654=CARTESIAN_POINT('Origin',(115.108713928556,33.0024581635532,56.3736411802562));
#10655=CARTESIAN_POINT('',(95.2529304811649,23.2573539051811,62.763873480828));
#10656=CARTESIAN_POINT('Origin',(109.982184130057,37.1681911827541,53.6420129709441));
#10657=CARTESIAN_POINT('',(107.393062488044,38.4354391978236,52.8110306659805));
#10658=CARTESIAN_POINT('',(107.393062488044,38.4354391978236,52.8110306659805));
#10659=CARTESIAN_POINT('',(109.982184130057,37.1681911827541,53.6420129709441));
#10660=CARTESIAN_POINT('',(91.815509919634,46.0598869068967,47.8113928239653));
#10661=CARTESIAN_POINT('',(109.982184130057,37.1681911827541,53.6420129709441));
#10662=CARTESIAN_POINT('Origin',(112.58912326624,38.4096320233308,52.8279534033528));
#10663=CARTESIAN_POINT('',(112.58912326624,38.4096320233308,52.8279534033528));
#10664=CARTESIAN_POINT('',(91.9726699780716,28.5919470821902,59.2657795942647));
#10665=CARTESIAN_POINT('',(112.58912326624,38.4096320233308,52.8279534033528));
#10666=CARTESIAN_POINT('Origin',(112.606940760409,40.9183208789768,51.182911530798));
#10667=CARTESIAN_POINT('',(112.606940760409,40.9183208789768,51.182911530798));
#10668=CARTESIAN_POINT('',(112.586597472739,38.0540023288988,53.0611532029803));
#10669=CARTESIAN_POINT('',(112.606940760409,40.9183208789768,51.182911530798));
#10670=CARTESIAN_POINT('Origin',(110.017819118396,42.1855688940463,50.3519292258344));
#10671=CARTESIAN_POINT('',(110.017819118396,42.1855688940463,50.3519292258344));
#10672=CARTESIAN_POINT('',(93.1457057289802,50.4436406106542,44.9368002313375));
#10673=CARTESIAN_POINT('',(110.017819118396,42.1855688940463,50.3519292258344));
#10674=CARTESIAN_POINT('Origin',(107.410879982214,40.9441280534697,51.1659887934257));
#10675=CARTESIAN_POINT('',(107.410879982214,40.9441280534697,51.1659887934257));
#10676=CARTESIAN_POINT('',(88.0978962621371,31.7471635326175,57.1967852005419));
#10677=CARTESIAN_POINT('',(107.410879982214,40.9441280534697,51.1659887934257));
#10678=CARTESIAN_POINT('Origin',(107.393062488044,38.4354391978236,52.8110306659805));
#10679=CARTESIAN_POINT('',(107.381627947458,36.8254650755686,53.8667514018854));
#10680=CARTESIAN_POINT('Origin',(67.0873095899536,24.3612025127915,62.0400383282966));
#10681=CARTESIAN_POINT('',(67.1087139285564,21.8525332650749,63.6850673431927));
#10682=CARTESIAN_POINT('',(67.1087139285564,21.8525332650749,63.6850673431927));
#10683=CARTESIAN_POINT('',(67.0873095899536,24.3612025127915,62.0400383282966));
#10684=CARTESIAN_POINT('',(67.0398227171965,29.9268431787651,58.3904378915926));
#10685=CARTESIAN_POINT('',(67.0873095899536,24.3612025127915,62.0400383282966));
#10686=CARTESIAN_POINT('Origin',(64.4785973377778,25.6000359248644,61.2276885498882));
#10687=CARTESIAN_POINT('',(64.4785973377778,25.6000359248644,61.2276885498882));
#10688=CARTESIAN_POINT('',(60.2562298257933,27.6051669804396,59.9128485134454));
#10689=CARTESIAN_POINT('',(64.4785973377778,25.6000359248644,61.2276885498882));
#10690=CARTESIAN_POINT('Origin',(61.8912894242049,24.3302000892206,62.0603677863759));
#10691=CARTESIAN_POINT('',(61.8912894242049,24.3302000892206,62.0603677863759));
#10692=CARTESIAN_POINT('',(64.0904986777489,25.4095593357871,61.3525912312503));
#10693=CARTESIAN_POINT('',(61.8912894242049,24.3302000892206,62.0603677863759));
#10694=CARTESIAN_POINT('Origin',(61.9126937628077,21.821530841504,63.705396801272));
#10695=CARTESIAN_POINT('',(61.9126937628077,21.821530841504,63.705396801272));
#10696=CARTESIAN_POINT('',(61.8545047207492,28.6415061313359,59.23328185712));
#10697=CARTESIAN_POINT('',(61.9126937628077,21.821530841504,63.705396801272));
#10698=CARTESIAN_POINT('Origin',(64.5214060149834,20.5826974294312,64.5177465796804));
#10699=CARTESIAN_POINT('',(64.5214060149834,20.5826974294312,64.5177465796804));
#10700=CARTESIAN_POINT('',(58.994682376911,23.2072451910429,62.7967316540334));
#10701=CARTESIAN_POINT('',(64.5214060149834,20.5826974294312,64.5177465796804));
#10702=CARTESIAN_POINT('Origin',(67.1087139285564,21.8525332650749,63.6850673431927));
#10703=CARTESIAN_POINT('',(68.0142692253139,22.2969745938195,63.393630406311));
#10704=CARTESIAN_POINT('Origin',(61.9821841300567,26.0182662842759,60.9534391338806));
#10705=CARTESIAN_POINT('',(59.3930624880437,27.2855142993454,60.122456828917));
#10706=CARTESIAN_POINT('',(59.3930624880437,27.2855142993454,60.122456828917));
#10707=CARTESIAN_POINT('',(61.9821841300567,26.0182662842759,60.9534391338806));
#10708=CARTESIAN_POINT('',(58.7853010321507,27.5829837137284,59.9273949178462));
#10709=CARTESIAN_POINT('',(61.9821841300567,26.0182662842759,60.9534391338806));
#10710=CARTESIAN_POINT('Origin',(64.5891232662395,27.2597071248525,60.1393795662894));
#10711=CARTESIAN_POINT('',(64.5891232662395,27.2597071248525,60.1393795662894));
#10712=CARTESIAN_POINT('',(64.9624385641304,27.4374822216246,60.0228057323405));
#10713=CARTESIAN_POINT('',(64.5891232662395,27.2597071248525,60.1393795662894));
#10714=CARTESIAN_POINT('Origin',(64.6069407604094,29.7683959804986,58.4943376937346));
#10715=CARTESIAN_POINT('',(64.6069407604094,29.7683959804986,58.4943376937346));
#10716=CARTESIAN_POINT('',(64.6270377741631,32.5980393610567,56.6388338376309));
#10717=CARTESIAN_POINT('',(64.6069407604094,29.7683959804986,58.4943376937346));
#10718=CARTESIAN_POINT('Origin',(62.0178191183964,31.0356439955681,57.663355388771));
#10719=CARTESIAN_POINT('',(62.0178191183964,31.0356439955681,57.663355388771));
#10720=CARTESIAN_POINT('',(60.1154968414969,31.9667374174859,57.0528023252183));
#10721=CARTESIAN_POINT('',(62.0178191183964,31.0356439955681,57.663355388771));
#10722=CARTESIAN_POINT('Origin',(59.4108799822136,29.7942031549914,58.4774149563622));
#10723=CARTESIAN_POINT('',(59.4108799822136,29.7942031549914,58.4774149563622));
#10724=CARTESIAN_POINT('',(61.0876648481959,30.5926986720518,57.9538113386177));
#10725=CARTESIAN_POINT('',(59.4108799822136,29.7942031549914,58.4774149563622));
#10726=CARTESIAN_POINT('Origin',(59.3930624880437,27.2855142993454,60.122456828917));
#10727=CARTESIAN_POINT('',(59.4220682488824,31.3695021077265,57.4444320365359));
#10728=CARTESIAN_POINT('Origin',(79.0873095899536,24.3612025127915,62.0400383282966));
#10729=CARTESIAN_POINT('',(79.1087139285564,21.8525332650749,63.6850673431927));
#10730=CARTESIAN_POINT('',(79.1087139285564,21.8525332650749,63.6850673431927));
#10731=CARTESIAN_POINT('',(79.0873095899536,24.3612025127915,62.0400383282966));
#10732=CARTESIAN_POINT('',(79.0395172867225,29.9626407827787,58.3669640528951));
#10733=CARTESIAN_POINT('',(79.0873095899536,24.3612025127915,62.0400383282966));
#10734=CARTESIAN_POINT('Origin',(76.4785973377778,25.6000359248644,61.2276885498882));
#10735=CARTESIAN_POINT('',(76.4785973377778,25.6000359248644,61.2276885498882));
#10736=CARTESIAN_POINT('',(67.7193100826921,29.759673580759,58.5000573001212));
#10737=CARTESIAN_POINT('',(76.4785973377778,25.6000359248644,61.2276885498882));
#10738=CARTESIAN_POINT('Origin',(73.8912894242049,24.3302000892206,62.0603677863759));
#10739=CARTESIAN_POINT('',(73.8912894242049,24.3302000892206,62.0603677863759));
#10740=CARTESIAN_POINT('',(71.6277238513241,23.219255131454,62.788856283272));
#10741=CARTESIAN_POINT('',(73.8912894242049,24.3302000892206,62.0603677863759));
#10742=CARTESIAN_POINT('Origin',(73.9126937628077,21.821530841504,63.705396801272));
#10743=CARTESIAN_POINT('',(73.9126937628077,21.821530841504,63.705396801272));
#10744=CARTESIAN_POINT('',(73.8541992902752,28.6773037353495,59.2098080184225));
#10745=CARTESIAN_POINT('',(73.9126937628077,21.821530841504,63.705396801272));
#10746=CARTESIAN_POINT('Origin',(76.5214060149834,20.5826974294312,64.5177465796804));
#10747=CARTESIAN_POINT('',(76.5214060149834,20.5826974294312,64.5177465796804));
#10748=CARTESIAN_POINT('',(66.4577626338098,25.3617517913623,61.3839404407092));
#10749=CARTESIAN_POINT('',(76.5214060149834,20.5826974294312,64.5177465796804));
#10750=CARTESIAN_POINT('Origin',(79.1087139285564,21.8525332650749,63.6850673431927));
#10751=CARTESIAN_POINT('',(75.5514943988891,20.1066703894865,64.8298954583327));
#10752=CARTESIAN_POINT('Origin',(73.9821841300567,26.0182662842759,60.9534391338806));
#10753=CARTESIAN_POINT('',(71.3930624880438,27.2855142993454,60.122456828917));
#10754=CARTESIAN_POINT('',(71.3930624880438,27.2855142993454,60.122456828917));
#10755=CARTESIAN_POINT('',(73.9821841300567,26.0182662842759,60.9534391338806));
#10756=CARTESIAN_POINT('',(66.3162671140575,29.7703565548047,58.4930520712388));
#10757=CARTESIAN_POINT('',(73.9821841300567,26.0182662842759,60.9534391338806));
#10758=CARTESIAN_POINT('Origin',(76.5891232662395,27.2597071248525,60.1393795662894));
#10759=CARTESIAN_POINT('',(76.5891232662395,27.2597071248525,60.1393795662894));
#10760=CARTESIAN_POINT('',(72.4316841242894,25.2799084132547,61.4376082296322));
#10761=CARTESIAN_POINT('',(76.5891232662395,27.2597071248525,60.1393795662894));
#10762=CARTESIAN_POINT('Origin',(76.6069407604094,29.7683959804986,58.4943376937346));
#10763=CARTESIAN_POINT('',(76.6069407604094,29.7683959804986,58.4943376937346));
#10764=CARTESIAN_POINT('',(76.6268261320975,32.5682403283504,56.6583741869465));
#10765=CARTESIAN_POINT('',(76.6069407604094,29.7683959804986,58.4943376937346));
#10766=CARTESIAN_POINT('Origin',(74.0178191183964,31.0356439955681,57.663355388771));
#10767=CARTESIAN_POINT('',(74.0178191183964,31.0356439955681,57.663355388771));
#10768=CARTESIAN_POINT('',(67.6464629234036,34.1541102585621,55.618459478611));
#10769=CARTESIAN_POINT('',(74.0178191183964,31.0356439955681,57.663355388771));
#10770=CARTESIAN_POINT('Origin',(71.4108799822136,29.7942031549914,58.4774149563622));
#10771=CARTESIAN_POINT('',(71.4108799822136,29.7942031549914,58.4774149563622));
#10772=CARTESIAN_POINT('',(68.5569104083548,28.4351248636819,59.3686138359094));
#10773=CARTESIAN_POINT('',(71.4108799822136,29.7942031549914,58.4774149563622));
#10774=CARTESIAN_POINT('Origin',(71.3930624880438,27.2855142993454,60.122456828917));
#10775=CARTESIAN_POINT('',(71.4218566068168,31.3397030750202,57.4639723858515));
#10776=CARTESIAN_POINT('Origin',(91.0873095899536,24.3612025127915,62.0400383282966));
#10777=CARTESIAN_POINT('',(91.1087139285564,21.8525332650749,63.6850673431927));
#10778=CARTESIAN_POINT('',(91.1087139285564,21.8525332650749,63.6850673431927));
#10779=CARTESIAN_POINT('',(91.0873095899536,24.3612025127915,62.0400383282966));
#10780=CARTESIAN_POINT('',(91.0392118562485,29.9984383867924,58.3434902141976));
#10781=CARTESIAN_POINT('',(91.0873095899536,24.3612025127915,62.0400383282966));
#10782=CARTESIAN_POINT('Origin',(88.4785973377778,25.6000359248644,61.2276885498882));
#10783=CARTESIAN_POINT('',(88.4785973377778,25.6000359248644,61.2276885498882));
#10784=CARTESIAN_POINT('',(75.1823903395909,31.9141801810784,57.087266086797));
#10785=CARTESIAN_POINT('',(88.4785973377778,25.6000359248644,61.2276885498882));
#10786=CARTESIAN_POINT('Origin',(85.8912894242049,24.3302000892206,62.0603677863759));
#10787=CARTESIAN_POINT('',(85.8912894242049,24.3302000892206,62.0603677863759));
#10788=CARTESIAN_POINT('',(79.1649490248993,21.028950927121,64.2251213352937));
#10789=CARTESIAN_POINT('',(85.8912894242049,24.3302000892206,62.0603677863759));
#10790=CARTESIAN_POINT('Origin',(85.9126937628077,21.821530841504,63.705396801272));
#10791=CARTESIAN_POINT('',(85.9126937628077,21.821530841504,63.705396801272));
#10792=CARTESIAN_POINT('',(85.8538938598012,28.7131013393632,59.186334179725));
#10793=CARTESIAN_POINT('',(85.9126937628077,21.821530841504,63.705396801272));
#10794=CARTESIAN_POINT('Origin',(88.5214060149834,20.5826974294312,64.5177465796804));
#10795=CARTESIAN_POINT('',(88.5214060149834,20.5826974294312,64.5177465796804));
#10796=CARTESIAN_POINT('',(73.9208428907086,27.5162583916817,59.971149227385));
#10797=CARTESIAN_POINT('',(88.5214060149834,20.5826974294312,64.5177465796804));
#10798=CARTESIAN_POINT('Origin',(91.1087139285564,21.8525332650749,63.6850673431927));
#10799=CARTESIAN_POINT('',(83.0887195724643,17.9163661851534,66.2661605103544));
#10800=CARTESIAN_POINT('Origin',(85.9821841300567,26.0182662842759,60.9534391338806));
#10801=CARTESIAN_POINT('',(83.3930624880438,27.2855142993454,60.122456828917));
#10802=CARTESIAN_POINT('',(83.3930624880438,27.2855142993454,60.122456828917));
#10803=CARTESIAN_POINT('',(85.9821841300567,26.0182662842759,60.9534391338806));
#10804=CARTESIAN_POINT('',(73.8472331959642,31.9577293958809,57.0587092246314));
#10805=CARTESIAN_POINT('',(85.9821841300567,26.0182662842759,60.9534391338806));
#10806=CARTESIAN_POINT('Origin',(88.5891232662395,27.2597071248525,60.1393795662894));
#10807=CARTESIAN_POINT('',(88.5891232662395,27.2597071248525,60.1393795662894));
#10808=CARTESIAN_POINT('',(79.9009296844483,23.1223346048847,62.852410726924));
#10809=CARTESIAN_POINT('',(88.5891232662395,27.2597071248525,60.1393795662894));
#10810=CARTESIAN_POINT('Origin',(88.6069407604094,29.7683959804986,58.4943376937346));
#10811=CARTESIAN_POINT('',(88.6069407604094,29.7683959804986,58.4943376937346));
#10812=CARTESIAN_POINT('',(88.6266144900318,32.5384412956442,56.6779145362621));
#10813=CARTESIAN_POINT('',(88.6069407604094,29.7683959804986,58.4943376937346));
#10814=CARTESIAN_POINT('Origin',(86.0178191183964,31.0356439955681,57.663355388771));
#10815=CARTESIAN_POINT('',(86.0178191183964,31.0356439955681,57.663355388771));
#10816=CARTESIAN_POINT('',(75.1774290053103,36.3414830996383,54.1841166320036));
#10817=CARTESIAN_POINT('',(86.0178191183964,31.0356439955681,57.663355388771));
#10818=CARTESIAN_POINT('Origin',(83.4108799822136,29.7942031549914,58.4774149563622));
#10819=CARTESIAN_POINT('',(83.4108799822136,29.7942031549914,58.4774149563622));
#10820=CARTESIAN_POINT('',(76.0261559685138,26.277551055312,60.7834163332012));
#10821=CARTESIAN_POINT('',(83.4108799822136,29.7942031549914,58.4774149563622));
#10822=CARTESIAN_POINT('Origin',(83.3930624880438,27.2855142993454,60.122456828917));
#10823=CARTESIAN_POINT('',(83.4216449647511,31.309904042314,57.4835127351671));
#10824=CARTESIAN_POINT('Origin',(103.087309589954,24.3612025127915,62.0400383282966));
#10825=CARTESIAN_POINT('',(103.108713928556,21.8525332650749,63.6850673431927));
#10826=CARTESIAN_POINT('',(103.108713928556,21.8525332650749,63.6850673431927));
#10827=CARTESIAN_POINT('',(103.087309589954,24.3612025127915,62.0400383282966));
#10828=CARTESIAN_POINT('',(103.038906425774,30.0342359908061,58.3200163755002));
#10829=CARTESIAN_POINT('',(103.087309589954,24.3612025127915,62.0400383282966));
#10830=CARTESIAN_POINT('Origin',(100.478597337778,25.6000359248644,61.2276885498882));
#10831=CARTESIAN_POINT('',(100.478597337778,25.6000359248644,61.2276885498882));
#10832=CARTESIAN_POINT('',(82.6454705964897,34.0686867813978,55.6744748734728));
#10833=CARTESIAN_POINT('',(100.478597337778,25.6000359248644,61.2276885498882));
#10834=CARTESIAN_POINT('Origin',(97.8912894242049,24.3302000892206,62.0603677863759));
#10835=CARTESIAN_POINT('',(97.8912894242049,24.3302000892206,62.0603677863759));
#10836=CARTESIAN_POINT('',(86.7021741984745,18.8386467227879,65.6613863873153));
#10837=CARTESIAN_POINT('',(97.8912894242049,24.3302000892206,62.0603677863759));
#10838=CARTESIAN_POINT('Origin',(97.9126937628077,21.821530841504,63.705396801272));
#10839=CARTESIAN_POINT('',(97.9126937628077,21.821530841504,63.705396801272));
#10840=CARTESIAN_POINT('',(97.8535884293272,28.7488989433769,59.1628603410275));
#10841=CARTESIAN_POINT('',(97.9126937628077,21.821530841504,63.705396801272));
#10842=CARTESIAN_POINT('Origin',(100.521406014983,20.5826974294312,64.5177465796804));
#10843=CARTESIAN_POINT('',(100.521406014983,20.5826974294312,64.5177465796804));
#10844=CARTESIAN_POINT('',(81.3839231476074,29.6707649920011,58.5583580140608));
#10845=CARTESIAN_POINT('',(100.521406014983,20.5826974294312,64.5177465796804));
#10846=CARTESIAN_POINT('Origin',(103.108713928556,21.8525332650749,63.6850673431927));
#10847=CARTESIAN_POINT('',(90.6259447460395,15.7260619808204,67.702425562376));
#10848=CARTESIAN_POINT('Origin',(97.9821841300567,26.0182662842759,60.9534391338806));
#10849=CARTESIAN_POINT('',(95.3930624880438,27.2855142993454,60.122456828917));
#10850=CARTESIAN_POINT('',(95.3930624880438,27.2855142993454,60.122456828917));
#10851=CARTESIAN_POINT('',(97.9821841300567,26.0182662842759,60.9534391338806));
#10852=CARTESIAN_POINT('',(81.3781992778709,34.1451022369571,55.6243663780241));
#10853=CARTESIAN_POINT('',(97.9821841300567,26.0182662842759,60.9534391338806));
#10854=CARTESIAN_POINT('Origin',(100.58912326624,27.2597071248525,60.1393795662894));
#10855=CARTESIAN_POINT('',(100.58912326624,27.2597071248525,60.1393795662894));
#10856=CARTESIAN_POINT('',(87.3701752446073,20.9647607965148,64.2672132242157));
#10857=CARTESIAN_POINT('',(100.58912326624,27.2597071248525,60.1393795662894));
#10858=CARTESIAN_POINT('Origin',(100.606940760409,29.7683959804986,58.4943376937346));
#10859=CARTESIAN_POINT('',(100.606940760409,29.7683959804986,58.4943376937346));
#10860=CARTESIAN_POINT('',(100.626402847966,32.5086422629379,56.6974548855777));
#10861=CARTESIAN_POINT('',(100.606940760409,29.7683959804986,58.4943376937346));
#10862=CARTESIAN_POINT('Origin',(98.0178191183964,31.0356439955681,57.663355388771));
#10863=CARTESIAN_POINT('',(98.0178191183964,31.0356439955681,57.663355388771));
#10864=CARTESIAN_POINT('',(82.7083950872171,38.5288559407145,52.7497737853963));
#10865=CARTESIAN_POINT('',(98.0178191183964,31.0356439955681,57.663355388771));
#10866=CARTESIAN_POINT('Origin',(95.4108799822136,29.7942031549914,58.4774149563622));
#10867=CARTESIAN_POINT('',(95.4108799822136,29.7942031549914,58.4774149563622));
#10868=CARTESIAN_POINT('',(83.4954015286727,24.119977246942,62.198218830493));
#10869=CARTESIAN_POINT('',(95.4108799822136,29.7942031549914,58.4774149563622));
#10870=CARTESIAN_POINT('Origin',(95.3930624880438,27.2855142993454,60.122456828917));
#10871=CARTESIAN_POINT('',(95.4214333226855,31.2801050096077,57.5030530844827));
#10872=CARTESIAN_POINT('Origin',(115.087309589954,24.3612025127915,62.0400383282966));
#10873=CARTESIAN_POINT('',(115.108713928556,21.8525332650749,63.6850673431927));
#10874=CARTESIAN_POINT('',(115.108713928556,21.8525332650749,63.6850673431927));
#10875=CARTESIAN_POINT('',(115.087309589954,24.3612025127915,62.0400383282966));
#10876=CARTESIAN_POINT('',(115.0386009953,30.0700335948198,58.2965425368027));
#10877=CARTESIAN_POINT('',(115.087309589954,24.3612025127915,62.0400383282966));
#10878=CARTESIAN_POINT('Origin',(112.478597337778,25.6000359248644,61.2276885498882));
#10879=CARTESIAN_POINT('',(112.478597337778,25.6000359248644,61.2276885498882));
#10880=CARTESIAN_POINT('',(90.1085508533886,36.2231933817172,54.2616836601486));
#10881=CARTESIAN_POINT('',(112.478597337778,25.6000359248644,61.2276885498882));
#10882=CARTESIAN_POINT('Origin',(109.891289424205,24.3302000892206,62.0603677863759));
#10883=CARTESIAN_POINT('',(109.891289424205,24.3302000892206,62.0603677863759));
#10884=CARTESIAN_POINT('',(94.2393993720497,16.6483425184549,67.097651439337));
#10885=CARTESIAN_POINT('',(109.891289424205,24.3302000892206,62.0603677863759));
#10886=CARTESIAN_POINT('Origin',(109.912693762808,21.821530841504,63.705396801272));
#10887=CARTESIAN_POINT('',(109.912693762808,21.821530841504,63.705396801272));
#10888=CARTESIAN_POINT('',(109.853282998853,28.7846965473906,59.13938650233));
#10889=CARTESIAN_POINT('',(109.912693762808,21.821530841504,63.705396801272));
#10890=CARTESIAN_POINT('Origin',(112.521406014983,20.5826974294312,64.5177465796804));
#10891=CARTESIAN_POINT('',(112.521406014983,20.5826974294312,64.5177465796804));
#10892=CARTESIAN_POINT('',(88.8470034045063,31.8252715923205,57.1455668007366));
#10893=CARTESIAN_POINT('',(112.521406014983,20.5826974294312,64.5177465796804));
#10894=CARTESIAN_POINT('Origin',(115.108713928556,21.8525332650749,63.6850673431927));
#10895=CARTESIAN_POINT('',(98.1631699196147,13.5357577764873,69.1386906143977));
#10896=CARTESIAN_POINT('Origin',(109.982184130057,26.0182662842759,60.9534391338806));
#10897=CARTESIAN_POINT('',(107.393062488044,27.2855142993454,60.122456828917));
#10898=CARTESIAN_POINT('',(107.393062488044,27.2855142993454,60.122456828917));
#10899=CARTESIAN_POINT('',(109.982184130057,26.0182662842759,60.9534391338806));
#10900=CARTESIAN_POINT('',(88.9091653597776,36.3324750780333,54.1900235314167));
#10901=CARTESIAN_POINT('',(109.982184130057,26.0182662842759,60.9534391338806));
#10902=CARTESIAN_POINT('Origin',(112.58912326624,27.2597071248525,60.1393795662894));
#10903=CARTESIAN_POINT('',(112.58912326624,27.2597071248525,60.1393795662894));
#10904=CARTESIAN_POINT('',(94.8394208047662,18.8071869881449,65.6820157215075));
#10905=CARTESIAN_POINT('',(112.58912326624,27.2597071248525,60.1393795662894));
#10906=CARTESIAN_POINT('Origin',(112.606940760409,29.7683959804986,58.4943376937346));
#10907=CARTESIAN_POINT('',(112.606940760409,29.7683959804986,58.4943376937346));
#10908=CARTESIAN_POINT('',(112.6261912059,32.4788432302316,56.7169952348933));
#10909=CARTESIAN_POINT('',(112.606940760409,29.7683959804986,58.4943376937346));
#10910=CARTESIAN_POINT('Origin',(110.017819118396,31.0356439955681,57.663355388771));
#10911=CARTESIAN_POINT('',(110.017819118396,31.0356439955681,57.663355388771));
#10912=CARTESIAN_POINT('',(90.2393611691238,40.7162287817907,51.3154309387889));
#10913=CARTESIAN_POINT('',(110.017819118396,31.0356439955681,57.663355388771));
#10914=CARTESIAN_POINT('Origin',(107.410879982214,29.7942031549914,58.4774149563622));
#10915=CARTESIAN_POINT('',(107.410879982214,29.7942031549914,58.4774149563622));
#10916=CARTESIAN_POINT('',(90.9646470888317,21.9624034385721,63.6130213277847));
#10917=CARTESIAN_POINT('',(107.410879982214,29.7942031549914,58.4774149563622));
#10918=CARTESIAN_POINT('Origin',(107.393062488044,27.2855142993454,60.122456828917));
#10919=CARTESIAN_POINT('',(107.42122168062,31.2503059769014,57.5225934337983));
#10920=CARTESIAN_POINT('Origin',(67.0873095899536,13.2112776143133,69.3514644912331));
#10921=CARTESIAN_POINT('',(67.1087139285564,10.7026083665967,70.9964935061292));
#10922=CARTESIAN_POINT('',(67.1087139285564,10.7026083665967,70.9964935061292));
#10923=CARTESIAN_POINT('',(67.0873095899536,13.2112776143133,69.3514644912331));
#10924=CARTESIAN_POINT('',(66.9922587309719,24.351596935622,62.0463370674241));
#10925=CARTESIAN_POINT('',(67.0873095899536,13.2112776143133,69.3514644912331));
#10926=CARTESIAN_POINT('Origin',(64.4785973377778,14.4501110263861,68.5391147128247));
#10927=CARTESIAN_POINT('',(64.4785973377778,14.4501110263861,68.5391147128247));
#10928=CARTESIAN_POINT('',(57.3935543735681,17.8146783307004,66.3328410706514));
#10929=CARTESIAN_POINT('',(64.4785973377778,14.4501110263861,68.5391147128247));
#10930=CARTESIAN_POINT('Origin',(61.8912894242049,13.1802751907424,69.3717939493124));
#10931=CARTESIAN_POINT('',(61.8912894242049,13.1802751907424,69.3717939493124));
#10932=CARTESIAN_POINT('',(67.0007381161987,15.6879632070933,67.72740836482));
#10933=CARTESIAN_POINT('',(61.8912894242049,13.1802751907424,69.3717939493124));
#10934=CARTESIAN_POINT('Origin',(61.9126937628077,10.6716059430258,71.0168229642085));
#10935=CARTESIAN_POINT('',(61.9126937628077,10.6716059430258,71.0168229642085));
#10936=CARTESIAN_POINT('',(61.8069407345246,23.0662598881928,62.8891810329515));
#10937=CARTESIAN_POINT('',(61.9126937628077,10.6716059430258,71.0168229642085));
#10938=CARTESIAN_POINT('Origin',(64.5214060149834,9.43277253095297,71.8291727426169));
#10939=CARTESIAN_POINT('',(64.5214060149834,9.43277253095297,71.829172742617));
#10940=CARTESIAN_POINT('',(56.1320069246858,13.4167565413037,69.2167242112394));
#10941=CARTESIAN_POINT('',(64.5214060149834,9.43277253095297,71.829172742617));
#10942=CARTESIAN_POINT('Origin',(67.1087139285564,10.7026083665967,70.9964935061293));
#10943=CARTESIAN_POINT('',(70.9245086637637,12.5753784651258,69.7684475398807));
#10944=CARTESIAN_POINT('Origin',(61.9821841300567,14.8683413857977,68.2648652968171));
#10945=CARTESIAN_POINT('',(59.3930624880437,16.1355894008671,67.4338829918536));
#10946=CARTESIAN_POINT('',(59.3930624880437,16.1355894008671,67.4338829918536));
#10947=CARTESIAN_POINT('',(61.9821841300567,14.8683413857977,68.2648652968171));
#10948=CARTESIAN_POINT('',(55.8789564722943,17.855571884865,66.3060256252976));
#10949=CARTESIAN_POINT('',(61.9821841300567,14.8683413857977,68.2648652968171));
#10950=CARTESIAN_POINT('Origin',(64.5891232662395,16.1097822263743,67.4508057292259));
#10951=CARTESIAN_POINT('',(64.5891232662395,16.1097822263743,67.4508057292259));
#10952=CARTESIAN_POINT('',(67.829189390825,17.6527221275793,66.4390418595833));
#10953=CARTESIAN_POINT('',(64.5891232662395,16.1097822263743,67.4508057292259));
#10954=CARTESIAN_POINT('Origin',(64.6069407604094,18.6184710820204,65.8057638566711));
#10955=CARTESIAN_POINT('',(64.6069407604094,18.6184710820204,65.8057638566711));
#10956=CARTESIAN_POINT('',(64.6666315073249,27.0228802623895,60.2946758695438));
#10957=CARTESIAN_POINT('',(64.6069407604094,18.6184710820204,65.8057638566711));
#10958=CARTESIAN_POINT('Origin',(62.0178191183964,19.8857190970898,64.9747815517075));
#10959=CARTESIAN_POINT('',(62.0178191183964,19.8857190970898,64.9747815517075));
#10960=CARTESIAN_POINT('',(57.2091522816405,22.2393255886224,63.4314330326698));
#10961=CARTESIAN_POINT('',(62.0178191183964,19.8857190970898,64.9747815517075));
#10962=CARTESIAN_POINT('Origin',(59.4108799822136,18.6442782565132,65.7888411192988));
#10963=CARTESIAN_POINT('',(59.4108799822136,18.6442782565132,65.7888411192988));
#10964=CARTESIAN_POINT('',(63.9544156748905,20.8079385780065,64.3700474658605));
#10965=CARTESIAN_POINT('',(59.4108799822136,18.6442782565132,65.7888411192988));
#10966=CARTESIAN_POINT('Origin',(59.3930624880437,16.1355894008671,67.4338829918536));
#10967=CARTESIAN_POINT('',(59.4616619820442,25.7943430090593,61.1002740684489));
#10968=CARTESIAN_POINT('Origin',(79.0873095899536,13.2112776143133,69.3514644912331));
#10969=CARTESIAN_POINT('',(79.1087139285564,10.7026083665967,70.9964935061292));
#10970=CARTESIAN_POINT('',(79.1087139285564,10.7026083665967,70.9964935061292));
#10971=CARTESIAN_POINT('',(79.0873095899536,13.2112776143133,69.3514644912331));
#10972=CARTESIAN_POINT('',(78.9919533004979,24.3873945396357,62.0228632287266));
#10973=CARTESIAN_POINT('',(79.0873095899536,13.2112776143133,69.3514644912331));
#10974=CARTESIAN_POINT('Origin',(76.4785973377778,14.4501110263861,68.5391147128247));
#10975=CARTESIAN_POINT('',(76.4785973377778,14.4501110263861,68.5391147128247));
#10976=CARTESIAN_POINT('',(64.8566346304669,19.9691849310198,64.9200498573272));
#10977=CARTESIAN_POINT('',(76.4785973377778,14.4501110263861,68.5391147128247));
#10978=CARTESIAN_POINT('Origin',(73.8912894242049,13.1802751907424,69.3717939493124));
#10979=CARTESIAN_POINT('',(73.8912894242049,13.1802751907424,69.3717939493124));
#10980=CARTESIAN_POINT('',(74.5379632897739,13.4976590027602,69.1636734168417));
#10981=CARTESIAN_POINT('',(73.8912894242049,13.1802751907424,69.3717939493124));
#10982=CARTESIAN_POINT('Origin',(73.9126937628077,10.6716059430258,71.0168229642085));
#10983=CARTESIAN_POINT('',(73.9126937628077,10.6716059430258,71.0168229642085));
#10984=CARTESIAN_POINT('',(73.8066353040506,23.1020574922065,62.865707194254));
#10985=CARTESIAN_POINT('',(73.9126937628077,10.6716059430258,71.0168229642085));
#10986=CARTESIAN_POINT('Origin',(76.5214060149834,9.43277253095297,71.8291727426169));
#10987=CARTESIAN_POINT('',(76.5214060149834,9.43277253095297,71.829172742617));
#10988=CARTESIAN_POINT('',(63.5950871815846,15.5712631416231,67.8039329979152));
#10989=CARTESIAN_POINT('',(76.5214060149834,9.43277253095297,71.829172742617));
#10990=CARTESIAN_POINT('Origin',(79.1087139285564,10.7026083665967,70.9964935061293));
#10991=CARTESIAN_POINT('',(78.4617338373389,10.3850742607927,71.2047125919024));
#10992=CARTESIAN_POINT('Origin',(73.9821841300567,14.8683413857977,68.2648652968171));
#10993=CARTESIAN_POINT('',(71.3930624880438,16.1355894008671,67.4338829918536));
#10994=CARTESIAN_POINT('',(71.3930624880438,16.1355894008671,67.4338829918536));
#10995=CARTESIAN_POINT('',(73.9821841300567,14.8683413857977,68.2648652968171));
#10996=CARTESIAN_POINT('',(63.4099225542011,20.0429447259412,64.8716827786902));
#10997=CARTESIAN_POINT('',(73.9821841300567,14.8683413857977,68.2648652968171));
#10998=CARTESIAN_POINT('Origin',(76.5891232662395,16.1097822263743,67.4508057292259));
#10999=CARTESIAN_POINT('',(76.5891232662395,16.1097822263743,67.4508057292259));
#11000=CARTESIAN_POINT('',(75.298434950984,15.4951483192093,67.8538443568751));
#11001=CARTESIAN_POINT('',(76.5891232662395,16.1097822263743,67.4508057292259));
#11002=CARTESIAN_POINT('Origin',(76.6069407604094,18.6184710820204,65.8057638566711));
#11003=CARTESIAN_POINT('',(76.6069407604094,18.6184710820204,65.8057638566711));
#11004=CARTESIAN_POINT('',(76.6664198652593,26.9930812296832,60.3142162188594));
#11005=CARTESIAN_POINT('',(76.6069407604094,18.6184710820204,65.8057638566711));
#11006=CARTESIAN_POINT('Origin',(74.0178191183964,19.8857190970898,64.9747815517075));
#11007=CARTESIAN_POINT('',(74.0178191183964,19.8857190970898,64.9747815517075));
#11008=CARTESIAN_POINT('',(64.7401183635472,24.4266984296987,61.9970901860624));
#11009=CARTESIAN_POINT('',(74.0178191183964,19.8857190970898,64.9747815517075));
#11010=CARTESIAN_POINT('Origin',(71.4108799822136,18.6442782565132,65.7888411192988));
#11011=CARTESIAN_POINT('',(71.4108799822136,18.6442782565132,65.7888411192988));
#11012=CARTESIAN_POINT('',(71.4236612350495,18.6503647696366,65.7848499631523));
#11013=CARTESIAN_POINT('',(71.4108799822136,18.6442782565132,65.7888411192988));
#11014=CARTESIAN_POINT('Origin',(71.3930624880438,16.1355894008671,67.4338829918536));
#11015=CARTESIAN_POINT('',(71.4614503399786,25.764543976353,61.1198144177645));
#11016=CARTESIAN_POINT('Origin',(91.0873095899536,13.2112776143133,69.3514644912331));
#11017=CARTESIAN_POINT('',(91.1087139285564,10.7026083665967,70.9964935061292));
#11018=CARTESIAN_POINT('',(91.1087139285564,10.7026083665967,70.9964935061292));
#11019=CARTESIAN_POINT('',(91.0873095899536,13.2112776143133,69.3514644912331));
#11020=CARTESIAN_POINT('',(90.9916478700239,24.4231921436494,61.9993893900291));
#11021=CARTESIAN_POINT('',(91.0873095899536,13.2112776143133,69.3514644912331));
#11022=CARTESIAN_POINT('Origin',(88.4785973377778,14.4501110263861,68.5391147128247));
#11023=CARTESIAN_POINT('',(88.4785973377778,14.4501110263861,68.5391147128247));
#11024=CARTESIAN_POINT('',(72.3197148873657,22.1236915313392,63.507258644003));
#11025=CARTESIAN_POINT('',(88.4785973377778,14.4501110263861,68.5391147128247));
#11026=CARTESIAN_POINT('Origin',(85.8912894242049,13.1802751907424,69.3717939493124));
#11027=CARTESIAN_POINT('',(85.8912894242049,13.1802751907424,69.3717939493124));
#11028=CARTESIAN_POINT('',(82.0751884633491,11.3073547984272,70.5999384688634));
#11029=CARTESIAN_POINT('',(85.8912894242049,13.1802751907424,69.3717939493124));
#11030=CARTESIAN_POINT('Origin',(85.9126937628077,10.6716059430258,71.0168229642085));
#11031=CARTESIAN_POINT('',(85.9126937628077,10.6716059430258,71.0168229642085));
#11032=CARTESIAN_POINT('',(85.8063298735766,23.1378550962202,62.8422333555565));
#11033=CARTESIAN_POINT('',(85.9126937628077,10.6716059430258,71.0168229642085));
#11034=CARTESIAN_POINT('Origin',(88.5214060149834,9.43277253095297,71.8291727426169));
#11035=CARTESIAN_POINT('',(88.5214060149834,9.43277253095297,71.829172742617));
#11036=CARTESIAN_POINT('',(71.0581674384835,17.7257697419425,66.391141784591));
#11037=CARTESIAN_POINT('',(88.5214060149834,9.43277253095297,71.829172742617));
#11038=CARTESIAN_POINT('Origin',(91.1087139285564,10.7026083665967,70.9964935061293));
#11039=CARTESIAN_POINT('',(85.9989590109141,8.19477005645965,72.640977643924));
#11040=CARTESIAN_POINT('Origin',(85.9821841300567,14.8683413857977,68.2648652968171));
#11041=CARTESIAN_POINT('',(83.3930624880438,16.1355894008671,67.4338829918536));
#11042=CARTESIAN_POINT('',(83.3930624880438,16.1355894008671,67.4338829918536));
#11043=CARTESIAN_POINT('',(85.9821841300567,14.8683413857977,68.2648652968171));
#11044=CARTESIAN_POINT('',(70.9408886361078,22.2303175670174,63.4373399320829));
#11045=CARTESIAN_POINT('',(85.9821841300567,14.8683413857977,68.2648652968171));
#11046=CARTESIAN_POINT('Origin',(88.5891232662395,16.1097822263743,67.4508057292259));
#11047=CARTESIAN_POINT('',(88.5891232662395,16.1097822263743,67.4508057292259));
#11048=CARTESIAN_POINT('',(82.7676805111429,13.3375745108394,69.2686468541668));
#11049=CARTESIAN_POINT('',(88.5891232662395,16.1097822263743,67.4508057292259));
#11050=CARTESIAN_POINT('Origin',(88.6069407604094,18.6184710820204,65.8057638566711));
#11051=CARTESIAN_POINT('',(88.6069407604094,18.6184710820204,65.8057638566711));
#11052=CARTESIAN_POINT('',(88.6662082231936,26.9632821969769,60.333756568175));
#11053=CARTESIAN_POINT('',(88.6069407604094,18.6184710820204,65.8057638566711));
#11054=CARTESIAN_POINT('Origin',(86.0178191183964,19.8857190970898,64.9747815517075));
#11055=CARTESIAN_POINT('',(86.0178191183964,19.8857190970898,64.9747815517075));
#11056=CARTESIAN_POINT('',(72.271084445454,26.6140712707749,60.562747339455));
#11057=CARTESIAN_POINT('',(86.0178191183964,19.8857190970898,64.9747815517075));
#11058=CARTESIAN_POINT('Origin',(83.4108799822136,18.6442782565132,65.7888411192988));
#11059=CARTESIAN_POINT('',(83.4108799822136,18.6442782565132,65.7888411192988));
#11060=CARTESIAN_POINT('',(78.8929067952084,16.4927909612666,67.199652460444));
#11061=CARTESIAN_POINT('',(83.4108799822136,18.6442782565132,65.7888411192988));
#11062=CARTESIAN_POINT('Origin',(83.3930624880438,16.1355894008671,67.4338829918536));
#11063=CARTESIAN_POINT('',(83.4612386979129,25.7347449436467,61.1393547670801));
#11064=CARTESIAN_POINT('Origin',(103.087309589954,13.2112776143133,69.3514644912331));
#11065=CARTESIAN_POINT('',(103.108713928556,10.7026083665967,70.9964935061292));
#11066=CARTESIAN_POINT('',(103.108713928556,10.7026083665967,70.9964935061292));
#11067=CARTESIAN_POINT('',(103.087309589954,13.2112776143133,69.3514644912331));
#11068=CARTESIAN_POINT('',(102.99134243955,24.4589897476631,61.9759155513316));
#11069=CARTESIAN_POINT('',(103.087309589954,13.2112776143133,69.3514644912331));
#11070=CARTESIAN_POINT('Origin',(100.478597337778,14.4501110263861,68.5391147128247));
#11071=CARTESIAN_POINT('',(100.478597337778,14.4501110263861,68.5391147128247));
#11072=CARTESIAN_POINT('',(79.7827951442646,24.2781981316585,62.0944674306789));
#11073=CARTESIAN_POINT('',(100.478597337778,14.4501110263861,68.5391147128247));
#11074=CARTESIAN_POINT('Origin',(97.8912894242049,13.1802751907424,69.3717939493124));
#11075=CARTESIAN_POINT('',(97.8912894242049,13.1802751907424,69.3717939493124));
#11076=CARTESIAN_POINT('',(89.6124136369242,9.11705059409413,72.036203520885));
#11077=CARTESIAN_POINT('',(97.8912894242049,13.1802751907424,69.3717939493124));
#11078=CARTESIAN_POINT('Origin',(97.9126937628077,10.6716059430258,71.0168229642085));
#11079=CARTESIAN_POINT('',(97.9126937628077,10.6716059430258,71.0168229642085));
#11080=CARTESIAN_POINT('',(97.8060244431026,23.1736527002339,62.818759516859));
#11081=CARTESIAN_POINT('',(97.9126937628077,10.6716059430258,71.0168229642085));
#11082=CARTESIAN_POINT('Origin',(100.521406014983,9.43277253095297,71.8291727426169));
#11083=CARTESIAN_POINT('',(100.521406014983,9.43277253095297,71.829172742617));
#11084=CARTESIAN_POINT('',(78.5212476953823,19.8802763422618,64.9783505712669));
#11085=CARTESIAN_POINT('',(100.521406014983,9.43277253095297,71.829172742617));
#11086=CARTESIAN_POINT('Origin',(103.108713928556,10.7026083665967,70.9964935061293));
#11087=CARTESIAN_POINT('',(93.5361841844893,6.0044658521266,74.0772426959457));
#11088=CARTESIAN_POINT('Origin',(97.9821841300567,14.8683413857977,68.2648652968171));
#11089=CARTESIAN_POINT('',(95.3930624880438,16.1355894008671,67.4338829918536));
#11090=CARTESIAN_POINT('',(95.3930624880438,16.1355894008671,67.4338829918536));
#11091=CARTESIAN_POINT('',(97.9821841300567,14.8683413857977,68.2648652968171));
#11092=CARTESIAN_POINT('',(78.4718547180145,24.4176904080936,62.0029970854755));
#11093=CARTESIAN_POINT('',(97.9821841300567,14.8683413857977,68.2648652968171));
#11094=CARTESIAN_POINT('Origin',(100.58912326624,16.1097822263743,67.4508057292259));
#11095=CARTESIAN_POINT('',(100.58912326624,16.1097822263743,67.4508057292259));
#11096=CARTESIAN_POINT('',(90.2369260713019,11.1800007024695,70.6834493514586));
#11097=CARTESIAN_POINT('',(100.58912326624,16.1097822263743,67.4508057292259));
#11098=CARTESIAN_POINT('Origin',(100.606940760409,18.6184710820204,65.8057638566711));
#11099=CARTESIAN_POINT('',(100.606940760409,18.6184710820204,65.8057638566711));
#11100=CARTESIAN_POINT('',(100.665996581128,26.9334831642706,60.3532969174906));
#11101=CARTESIAN_POINT('',(100.606940760409,18.6184710820204,65.8057638566711));
#11102=CARTESIAN_POINT('Origin',(98.0178191183964,19.8857190970898,64.9747815517075));
#11103=CARTESIAN_POINT('',(98.0178191183964,19.8857190970898,64.9747815517075));
#11104=CARTESIAN_POINT('',(79.8020505273607,28.8014441118511,59.1284044928477));
#11105=CARTESIAN_POINT('',(98.0178191183964,19.8857190970898,64.9747815517075));
#11106=CARTESIAN_POINT('Origin',(95.4108799822136,18.6442782565132,65.7888411192988));
#11107=CARTESIAN_POINT('',(95.4108799822136,18.6442782565132,65.7888411192988));
#11108=CARTESIAN_POINT('',(86.3621523553673,14.3352171528967,68.6144549577358));
#11109=CARTESIAN_POINT('',(95.4108799822136,18.6442782565132,65.7888411192988));
#11110=CARTESIAN_POINT('Origin',(95.3930624880438,16.1355894008671,67.4338829918536));
#11111=CARTESIAN_POINT('',(95.4610270558472,25.7049459109404,61.1588951163957));
#11112=CARTESIAN_POINT('Origin',(109.982184130057,14.8683413857977,68.2648652968171));
#11113=CARTESIAN_POINT('',(107.393062488044,16.1355894008671,67.4338829918536));
#11114=CARTESIAN_POINT('',(107.393062488044,16.1355894008671,67.4338829918536));
#11115=CARTESIAN_POINT('',(109.982184130057,14.8683413857977,68.2648652968171));
#11116=CARTESIAN_POINT('',(86.0028207999212,26.6050632491698,60.5686542388682));
#11117=CARTESIAN_POINT('',(109.982184130057,14.8683413857977,68.2648652968171));
#11118=CARTESIAN_POINT('Origin',(112.58912326624,16.1097822263743,67.4508057292259));
#11119=CARTESIAN_POINT('',(112.58912326624,16.1097822263743,67.4508057292259));
#11120=CARTESIAN_POINT('',(97.7061716314608,9.02242689409955,72.0982518487503));
#11121=CARTESIAN_POINT('',(112.58912326624,16.1097822263743,67.4508057292259));
#11122=CARTESIAN_POINT('Origin',(112.606940760409,18.6184710820204,65.8057638566711));
#11123=CARTESIAN_POINT('',(112.606940760409,18.6184710820204,65.8057638566711));
#11124=CARTESIAN_POINT('',(112.665784939062,26.9036841315643,60.3728372668062));
#11125=CARTESIAN_POINT('',(112.606940760409,18.6184710820204,65.8057638566711));
#11126=CARTESIAN_POINT('Origin',(110.017819118396,19.8857190970898,64.9747815517075));
#11127=CARTESIAN_POINT('',(110.017819118396,19.8857190970898,64.9747815517075));
#11128=CARTESIAN_POINT('',(87.3330166092674,30.9888169529273,57.6940616462403));
#11129=CARTESIAN_POINT('',(110.017819118396,19.8857190970898,64.9747815517075));
#11130=CARTESIAN_POINT('Origin',(107.410879982214,18.6442782565132,65.7888411192988));
#11131=CARTESIAN_POINT('',(107.410879982214,18.6442782565132,65.7888411192988));
#11132=CARTESIAN_POINT('',(93.8313979155263,12.1776433445268,70.0292574550276));
#11133=CARTESIAN_POINT('',(107.410879982214,18.6442782565132,65.7888411192988));
#11134=CARTESIAN_POINT('Origin',(107.393062488044,16.1355894008671,67.4338829918536));
#11135=CARTESIAN_POINT('',(107.460815413782,25.6751468782341,61.1784354657113));
#11136=CARTESIAN_POINT('Origin',(115.087309589954,13.2112776143133,69.3514644912331));
#11137=CARTESIAN_POINT('',(115.108713928556,10.7026083665967,70.9964935061292));
#11138=CARTESIAN_POINT('',(115.108713928556,10.7026083665967,70.9964935061292));
#11139=CARTESIAN_POINT('',(115.087309589954,13.2112776143133,69.3514644912331));
#11140=CARTESIAN_POINT('',(114.991037009076,24.4947873516767,61.9524417126341));
#11141=CARTESIAN_POINT('',(115.087309589954,13.2112776143133,69.3514644912331));
#11142=CARTESIAN_POINT('Origin',(112.478597337778,14.4501110263861,68.5391147128247));
#11143=CARTESIAN_POINT('',(112.478597337778,14.4501110263861,68.5391147128247));
#11144=CARTESIAN_POINT('',(87.2458754011634,26.4327047319779,60.6816762173547));
#11145=CARTESIAN_POINT('',(112.478597337778,14.4501110263861,68.5391147128247));
#11146=CARTESIAN_POINT('Origin',(109.891289424205,13.1802751907424,69.3717939493124));
#11147=CARTESIAN_POINT('',(109.891289424205,13.1802751907424,69.3717939493124));
#11148=CARTESIAN_POINT('',(97.1496388104994,6.92674638976108,73.4724685729067));
#11149=CARTESIAN_POINT('',(109.891289424205,13.1802751907424,69.3717939493124));
#11150=CARTESIAN_POINT('Origin',(109.912693762808,10.6716059430258,71.0168229642085));
#11151=CARTESIAN_POINT('',(109.912693762808,10.6716059430258,71.0168229642085));
#11152=CARTESIAN_POINT('',(109.805719012629,23.2094503042475,62.7952856781615));
#11153=CARTESIAN_POINT('',(109.912693762808,10.6716059430258,71.0168229642085));
#11154=CARTESIAN_POINT('Origin',(112.521406014983,9.43277253095297,71.8291727426169));
#11155=CARTESIAN_POINT('',(112.521406014983,9.43277253095297,71.829172742617));
#11156=CARTESIAN_POINT('',(85.9843279522811,22.0347829425812,63.5655593579427));
#11157=CARTESIAN_POINT('',(112.521406014983,9.43277253095297,71.829172742617));
#11158=CARTESIAN_POINT('Origin',(115.108713928556,10.7026083665967,70.9964935061293));
#11159=CARTESIAN_POINT('',(101.073409358064,3.81416164779354,75.5135077479674));
#11160=CARTESIAN_POINT('Origin',(56.715,30.7044910623935,53.0972140400758));
#11161=CARTESIAN_POINT('',(57.5265,29.3335986568429,51.0066031216111));
#11162=CARTESIAN_POINT('Origin',(56.715,29.3335986568429,51.0066031216111));
#11163=CARTESIAN_POINT('',(57.5265,32.0753834679441,55.1878249585405));
#11164=CARTESIAN_POINT('',(57.5265,30.7044910623935,53.0972140400758));
#11165=CARTESIAN_POINT('Origin',(56.715,32.0753834679441,55.1878249585405));
#11166=CARTESIAN_POINT('Origin',(56.715,32.0753834679441,55.1878249585405));
#11167=CARTESIAN_POINT('Origin',(45.285,30.7044910623935,53.0972140400758));
#11168=CARTESIAN_POINT('',(46.0965,29.3335986568429,51.0066031216111));
#11169=CARTESIAN_POINT('Origin',(45.285,29.3335986568429,51.0066031216111));
#11170=CARTESIAN_POINT('',(46.0965,32.0753834679441,55.1878249585405));
#11171=CARTESIAN_POINT('',(46.0965,30.7044910623935,53.0972140400758));
#11172=CARTESIAN_POINT('Origin',(45.285,32.0753834679441,55.1878249585405));
#11173=CARTESIAN_POINT('Origin',(45.285,32.0753834679441,55.1878249585405));
#11174=CARTESIAN_POINT('Ctrl Pts',(57.985,31.8012049868339,54.7697027748475));
#11175=CARTESIAN_POINT('Ctrl Pts',(57.985,30.7396675122803,55.4657929220958));
#11176=CARTESIAN_POINT('Ctrl Pts',(56.715,30.7396675122803,55.4657929220958));
#11177=CARTESIAN_POINT('Ctrl Pts',(55.445,30.7396675122803,55.4657929220958));
#11178=CARTESIAN_POINT('Ctrl Pts',(55.445,31.8012049868339,54.7697027748475));
#11179=CARTESIAN_POINT('Ctrl Pts',(55.445,32.8627424613876,54.0736126275993));
#11180=CARTESIAN_POINT('Ctrl Pts',(56.715,32.8627424613876,54.0736126275993));
#11181=CARTESIAN_POINT('Ctrl Pts',(57.985,32.8627424613876,54.0736126275993));
#11182=CARTESIAN_POINT('Ctrl Pts',(57.985,31.8012049868339,54.7697027748475));
#11183=CARTESIAN_POINT('Ctrl Pts',(57.985,29.3335986568429,51.0066031216111));
#11184=CARTESIAN_POINT('Ctrl Pts',(57.985,28.2720611822892,51.7026932688594));
#11185=CARTESIAN_POINT('Ctrl Pts',(56.715,28.2720611822892,51.7026932688594));
#11186=CARTESIAN_POINT('Ctrl Pts',(55.445,28.2720611822892,51.7026932688594));
#11187=CARTESIAN_POINT('Ctrl Pts',(55.445,29.3335986568429,51.0066031216111));
#11188=CARTESIAN_POINT('Ctrl Pts',(55.445,30.3951361313965,50.3105129743629));
#11189=CARTESIAN_POINT('Ctrl Pts',(56.715,30.3951361313965,50.3105129743629));
#11190=CARTESIAN_POINT('Ctrl Pts',(57.985,30.3951361313965,50.3105129743629));
#11191=CARTESIAN_POINT('Ctrl Pts',(57.985,29.3335986568429,51.0066031216111));
#11192=CARTESIAN_POINT('',(57.985,29.3335986568429,51.0066031216111));
#11193=CARTESIAN_POINT('Origin',(56.715,29.3335986568429,51.0066031216111));
#11194=CARTESIAN_POINT('',(57.985,31.8012049868339,54.7697027748475));
#11195=CARTESIAN_POINT('Origin',(56.715,29.3335986568429,51.0066031216111));
#11196=CARTESIAN_POINT('Ctrl Pts',(44.015,31.8012049868339,54.7697027748475));
#11197=CARTESIAN_POINT('Ctrl Pts',(44.015,32.8627424613876,54.0736126275993));
#11198=CARTESIAN_POINT('Ctrl Pts',(45.285,32.8627424613876,54.0736126275993));
#11199=CARTESIAN_POINT('Ctrl Pts',(46.555,32.8627424613876,54.0736126275993));
#11200=CARTESIAN_POINT('Ctrl Pts',(46.555,31.8012049868339,54.7697027748475));
#11201=CARTESIAN_POINT('Ctrl Pts',(46.555,30.7396675122803,55.4657929220958));
#11202=CARTESIAN_POINT('Ctrl Pts',(45.285,30.7396675122803,55.4657929220958));
#11203=CARTESIAN_POINT('Ctrl Pts',(44.015,30.7396675122803,55.4657929220958));
#11204=CARTESIAN_POINT('Ctrl Pts',(44.015,31.8012049868339,54.7697027748475));
#11205=CARTESIAN_POINT('Ctrl Pts',(44.015,29.3335986568429,51.0066031216111));
#11206=CARTESIAN_POINT('Ctrl Pts',(44.015,30.3951361313965,50.3105129743629));
#11207=CARTESIAN_POINT('Ctrl Pts',(45.285,30.3951361313965,50.3105129743629));
#11208=CARTESIAN_POINT('Ctrl Pts',(46.555,30.3951361313965,50.3105129743629));
#11209=CARTESIAN_POINT('Ctrl Pts',(46.555,29.3335986568429,51.0066031216111));
#11210=CARTESIAN_POINT('Ctrl Pts',(46.555,28.2720611822892,51.7026932688594));
#11211=CARTESIAN_POINT('Ctrl Pts',(45.285,28.2720611822892,51.7026932688594));
#11212=CARTESIAN_POINT('Ctrl Pts',(44.015,28.2720611822892,51.7026932688594));
#11213=CARTESIAN_POINT('Ctrl Pts',(44.015,29.3335986568429,51.0066031216111));
#11214=CARTESIAN_POINT('',(44.015,29.3335986568429,51.0066031216111));
#11215=CARTESIAN_POINT('Origin',(45.285,29.3335986568429,51.0066031216111));
#11216=CARTESIAN_POINT('',(44.015,31.8012049868339,54.7697027748475));
#11217=CARTESIAN_POINT('Origin',(45.285,29.3335986568429,51.0066031216111));
#11218=CARTESIAN_POINT('Origin',(53.0000007897615,31.4504136287242,57.3913753014555));
#11219=CARTESIAN_POINT('',(53.0000007897615,24.9032296662962,61.6846106866542));
#11220=CARTESIAN_POINT('',(53.0000007897615,24.9032296662962,61.6846106866542));
#11221=CARTESIAN_POINT('',(53.0000007897615,31.4504136287242,57.3913753014555));
#11222=CARTESIAN_POINT('',(53.0000007897615,33.4505886023705,56.0797851548022));
#11223=CARTESIAN_POINT('',(53.0000007897615,31.4504136287242,57.3913753014555));
#11224=CARTESIAN_POINT('Origin',(49.0956557624464,31.4504136287242,57.3913753014555));
#11225=CARTESIAN_POINT('',(49.0956557624464,31.4504136287242,57.3913753014555));
#11226=CARTESIAN_POINT('',(54.5478278812232,31.4504136287242,57.3913753014555));
#11227=CARTESIAN_POINT('',(49.0956557624464,31.4504136287242,57.3913753014555));
#11228=CARTESIAN_POINT('Origin',(49.0956557624464,24.9032296662962,61.6846106866542));
#11229=CARTESIAN_POINT('',(49.0956557624464,24.9032296662962,61.6846106866542));
#11230=CARTESIAN_POINT('',(49.0956557624464,30.1769966211564,58.2264028474015));
#11231=CARTESIAN_POINT('',(49.0956557624464,24.9032296662962,61.6846106866542));
#11232=CARTESIAN_POINT('Origin',(53.0000007897615,24.9032296662962,61.6846106866542));
#11233=CARTESIAN_POINT('',(56.5000003948808,24.9032296662962,61.6846106866542));
#11234=CARTESIAN_POINT('Origin',(17.0000002533197,62.4999986030161,34.6393463052199));
#11235=CARTESIAN_POINT('',(17.0000002533197,62.4999986030161,32.));
#11236=CARTESIAN_POINT('',(17.0000002533197,62.4999986030161,33.3196731526099));
#11237=CARTESIAN_POINT('',(17.0000002533197,62.4999986030161,34.6393463052199));
#11238=CARTESIAN_POINT('Origin',(28.5697316912681,62.4999986030161,31.000000461936));
#11239=CARTESIAN_POINT('',(28.5697316912681,62.4999986030161,32.));
#11240=CARTESIAN_POINT('',(28.5697316912681,62.4999986030161,31.000000461936));
#11241=CARTESIAN_POINT('',(28.5697316912681,62.4999986030161,31.500000230968));
#11242=CARTESIAN_POINT('Origin',(22.7848659722939,62.4999986030161,32.8196733835779));
#11243=CARTESIAN_POINT('',(116.999997384846,62.4999986030161,32.));
#11244=CARTESIAN_POINT('Origin',(2.5,62.4999986030161,32.));
#11245=CARTESIAN_POINT('',(2.5,62.4999986030161,32.));
#11246=CARTESIAN_POINT('',(2.5,62.4999986030161,32.));
#11247=CARTESIAN_POINT('',(116.999997384846,62.4999986030161,32.));
#11248=CARTESIAN_POINT('Origin',(2.5,62.4999986030161,32.));
#11249=CARTESIAN_POINT('',(116.999997384846,62.4999986030161,32.));
#11250=CARTESIAN_POINT('Origin',(47.0000007003546,62.4999986030161,34.6393463052199));
#11251=CARTESIAN_POINT('',(47.0000007003546,62.4999986030161,32.));
#11252=CARTESIAN_POINT('',(47.0000007003546,62.4999986030161,33.3196731526099));
#11253=CARTESIAN_POINT('',(47.0000007003546,62.4999986030161,34.6393463052199));
#11254=CARTESIAN_POINT('Origin',(113.952909729708,62.4999986030161,31.000000461936));
#11255=CARTESIAN_POINT('',(113.952909729708,62.4999986030161,32.));
#11256=CARTESIAN_POINT('',(113.952909729708,62.4999986030161,31.000000461936));
#11257=CARTESIAN_POINT('',(113.952909729708,62.4999986030161,31.500000230968));
#11258=CARTESIAN_POINT('Origin',(80.4764552150313,62.4999986030161,32.8196733835779));
#11259=CARTESIAN_POINT('',(116.999997384846,62.4999986030161,32.));
#11260=CARTESIAN_POINT('Origin',(33.5,62.4999986030161,32.));
#11261=CARTESIAN_POINT('',(33.5,62.4999986030161,32.));
#11262=CARTESIAN_POINT('',(33.5,62.4999986030161,32.));
#11263=CARTESIAN_POINT('',(116.999997384846,62.4999986030161,32.));
#11264=CARTESIAN_POINT('Origin',(33.5,62.4999986030161,32.));
#11265=CARTESIAN_POINT('',(116.999997384846,62.4999986030161,32.));
#11266=CARTESIAN_POINT('',(116.999997384846,62.4999986030161,32.));
#11267=CARTESIAN_POINT('',(116.999997384846,62.4999986030161,32.));
#11268=CARTESIAN_POINT('Origin',(116.,61.,32.));
#11269=CARTESIAN_POINT('',(117.5,64.7080992435478,32.));
#11270=CARTESIAN_POINT('',(117.5,64.7080992435478,32.));
#11271=CARTESIAN_POINT('',(116.,65.,32.));
#11272=CARTESIAN_POINT('Origin',(116.,61.,32.));
#11273=CARTESIAN_POINT('',(116.,65.,35.3916465334058));
#11274=CARTESIAN_POINT('',(116.,65.,32.));
#11275=CARTESIAN_POINT('',(120.,61.,38.0145973530779));
#11276=CARTESIAN_POINT('Origin',(116.,61.,38.0145973530779));
#11277=CARTESIAN_POINT('',(120.,61.,32.));
#11278=CARTESIAN_POINT('Origin',(117.5,62.4999989910687,32.));
#11279=CARTESIAN_POINT('',(117.5,62.4999989910687,32.));
#11280=CARTESIAN_POINT('',(117.5,62.4999989910687,32.));
#11281=CARTESIAN_POINT('',(117.5,49.1749998690635,32.));
#11282=CARTESIAN_POINT('Origin',(116.999997384846,62.4999986030161,32.));
#11283=CARTESIAN_POINT('',(116.999997384846,62.4999986030161,32.));
#11284=CARTESIAN_POINT('Origin',(33.5,65.,32.));
#11285=CARTESIAN_POINT('',(33.5,65.,32.));
#11286=CARTESIAN_POINT('',(33.5,65.,32.));
#11287=CARTESIAN_POINT('',(33.5,49.6249999152496,32.));
#11288=CARTESIAN_POINT('Origin',(60.0000008940697,63.7499993015081,32.));
#11289=CARTESIAN_POINT('',(120.,65.,32.));
#11290=CARTESIAN_POINT('Origin',(2.5,64.7080992435478,32.));
#11291=CARTESIAN_POINT('',(2.5,64.7080992435478,32.));
#11292=CARTESIAN_POINT('',(2.5,64.7080992435478,32.));
#11293=CARTESIAN_POINT('',(2.5,49.1249999077991,32.));
#11294=CARTESIAN_POINT('Origin',(4.,61.,32.));
#11295=CARTESIAN_POINT('',(4.,65.,32.));
#11296=CARTESIAN_POINT('',(4.,65.,35.3916465334058));
#11297=CARTESIAN_POINT('',(4.,65.,32.));
#11298=CARTESIAN_POINT('Origin',(4.,61.,32.));
#11299=CARTESIAN_POINT('Origin',(4.,61.,38.0145973530779));
#11300=CARTESIAN_POINT('Origin',(29.5,65.,32.));
#11301=CARTESIAN_POINT('',(120.,65.,32.));
#11302=CARTESIAN_POINT('',(44.75,65.,35.3916465334058));
#11303=CARTESIAN_POINT('Origin',(60.0000008940697,63.7499993015081,32.));
#11304=CARTESIAN_POINT('Origin',(116.,4.,73.2869758320957));
#11305=CARTESIAN_POINT('',(120.,4.,74.5413423831745));
#11306=CARTESIAN_POINT('',(116.,0.,74.5413423831745));
#11307=CARTESIAN_POINT('Origin',(116.,4.,74.5413423831745));
#11308=CARTESIAN_POINT('',(116.,0.,72.87));
#11309=CARTESIAN_POINT('',(116.,0.,73.2869758320957));
#11310=CARTESIAN_POINT('',(116.,0.,72.8688536484028));
#11311=CARTESIAN_POINT('',(116.,0.,0.));
#11312=CARTESIAN_POINT('',(120.,4.,72.8688536484028));
#11313=CARTESIAN_POINT('Origin',(116.,4.,72.8688536484028));
#11314=CARTESIAN_POINT('',(120.,4.,73.2869758320957));
#11315=CARTESIAN_POINT('Origin',(120.,0.,72.8688536484028));
#11316=CARTESIAN_POINT('',(116.,0.,72.8688536484028));
#11317=CARTESIAN_POINT('',(120.,0.,72.8688536484028));
#11318=CARTESIAN_POINT('Origin',(61.25,0.,73.7050980157886));
#11319=CARTESIAN_POINT('',(4.,0.,74.5413423831745));
#11320=CARTESIAN_POINT('',(120.,0.,74.5413423831745));
#11321=CARTESIAN_POINT('',(4.,0.,72.8688536484028));
#11322=CARTESIAN_POINT('',(4.,0.,54.6640249811653));
#11323=CARTESIAN_POINT('',(4.00097780126178,0.,72.8688536484028));
#11324=CARTESIAN_POINT('',(2.5,0.,72.8688536484028));
#11325=CARTESIAN_POINT('',(4.00097780126178,0.,72.87));
#11326=CARTESIAN_POINT('',(4.00097780126178,0.,72.87));
#11327=CARTESIAN_POINT('',(116.,0.,72.87));
#11328=CARTESIAN_POINT('Origin',(4.,4.,54.6640249811653));
#11329=CARTESIAN_POINT('Origin',(4.,4.,74.5413423831745));
#11330=CARTESIAN_POINT('Origin',(4.,4.,72.8688536484028));
#11331=CARTESIAN_POINT('Origin',(4.00097780126178,0.,72.8688536484028));
#11332=CARTESIAN_POINT('',(4.00097780126178,0.,72.8688536484028));
#11333=CARTESIAN_POINT('Origin',(-8.99118835135622E-32,4.00000005960464,
73.0000010877848));
#11334=CARTESIAN_POINT('',(0.000977801261774491,5.01071566313892,74.5413423831745));
#11335=CARTESIAN_POINT('',(1.2499999999673,5.01071566315248,74.5413423831745));
#11336=CARTESIAN_POINT('',(0.000977801261772271,5.09671398404514,74.6724898225565));
#11337=CARTESIAN_POINT('',(0.000977801261774491,4.00000005960465,73.0000010877848));
#11338=CARTESIAN_POINT('',(-8.99118835135622E-32,5.09671398404513,74.6724898225565));
#11339=CARTESIAN_POINT('Origin',(0.000977801261774491,4.00000005960465,
73.0000010877848));
#11340=CARTESIAN_POINT('',(0.000977801261772271,5.29671382707501,74.5413423845041));
#11341=CARTESIAN_POINT('',(0.000977801261774491,2.00000002980233,74.5413423831745));
#11342=CARTESIAN_POINT('',(0.000977801261774491,5.09671398404514,74.6724898225565));
#11343=CARTESIAN_POINT('Origin',(4.00097780126178,0.,72.87));
#11344=CARTESIAN_POINT('',(4.00097780126178,4.20075161062759,72.87));
#11345=CARTESIAN_POINT('',(4.00097780126178,3.56880250289916,71.9062776107141));
#11346=CARTESIAN_POINT('',(4.00097780126178,0.,72.87));
#11347=CARTESIAN_POINT('Origin',(116.,0.,72.87));
#11348=CARTESIAN_POINT('',(116.,4.20075161062758,72.87));
#11349=CARTESIAN_POINT('',(59.25,4.20075161062759,72.87));
#11350=CARTESIAN_POINT('',(116.,0.,72.87));
#11351=CARTESIAN_POINT('Origin',(116.,0.,72.8688536484028));
#11352=CARTESIAN_POINT('',(116.,3.56853966716365,71.9058767862175));
#11353=CARTESIAN_POINT('Origin',(2.5,0.,72.8688536484028));
#11354=CARTESIAN_POINT('',(2.5,5.29671382910269,74.5413423831745));
#11355=CARTESIAN_POINT('',(2.5,5.3,74.5391875170123));
#11356=CARTESIAN_POINT('',(2.5,18.9051989877271,65.617745557847));
#11357=CARTESIAN_POINT('',(2.5,5.3,74.5413423831745));
#11358=CARTESIAN_POINT('',(2.5,0.,74.5413423831745));
#11359=CARTESIAN_POINT('',(2.5,5.3,74.5413423831745));
#11360=CARTESIAN_POINT('Origin',(2.5,0.,74.5413423831745));
#11361=CARTESIAN_POINT('',(120.,5.3,74.5413423831745));
#11362=CARTESIAN_POINT('',(120.,0.,74.5413423831745));
#11363=CARTESIAN_POINT('',(120.,5.3,74.5413423831745));
#11364=CARTESIAN_POINT('',(0.000977801261772271,5.29671382707502,74.5413423845041));
#11365=CARTESIAN_POINT('Origin',(61.25,5.3,73.7050980157886));
#11366=CARTESIAN_POINT('',(120.,5.3,74.5391875170123));
#11367=CARTESIAN_POINT('',(60.625,5.3,74.5391875170123));
#11368=CARTESIAN_POINT('',(120.,5.3,72.8688536484028));
#11369=CARTESIAN_POINT('Origin',(60.,35.4507635760167,54.7681950081489));
#11370=CARTESIAN_POINT('',(120.,5.29671382910268,74.5413423831745));
#11371=CARTESIAN_POINT('Origin',(120.,4.19999990466219,72.8688536484028));
#11372=CARTESIAN_POINT('Origin',(2.5,4.1999999046622,72.8688536484028));
#11373=UNCERTAINTY_MEASURE_WITH_UNIT(LENGTH_MEASURE(0.01),#11377,
'DISTANCE_ACCURACY_VALUE',
'Maximum model space distance between geometric entities at asserted c
onnectivities');
#11374=UNCERTAINTY_MEASURE_WITH_UNIT(LENGTH_MEASURE(0.01),#11377,
'DISTANCE_ACCURACY_VALUE',
'Maximum model space distance between geometric entities at asserted c
onnectivities');
#11375=(
GEOMETRIC_REPRESENTATION_CONTEXT(3)
GLOBAL_UNCERTAINTY_ASSIGNED_CONTEXT((#11373))
GLOBAL_UNIT_ASSIGNED_CONTEXT((#11377,#11379,#11380))
REPRESENTATION_CONTEXT('','3D')
);
#11376=(
GEOMETRIC_REPRESENTATION_CONTEXT(3)
GLOBAL_UNCERTAINTY_ASSIGNED_CONTEXT((#11374))
GLOBAL_UNIT_ASSIGNED_CONTEXT((#11377,#11379,#11380))
REPRESENTATION_CONTEXT('','3D')
);
#11377=(
LENGTH_UNIT()
NAMED_UNIT(*)
SI_UNIT(.MILLI.,.METRE.)
);
#11378=(
LENGTH_UNIT()
NAMED_UNIT(*)
SI_UNIT($,.METRE.)
);
#11379=(
NAMED_UNIT(*)
PLANE_ANGLE_UNIT()
SI_UNIT($,.RADIAN.)
);
#11380=(
NAMED_UNIT(*)
SI_UNIT($,.STERADIAN.)
SOLID_ANGLE_UNIT()
);
#11381=SHAPE_DEFINITION_REPRESENTATION(#11382,#11383);
#11382=PRODUCT_DEFINITION_SHAPE('',$,#11385);
#11383=SHAPE_REPRESENTATION('',(#7264),#11375);
#11384=PRODUCT_DEFINITION_CONTEXT('part definition',#11389,'design');
#11385=PRODUCT_DEFINITION('Deckel','Deckel v1',#11386,#11384);
#11386=PRODUCT_DEFINITION_FORMATION('',$,#11391);
#11387=PRODUCT_RELATED_PRODUCT_CATEGORY('Deckel v1','Deckel v1',(#11391));
#11388=APPLICATION_PROTOCOL_DEFINITION('international standard',
'automotive_design',2009,#11389);
#11389=APPLICATION_CONTEXT(
'Core Data for Automotive Mechanical Design Process');
#11390=PRODUCT_CONTEXT('part definition',#11389,'mechanical');
#11391=PRODUCT('Deckel','Deckel v1',$,(#11390));
#11392=PRESENTATION_STYLE_ASSIGNMENT((#11393));
#11393=SURFACE_STYLE_USAGE(.BOTH.,#11394);
#11394=SURFACE_SIDE_STYLE('',(#11395));
#11395=SURFACE_STYLE_FILL_AREA(#11396);
#11396=FILL_AREA_STYLE('Stahl - satiniert',(#11397));
#11397=FILL_AREA_STYLE_COLOUR('Stahl - satiniert',#11398);
#11398=COLOUR_RGB('Stahl - satiniert',0.627450980392157,0.627450980392157,
0.627450980392157);
ENDSEC;
END-ISO-10303-21;
